from_node_id,to_node_id,distance_km,travel_time_min
0,1,11.735,26.99
0,2,3.938,10.24
0,3,10.803,24.85
0,4,6.95,15.98
0,5,10.157,26.41
0,6,9.079,26.33
0,7,7.772,20.21
0,8,13.082,30.09
0,9,11.512,33.39
0,10,9.223,23.98
0,11,9.239,26.79
0,12,12.049,31.33
0,13,8.083,18.59
0,14,6.449,16.77
0,15,8.839,25.63
0,16,12.464,28.67
0,17,9.648,22.19
0,18,8.301,21.58
0,19,8.424,19.38
0,20,10.951,25.19
0,21,9.991,28.97
0,22,9.623,22.13
0,23,5.766,14.99
0,24,8.087,23.45
0,25,8.563,24.83
0,26,8.634,22.45
0,27,10.875,28.27
0,28,9.696,28.12
0,29,9.704,28.14
0,30,6.659,17.31
0,31,7.48,19.45
0,32,7.157,18.61
0,33,8.206,18.87
0,34,11.68,26.87
0,35,10.508,24.17
0,36,7.257,16.69
0,37,9.686,28.09
0,38,8.4,24.36
0,39,9.856,25.62
0,40,11.443,33.18
0,41,8.816,22.92
0,42,7.647,19.88
0,43,12.096,35.08
0,44,8.124,23.56
0,45,7.477,19.44
0,46,9.1,26.39
0,47,7.543,17.35
0,48,9.964,28.89
0,49,6.902,17.94
0,50,7.863,18.08
0,51,12.143,27.93
0,52,9.085,26.35
0,53,5.704,14.83
0,54,10.705,31.04
0,55,8.828,22.95
0,56,11.629,26.75
0,57,8.331,24.16
0,58,9.139,21.02
0,59,8.616,24.99
0,60,9.176,26.61
0,61,16.177,37.21
0,62,7.876,22.84
0,63,8.578,19.73
0,64,12.094,27.82
0,65,10.689,27.79
0,66,11.728,30.49
0,67,5.781,16.76
0,68,6.117,15.9
0,69,8.506,19.56
0,70,8.48,22.05
0,71,8.224,18.91
0,72,6.843,17.79
0,73,8.102,23.5
0,74,7.67,22.24
0,75,9.518,27.6
0,76,4.808,12.5
0,77,12.767,33.2
0,78,7.999,18.4
0,79,9.183,21.12
0,80,8.198,21.31
0,81,13.843,35.99
0,82,6.09,14.01
0,83,7.673,17.65
0,84,12.831,37.21
0,85,6.148,15.98
0,86,7.876,20.48
0,87,11.5,26.45
0,88,7.816,20.32
0,89,5.612,12.91
0,90,8.671,22.54
0,91,7.2,18.72
0,92,10.914,28.38
0,93,6.007,17.42
0,94,6.958,16.0
0,95,7.557,21.92
0,96,7.924,20.6
0,97,6.797,15.63
0,98,12.685,29.18
0,99,5.884,15.3
0,100,10.348,26.91
0,101,8.168,21.24
0,102,8.158,21.21
0,103,9.094,26.37
0,104,10.042,26.11
0,105,10.089,29.26
0,106,8.185,18.83
0,107,6.669,15.34
0,108,8.624,22.42
0,109,10.101,23.23
0,110,7.813,20.31
0,111,9.654,25.1
0,112,5.969,13.73
0,113,9.606,27.86
0,114,10.152,23.35
0,115,8.261,19.0
0,116,6.693,19.41
0,117,7.934,20.63
0,118,9.164,21.08
0,119,8.777,22.82
0,120,10.294,23.68
0,121,6.673,17.35
0,122,8.723,25.3
0,123,4.758,13.8
0,124,8.181,23.73
0,125,12.736,29.29
0,126,5.322,15.43
0,127,7.145,20.72
0,128,6.298,18.27
0,129,10.709,24.63
0,130,11.368,29.56
0,131,9.129,21.0
0,132,12.274,31.91
0,133,10.247,29.72
0,134,13.364,34.75
0,135,4.705,12.23
0,136,10.589,30.71
0,137,10.956,31.77
0,138,6.835,19.82
0,139,13.022,29.95
0,140,8.07,18.56
0,141,9.086,23.62
0,142,10.657,30.9
0,143,10.552,24.27
0,144,7.385,19.2
0,145,8.957,23.29
0,146,9.628,22.14
0,147,8.105,21.07
0,148,10.842,31.44
0,149,8.693,22.6
0,150,8.112,18.66
0,151,11.126,25.59
0,152,9.446,27.39
0,153,7.335,19.07
0,154,9.641,27.96
0,155,7.533,21.85
0,156,6.868,19.92
0,157,9.771,22.47
0,158,6.3,14.49
0,159,10.084,29.24
0,160,7.444,17.12
0,161,12.39,32.21
0,162,12.225,31.78
0,163,9.636,27.94
0,164,7.84,22.74
0,165,10.285,29.83
0,166,6.101,14.03
0,167,7.927,22.99
0,168,11.213,29.15
0,169,5.109,14.82
0,170,11.751,34.08
0,171,8.088,21.03
0,172,9.489,27.52
0,173,14.156,41.05
0,174,6.761,17.58
0,175,14.366,33.04
0,176,11.228,32.56
0,177,8.609,24.97
0,178,7.716,17.75
0,179,12.972,29.83
0,180,8.726,20.07
0,181,6.775,17.62
0,182,7.879,18.12
0,183,6.789,19.69
0,184,6.934,18.03
0,185,8.06,20.96
0,186,11.08,32.13
0,187,13.056,33.95
0,188,7.629,22.12
0,189,10.284,26.74
0,190,9.425,24.5
0,191,10.843,28.19
0,192,6.62,17.21
0,193,5.85,15.21
0,194,9.642,22.18
0,195,5.874,13.51
0,196,12.16,31.62
0,197,12.388,35.92
0,198,5.528,16.03
0,199,8.624,22.42
0,200,12.299,28.29
1,0,11.735,26.99
1,2,15.63,35.95
1,3,4.049,8.1
1,4,4.819,9.64
1,5,21.666,49.83
1,6,12.414,32.28
1,7,12.592,28.96
1,8,24.78,49.56
1,9,17.594,45.74
1,10,17.255,39.69
1,11,14.798,38.47
1,12,3.652,8.4
1,13,12.691,25.38
1,14,18.131,41.7
1,15,14.656,38.1
1,16,5.078,10.16
1,17,12.912,25.82
1,18,20.035,46.08
1,19,3.518,7.04
1,20,12.13,24.26
1,21,13.044,33.91
1,22,4.398,8.8
1,23,11.683,26.87
1,24,19.276,50.12
1,25,12.555,32.64
1,26,9.208,21.18
1,27,12.49,28.73
1,28,13.636,35.45
1,29,9.608,24.98
1,30,18.237,41.95
1,31,19.004,43.71
1,32,13.771,31.67
1,33,16.45,32.9
1,34,17.319,34.64
1,35,5.342,10.68
1,36,18.934,37.87
1,37,3.094,8.04
1,38,3.336,8.67
1,39,21.427,49.28
1,40,21.098,54.86
1,41,20.474,47.09
1,42,19.381,44.58
1,43,18.578,48.3
1,44,4.838,12.58
1,45,14.367,33.04
1,46,20.807,54.1
1,47,19.248,38.5
1,48,21.575,56.1
1,49,15.986,36.77
1,50,10.677,21.35
1,51,14.74,29.48
1,52,10.268,26.7
1,53,12.512,28.78
1,54,15.014,39.04
1,55,20.562,47.29
1,56,3.461,6.92
1,57,19.887,51.71
1,58,3.335,6.67
1,59,3.162,8.22
1,60,20.867,54.25
1,61,4.639,9.28
1,62,4.191,10.9
1,63,3.929,7.86
1,64,23.826,47.65
1,65,17.632,40.55
1,66,14.127,32.49
1,67,6.953,18.08
1,68,9.895,22.76
1,69,20.124,40.25
1,70,19.862,45.68
1,71,15.492,30.98
1,72,18.286,42.06
1,73,5.273,13.71
1,74,11.801,30.68
1,75,21.176,55.06
1,76,15.094,34.72
1,77,13.933,32.05
1,78,15.274,30.55
1,79,20.9,41.8
1,80,7.86,18.08
1,81,16.927,38.93
1,82,17.825,35.65
1,83,12.308,24.62
1,84,16.138,41.96
1,85,10.83,24.91
1,86,19.333,44.47
1,87,16.097,32.19
1,88,11.761,27.05
1,89,16.893,33.79
1,90,3.064,7.05
1,91,18.92,43.52
1,92,17.446,40.13
1,93,10.571,27.48
1,94,18.303,36.61
1,95,18.021,46.85
1,96,19.21,44.18
1,97,18.517,37.03
1,98,24.412,48.82
1,99,15.088,34.7
1,100,17.703,40.72
1,101,19.655,45.21
1,102,3.745,8.61
1,103,14.226,36.99
1,104,21.586,49.65
1,105,15.428,40.11
1,106,16.529,33.06
1,107,6.144,12.29
1,108,12.326,28.35
1,109,21.769,43.54
1,110,13.914,32.0
1,111,12.512,28.78
1,112,14.461,28.92
1,113,21.301,55.38
1,114,21.752,43.5
1,115,14.62,29.24
1,116,9.309,24.2
1,117,19.668,45.24
1,118,3.45,6.9
1,119,13.115,30.17
1,120,13.288,26.58
1,121,14.62,33.63
1,122,20.454,53.18
1,123,16.414,42.68
1,124,19.557,50.85
1,125,15.527,31.05
1,126,16.775,43.62
1,127,18.699,48.62
1,128,13.531,35.18
1,129,3.89,7.78
1,130,2.518,5.79
1,131,20.724,41.45
1,132,1.06,2.44
1,133,2.098,5.45
1,134,25.098,57.72
1,135,16.426,37.78
1,136,1.465,3.81
1,137,3.236,8.41
1,138,10.06,26.16
1,139,14.582,29.16
1,140,19.474,38.95
1,141,2.942,6.77
1,142,3.425,8.9
1,143,22.081,44.16
1,144,18.668,42.94
1,145,13.956,32.1
1,146,21.326,42.65
1,147,19.839,45.63
1,148,1.432,3.72
1,149,15.351,35.31
1,150,19.769,39.54
1,151,22.843,45.69
1,152,16.894,43.93
1,153,13.91,31.99
1,154,11.265,29.29
1,155,18.898,49.14
1,156,18.535,48.19
1,157,13.196,26.39
1,158,10.224,20.45
1,159,10.844,28.19
1,160,11.04,22.08
1,161,15.587,35.85
1,162,17.383,39.98
1,163,14.542,37.81
1,164,13.517,35.14
1,165,22.01,57.23
1,166,11.008,22.02
1,167,11.764,30.59
1,168,14.427,33.18
1,169,16.353,42.52
1,170,23.063,59.96
1,171,3.761,8.65
1,172,4.392,11.42
1,173,18.12,47.11
1,174,4.989,11.47
1,175,26.095,52.19
1,176,15.363,39.94
1,177,10.742,27.93
1,178,19.451,38.9
1,179,13.739,27.48
1,180,3.597,7.19
1,181,13.635,31.36
1,182,4.161,8.32
1,183,18.512,48.13
1,184,14.62,33.63
1,185,3.758,8.64
1,186,0.661,1.72
1,187,20.464,47.07
1,188,5.335,13.87
1,189,1.525,3.51
1,190,11.61,26.7
1,191,15.03,34.57
1,192,13.435,30.9
1,193,13.053,30.02
1,194,3.644,7.29
1,195,17.603,35.21
1,196,17.136,39.41
1,197,0.809,2.1
1,198,14.838,38.58
1,199,4.1,9.43
1,200,2.195,4.39
2,0,3.938,10.24
2,1,15.63,35.95
2,3,14.693,33.79
2,4,10.82,24.89
2,5,6.849,17.81
2,6,11.455,33.22
2,7,9.952,25.88
2,8,9.155,21.06
2,9,12.254,35.54
2,10,8.018,20.85
2,11,10.699,31.03
2,12,15.959,41.49
2,13,10.256,23.59
2,14,2.512,6.53
2,15,9.07,26.3
2,16,15.891,36.55
2,17,11.919,27.41
2,18,4.446,11.56
2,19,12.358,28.42
2,20,12.604,28.99
2,21,12.26,35.55
2,22,13.507,31.07
2,23,7.263,18.88
2,24,4.499,13.05
2,25,9.774,28.35
2,26,11.105,28.87
2,27,12.391,32.22
2,28,10.586,30.7
2,29,12.069,35.0
2,30,2.771,7.2
2,31,4.362,11.34
2,32,8.717,22.66
2,33,8.449,19.43
2,34,12.603,28.99
2,35,14.314,32.92
2,36,3.32,7.64
2,37,13.62,39.5
2,38,12.296,35.66
2,39,6.455,16.78
2,40,9.976,28.93
2,41,4.878,12.68
2,42,3.795,9.87
2,43,12.54,36.37
2,44,12.027,34.88
2,45,8.779,22.83
2,46,5.177,15.01
2,47,3.618,8.32
2,48,6.032,17.49
2,49,6.94,18.05
2,50,9.817,22.58
2,51,14.18,32.61
2,52,11.219,32.54
2,53,7.752,20.16
2,54,11.174,32.41
2,55,5.022,13.06
2,56,15.542,35.75
2,57,4.433,12.85
2,58,13.075,30.07
2,59,12.535,36.35
2,60,5.243,15.21
2,61,20.106,46.24
2,62,11.814,34.26
2,63,12.51,28.77
2,64,8.209,18.88
2,65,9.823,25.54
2,66,12.772,33.21
2,67,9.633,27.94
2,68,8.463,22.0
2,69,4.577,10.53
2,70,4.702,12.22
2,71,9.078,20.88
2,72,3.083,8.02
2,73,11.973,34.72
2,74,9.145,26.52
2,75,5.58,16.18
2,76,4.647,12.08
2,77,14.069,36.58
2,78,7.653,17.6
2,79,5.463,12.57
2,80,11.081,28.81
2,81,15.476,40.24
2,82,2.323,5.34
2,83,8.913,20.5
2,84,13.31,38.6
2,85,8.068,20.98
2,86,4.85,12.61
2,87,12.907,29.69
2,88,10.314,26.82
2,89,2.253,5.18
2,90,12.57,32.68
2,91,3.296,8.57
2,92,11.538,30.0
2,93,8.06,23.37
2,94,4.296,9.88
2,95,6.039,17.51
2,96,5.197,13.51
2,97,2.893,6.65
2,98,8.787,20.21
2,99,6.244,16.23
2,100,10.634,27.65
2,101,5.05,13.13
2,102,12.091,31.44
2,103,9.599,27.84
2,104,6.134,15.95
2,105,10.218,29.63
2,106,8.367,19.24
2,107,10.543,24.25
2,108,9.942,25.85
2,109,6.164,14.18
2,110,9.413,24.47
2,111,11.009,28.62
2,112,6.853,15.76
2,113,5.675,16.46
2,114,6.224,14.31
2,115,9.598,22.08
2,116,9.218,26.73
2,117,4.092,10.64
2,118,13.098,30.13
2,119,10.866,28.25
2,120,12.521,28.8
2,121,7.634,19.85
2,122,4.844,14.05
2,123,1.85,5.37
2,124,4.419,12.82
2,125,13.439,30.91
2,126,1.72,4.99
2,127,3.266,9.47
2,128,7.851,22.77
2,129,14.606,33.59
2,130,15.302,39.79
2,131,5.206,11.97
2,132,16.199,42.12
2,133,14.183,41.13
2,134,9.486,24.66
2,135,0.838,2.18
2,136,14.516,42.1
2,137,14.876,43.14
2,138,9.055,26.26
2,139,15.258,35.09
2,140,5.118,11.77
2,141,13.02,33.85
2,142,14.572,42.26
2,143,6.648,15.29
2,144,4.754,12.36
2,145,10.733,27.9
2,146,5.957,13.7
2,147,4.26,11.08
2,148,14.772,42.84
2,149,8.497,22.09
2,150,4.175,9.6
2,151,7.213,16.59
2,152,9.873,28.63
2,153,8.853,23.02
2,154,11.463,33.24
2,155,4.729,13.71
2,156,2.931,8.5
2,157,11.959,27.51
2,158,8.486,19.52
2,159,12.997,37.69
2,160,10.173,23.4
2,161,12.991,33.78
2,162,13.273,34.51
2,163,10.096,29.28
2,164,8.489,24.62
2,165,6.509,18.88
2,166,7.938,18.26
2,167,9.433,27.36
2,168,12.041,31.31
2,169,3.279,9.51
2,170,8.641,25.06
2,171,12.018,31.25
2,172,13.376,38.79
2,173,15.424,44.73
2,174,10.679,27.77
2,175,10.471,24.08
2,176,11.66,33.81
2,177,10.559,30.62
2,178,3.889,8.94
2,179,14.375,33.06
2,180,12.663,29.13
2,181,7.188,18.69
2,182,11.816,27.18
2,183,2.893,8.39
2,184,7.962,20.7
2,185,11.987,31.17
2,186,14.98,43.44
2,187,12.867,33.45
2,188,11.203,32.49
2,189,14.199,36.92
2,190,11.104,28.87
2,191,12.533,32.59
2,192,7.133,18.55
2,193,7.616,19.8
2,194,13.561,31.19
2,195,2.206,5.07
2,196,13.298,34.57
2,197,16.26,47.15
2,198,5.969,17.31
2,199,12.549,32.63
2,200,16.236,37.34
3,0,10.803,24.85
3,1,4.049,8.1
3,2,14.693,33.79
3,4,5.252,10.5
3,5,19.897,45.76
3,6,8.821,22.93
3,7,9.297,21.38
3,8,23.709,47.42
3,9,14.086,36.62
3,10,18.192,41.84
3,11,11.391,29.62
3,12,1.346,3.1
3,13,9.331,18.66
3,14,17.178,39.51
3,15,16.116,41.9
3,16,8.876,17.75
3,17,9.248,18.5
3,18,18.847,43.35
3,19,3.246,6.49
3,20,14.654,29.31
3,21,9.33,24.26
3,22,1.188,2.38
3,23,12.715,29.25
3,24,18.852,49.02
3,25,14.329,37.26
3,26,11.448,26.33
3,27,14.935,34.35
3,28,15.552,40.43
3,29,12.139,31.56
3,30,17.448,40.13
3,31,17.341,39.88
3,32,10.736,24.69
3,33,13.537,27.07
3,34,13.743,27.49
3,35,1.32,2.64
3,36,17.981,35.96
3,37,1.767,4.59
3,38,4.156,10.81
3,39,19.741,45.4
3,40,18.329,47.66
3,41,19.543,44.95
3,42,18.21,41.88
3,43,15.096,39.25
3,44,2.686,6.98
3,45,11.32,26.04
3,46,19.751,51.35
3,47,18.221,36.44
3,48,20.717,53.86
3,49,13.368,30.75
3,50,12.509,25.02
3,51,10.848,21.7
3,52,12.53,32.58
3,53,9.755,22.44
3,54,16.95,44.07
3,55,19.288,44.36
3,56,1.027,2.05
3,57,19.119,49.71
3,58,2.228,4.46
3,59,3.619,9.41
3,60,19.858,51.63
3,61,6.338,12.68
3,62,3.37,8.76
3,63,2.498,5.0
3,64,22.612,45.22
3,65,18.954,43.59
3,66,16.516,37.99
3,67,5.07,13.18
3,68,11.215,25.79
3,69,19.266,38.53
3,70,19.281,44.35
3,71,12.412,24.82
3,72,17.645,40.58
3,73,2.73,7.1
3,74,13.423,34.9
3,75,20.238,52.62
3,76,12.997,29.89
3,77,16.627,38.24
3,78,16.331,32.66
3,79,19.514,39.03
3,80,10.05,23.11
3,81,13.007,29.92
3,82,16.64,33.28
3,83,13.854,27.71
3,84,18.431,47.92
3,85,12.086,27.8
3,86,17.587,40.45
3,87,12.411,24.82
3,88,8.402,19.32
3,89,16.38,32.76
3,90,3.998,9.19
3,91,17.845,41.04
3,92,14.038,32.29
3,93,11.803,30.69
3,94,16.508,33.02
3,95,15.742,40.93
3,96,17.326,39.85
3,97,17.45,34.9
3,98,23.226,46.45
3,99,12.609,29.0
3,100,14.462,33.26
3,101,17.927,41.23
3,102,3.463,7.97
3,103,15.852,41.22
3,104,20.825,47.9
3,105,17.098,44.45
3,106,13.636,27.27
3,107,4.151,8.3
3,108,14.156,32.56
3,109,20.806,41.61
3,110,10.731,24.68
3,111,14.613,33.61
3,112,11.844,23.69
3,113,20.276,52.72
3,114,20.911,41.82
3,115,11.412,22.82
3,116,10.87,28.26
3,117,18.473,42.49
3,118,2.084,4.17
3,119,9.638,22.17
3,120,9.542,19.08
3,121,11.824,27.19
3,122,19.295,50.17
3,123,15.034,39.09
3,124,18.982,49.35
3,125,17.917,35.83
3,126,16.122,41.92
3,127,17.938,46.64
3,128,10.698,27.82
3,129,0.191,0.38
3,130,1.605,3.69
3,131,19.898,39.8
3,132,3.49,8.03
3,133,2.343,6.09
3,134,23.847,54.85
3,135,15.397,35.41
3,136,2.886,7.5
3,137,0.818,2.13
3,138,11.619,30.21
3,139,10.597,21.19
3,140,17.674,35.35
3,141,2.831,6.51
3,142,0.661,1.72
3,143,21.339,42.68
3,144,16.807,38.66
3,145,10.519,24.19
3,146,19.871,39.74
3,147,18.642,42.88
3,148,2.726,7.09
3,149,16.612,38.21
3,150,18.847,37.69
3,151,21.728,43.46
3,152,13.735,35.71
3,153,10.845,24.94
3,154,13.557,35.25
3,155,17.09,44.44
3,156,17.608,45.78
3,157,9.533,19.07
3,158,11.586,23.17
3,159,6.983,18.16
3,160,7.742,15.48
3,161,17.874,41.11
3,162,13.72,31.56
3,163,16.265,42.29
3,164,14.902,38.75
3,165,20.647,53.68
3,166,12.23,24.46
3,167,13.47,35.02
3,168,16.621,38.23
3,169,14.601,37.96
3,170,21.063,54.76
3,171,3.622,8.33
3,172,1.316,3.42
3,173,14.258,37.07
3,174,4.818,11.08
3,175,24.876,49.75
3,176,17.375,45.18
3,177,12.798,33.28
3,178,18.245,36.49
3,179,16.517,33.03
3,180,2.573,5.15
3,181,14.664,33.73
3,182,3.404,6.81
3,183,17.433,45.33
3,184,11.751,27.03
3,185,3.725,8.57
3,186,3.754,9.76
3,187,17.091,39.31
3,188,7.093,18.44
3,189,3.287,7.56
3,190,13.788,31.71
3,191,11.345,26.09
3,192,14.454,33.24
3,193,10.298,23.69
3,194,1.366,2.73
3,195,16.369,32.74
3,196,13.456,30.95
3,197,4.77,12.4
3,198,12.425,32.3
3,199,2.33,5.36
3,200,2.509,5.02
4,0,6.95,15.98
4,1,4.819,9.64
4,2,10.82,24.89
4,3,5.252,10.5
4,5,17.002,39.11
4,6,9.963,25.9
4,7,9.59,22.06
4,8,19.965,39.93
4,9,14.63,38.04
4,10,13.042,30.0
4,11,11.804,30.69
4,12,6.112,14.06
4,13,9.784,19.57
4,14,13.316,30.63
4,15,10.866,28.25
4,16,6.422,12.84
4,17,10.565,21.13
4,18,15.238,35.05
4,19,2.031,4.06
4,20,9.708,19.42
4,21,10.801,28.08
4,22,4.383,8.77
4,23,7.503,17.26
4,24,14.491,37.68
4,25,9.101,23.66
4,26,6.452,14.84
4,27,9.935,22.85
4,28,10.341,26.89
4,29,7.298,18.98
4,30,13.419,30.86
4,31,14.325,32.95
4,32,10.306,23.7
4,33,12.694,25.39
4,34,14.497,28.99
4,35,5.755,11.51
4,36,14.118,28.24
4,37,3.572,9.29
4,38,1.514,3.94
4,39,16.737,38.49
4,40,17.062,44.36
4,41,15.656,36.01
4,42,14.584,33.54
4,43,15.527,40.37
4,44,3.17,8.24
4,45,10.877,25.02
4,46,15.995,41.59
4,47,14.436,28.87
4,48,16.757,43.57
4,49,11.953,27.49
4,50,7.312,14.62
4,51,12.882,25.76
4,52,7.501,19.5
4,53,8.815,20.27
4,54,11.734,30.51
4,55,15.775,36.28
4,56,5.68,11.36
4,57,15.069,39.18
4,58,3.041,6.08
4,59,1.888,4.91
4,60,16.051,41.73
4,61,9.382,18.76
4,62,1.956,5.09
4,63,2.804,5.61
4,64,19.023,38.05
4,65,13.722,31.56
4,66,11.455,26.35
4,67,3.361,8.74
4,68,5.963,13.72
4,69,15.306,30.61
4,70,15.058,34.63
4,71,11.979,23.96
4,72,13.473,30.99
4,73,3.594,9.34
4,74,8.18,21.27
4,75,16.358,42.53
4,76,10.697,24.6
4,77,11.742,27.01
4,78,11.138,22.28
4,79,16.132,32.26
4,80,5.109,11.75
4,81,15.055,34.63
4,82,13.035,26.07
4,83,8.604,17.21
4,84,13.306,34.59
4,85,6.838,15.73
4,86,14.68,33.77
4,87,13.572,27.14
4,88,8.95,20.58
4,89,12.089,24.18
4,90,1.791,4.12
4,91,14.113,32.46
4,92,14.315,32.92
4,93,6.556,17.05
4,94,13.683,27.37
4,95,13.665,35.53
4,96,14.616,33.62
4,97,13.71,27.42
4,98,19.606,39.21
4,99,10.97,25.23
4,100,14.305,32.9
4,101,14.993,34.48
4,102,1.793,4.12
4,103,10.602,27.57
4,104,16.771,38.57
4,105,11.848,30.81
4,106,12.747,25.49
4,107,3.107,6.21
4,108,8.939,20.56
4,109,16.951,33.9
4,110,10.636,24.46
4,111,9.464,21.77
4,112,10.494,20.99
4,113,16.486,42.86
4,114,16.934,33.87
4,115,11.331,22.66
4,116,5.64,14.66
4,117,14.873,34.21
4,118,3.171,6.34
4,119,10.373,23.86
4,120,11.102,22.2
4,121,10.825,24.9
4,122,15.652,40.7
4,123,11.675,30.35
4,124,14.753,38.36
4,125,12.837,25.67
4,126,11.96,31.1
4,127,13.881,36.09
4,128,9.842,25.59
4,129,5.084,10.17
4,130,5.063,11.64
4,131,15.906,31.81
4,132,5.477,12.6
4,133,3.695,9.61
4,134,20.297,46.68
4,135,11.622,26.73
4,136,3.846,10.0
4,137,4.981,12.95
4,138,6.38,16.59
4,139,13.145,26.29
4,140,14.841,29.68
4,141,2.601,5.98
4,142,4.792,12.46
4,143,17.267,34.53
4,144,14.071,32.36
4,145,11.074,25.47
4,146,16.572,33.14
4,147,15.044,34.6
4,148,4.138,10.76
4,149,11.381,26.18
4,150,14.951,29.9
4,151,18.032,36.06
4,152,13.419,34.89
4,153,10.473,24.09
4,154,8.51,22.13
4,155,14.275,37.12
4,156,13.718,35.67
4,157,10.823,21.65
4,158,6.334,12.67
4,159,9.25,24.05
4,160,8.219,16.44
4,161,12.751,29.33
4,162,14.742,33.91
4,163,11.021,28.65
4,164,9.654,25.1
4,165,17.235,44.81
4,166,6.986,13.97
4,167,8.237,21.42
4,168,11.478,26.4
4,169,11.743,30.53
4,170,18.482,48.05
4,171,1.64,3.77
4,172,4.249,11.05
4,173,15.978,41.54
4,174,0.756,1.74
4,175,21.289,42.58
4,176,12.173,31.65
4,177,7.667,19.94
4,178,14.658,29.32
4,179,11.696,23.39
4,180,2.679,5.36
4,181,9.467,21.77
4,182,1.908,3.82
4,183,13.706,35.64
4,184,10.904,25.08
4,185,1.546,3.56
4,186,4.177,10.86
4,187,17.17,39.49
4,188,2.273,5.91
4,189,3.451,7.94
4,190,8.683,19.97
4,191,12.568,28.91
4,192,9.259,21.29
4,193,9.313,21.42
4,194,3.888,7.78
4,195,12.823,25.65
4,196,14.546,33.46
4,197,5.442,14.15
4,198,10.676,27.76
4,199,3.041,6.99
4,200,5.788,11.58
5,0,10.157,26.41
5,1,21.666,49.83
5,2,6.849,17.81
5,3,19.897,45.76
5,4,17.002,39.11
5,6,13.803,40.03
5,7,12.352,32.12
5,8,5.401,12.42
5,9,11.718,33.98
5,10,13.266,34.49
5,11,11.772,34.14
5,12,21.237,55.22
5,13,12.563,28.89
5,14,5.166,13.43
5,15,15.271,44.29
5,16,22.573,51.92
5,17,14.0,32.2
5,18,3.377,8.78
5,19,18.199,41.86
5,20,19.284,44.35
5,21,14.271,41.38
5,22,18.735,43.09
5,23,14.043,36.51
5,24,7.09,20.56
5,25,16.385,47.52
5,26,17.951,46.67
5,27,19.03,49.48
5,28,17.03,49.39
5,29,18.905,54.83
5,30,5.734,14.91
5,31,2.681,6.97
5,32,10.605,27.57
5,33,8.458,19.45
5,34,12.29,28.27
5,35,19.188,44.13
5,36,4.799,11.04
5,37,19.211,55.71
5,38,18.374,53.28
5,39,0.508,1.32
5,40,6.152,17.84
5,41,4.55,11.83
5,42,3.714,9.66
5,43,11.425,33.13
5,44,17.422,50.52
5,45,10.266,26.69
5,46,3.894,11.29
5,47,4.366,10.04
5,48,5.001,14.5
5,49,7.525,19.56
5,50,16.619,38.22
5,51,15.456,35.55
5,52,18.033,52.3
5,53,10.691,27.8
5,54,17.364,50.36
5,55,2.819,7.33
5,56,20.863,47.98
5,57,5.402,15.66
5,58,18.72,43.06
5,59,18.504,53.66
5,60,4.133,11.99
5,61,25.873,59.51
5,62,17.569,50.95
5,63,18.105,41.64
5,64,4.062,9.34
5,65,15.116,39.3
5,66,19.199,49.92
5,67,14.975,43.43
5,68,15.311,39.81
5,69,4.935,11.35
5,70,6.309,16.4
5,71,9.763,22.46
5,72,6.316,16.42
5,73,17.219,49.94
5,74,15.859,45.99
5,75,4.52,13.11
5,76,6.952,18.08
5,77,20.58,53.51
5,78,13.655,31.41
5,79,2.187,5.03
5,80,17.91,46.57
5,81,15.846,41.2
5,82,4.617,10.62
5,83,15.568,35.81
5,84,19.39,56.23
5,85,14.892,38.72
5,86,2.335,6.07
5,87,13.344,30.69
5,88,13.108,34.08
5,89,7.318,16.83
5,90,18.633,48.45
5,91,4.316,11.22
5,92,10.996,28.59
5,93,14.896,43.2
5,94,3.394,7.81
5,95,4.77,13.83
5,96,2.6,6.76
5,97,4.552,10.47
5,98,4.597,10.57
5,99,7.795,20.27
5,100,9.798,25.48
5,101,2.012,5.23
5,102,17.951,46.67
5,103,15.91,46.14
5,104,5.522,14.36
5,105,16.262,47.16
5,106,8.317,19.13
5,107,15.895,36.56
5,108,16.583,43.12
5,109,4.481,10.31
5,110,11.108,28.88
5,111,17.628,45.83
5,112,8.705,20.02
5,113,4.07,11.8
5,114,5.132,11.8
5,115,10.829,24.91
5,116,16.066,46.59
5,117,3.485,9.06
5,118,18.697,43.0
5,119,12.888,33.51
5,120,14.412,33.15
5,121,9.154,23.8
5,122,3.411,9.89
5,123,5.422,15.72
5,124,6.352,18.42
5,125,19.654,45.2
5,126,6.892,19.99
5,127,5.687,16.49
5,128,10.087,29.25
5,129,19.857,45.67
5,130,20.846,54.2
5,131,5.076,11.67
5,132,22.063,57.36
5,133,19.949,57.85
5,134,4.838,12.58
5,135,6.043,15.71
5,136,20.392,59.14
5,137,20.274,58.79
5,138,15.896,46.1
5,139,16.726,38.47
5,140,2.223,5.11
5,141,18.836,48.97
5,142,19.945,57.84
5,143,5.743,13.21
5,144,3.096,8.05
5,145,12.296,31.97
5,146,1.761,4.05
5,147,3.407,8.86
5,148,20.606,59.76
5,149,14.493,37.68
5,150,4.684,10.77
5,151,4.015,9.23
5,152,9.552,27.7
5,153,10.629,27.64
5,154,18.212,52.82
5,155,2.807,8.14
5,156,5.069,14.7
5,157,13.896,31.96
5,158,15.329,35.26
5,159,16.0,46.4
5,160,13.358,30.72
5,161,19.164,49.83
5,162,13.025,33.86
5,163,16.349,47.41
5,164,14.946,43.34
5,165,2.352,6.82
5,166,14.753,33.93
5,167,16.147,46.83
5,168,18.387,47.81
5,169,5.333,15.47
5,170,1.884,5.46
5,171,17.916,46.58
5,172,18.625,54.01
5,173,15.164,43.98
5,174,16.695,43.41
5,175,5.798,13.34
5,176,17.798,51.61
5,177,17.349,50.31
5,178,3.54,8.14
5,179,20.924,48.13
5,180,18.338,42.18
5,181,13.649,35.49
5,182,17.587,40.45
5,183,4.512,13.09
5,184,9.413,24.47
5,185,17.912,46.57
5,186,21.005,60.91
5,187,10.562,27.46
5,188,17.774,51.55
5,189,20.162,52.42
5,190,17.822,46.34
5,191,13.524,35.16
5,192,13.64,35.46
5,193,10.241,26.63
5,194,19.001,43.7
5,195,4.657,10.71
5,196,13.197,34.31
5,197,22.372,64.88
5,198,7.837,22.73
5,199,18.069,46.98
5,200,21.857,50.27
6,0,9.079,26.33
6,1,12.414,32.28
6,2,11.455,33.22
6,3,8.821,22.93
6,4,9.963,25.9
6,5,13.803,40.03
6,7,1.538,4.46
6,8,18.738,48.72
6,9,5.267,16.86
6,10,18.298,53.07
6,11,2.707,8.66
6,12,10.005,29.01
6,13,1.269,3.3
6,14,13.326,38.65
6,15,17.689,56.61
6,16,16.161,42.02
6,17,0.627,1.63
6,18,14.175,41.11
6,19,9.432,24.52
6,20,18.616,48.4
6,21,0.939,3.01
6,22,8.072,20.99
6,23,14.271,41.39
6,24,15.891,50.85
6,25,16.896,54.07
6,26,15.566,45.14
6,27,18.694,54.21
6,28,18.15,58.08
6,29,16.599,53.12
6,30,13.917,40.36
6,31,11.825,34.29
6,32,3.203,9.29
6,33,5.681,14.77
6,34,4.928,12.81
6,35,7.591,19.74
6,36,13.981,36.35
6,37,9.322,29.83
6,38,10.325,33.04
6,39,13.844,40.15
6,40,10.333,33.06
6,41,15.347,44.51
6,42,13.677,39.66
6,43,6.282,20.1
6,44,7.719,24.7
6,45,3.558,10.32
6,46,15.247,48.79
6,47,14.011,36.43
6,48,16.522,52.87
6,49,6.286,18.23
6,50,15.622,40.62
6,51,3.162,8.22
6,52,16.42,52.54
6,53,3.705,10.74
6,54,19.348,61.91
6,55,14.36,41.65
6,56,9.813,25.51
6,57,15.349,49.12
6,58,9.157,23.81
6,59,10.028,32.09
6,60,15.442,49.41
6,61,15.05,39.13
6,62,8.817,28.21
6,63,8.647,22.48
6,64,17.438,45.34
6,65,19.753,57.28
6,66,19.912,57.74
6,67,6.63,21.22
6,68,13.797,40.01
6,69,15.27,39.7
6,70,15.903,46.12
6,71,4.324,11.24
6,72,14.412,41.8
6,73,7.226,23.12
6,74,15.908,50.91
6,75,15.929,50.97
6,76,7.404,21.47
6,77,20.637,59.85
6,78,17.033,44.29
6,79,14.309,37.2
6,80,14.488,42.01
6,81,5.185,15.04
6,82,12.361,32.14
6,83,16.086,41.82
6,84,21.363,68.36
6,85,14.261,41.36
6,86,11.843,34.35
6,87,3.701,9.62
6,88,1.276,3.7
6,89,13.692,35.6
6,90,10.428,30.24
6,91,13.593,39.42
6,92,5.271,15.29
6,93,14.027,44.89
6,94,10.827,28.15
6,95,9.049,28.96
6,96,11.302,32.78
6,97,13.286,34.54
6,98,18.053,46.94
6,99,6.102,17.69
6,100,5.88,17.05
6,101,12.172,35.3
6,102,9.353,27.12
6,103,17.811,57.0
6,104,16.831,48.81
6,105,18.922,60.55
6,106,5.815,15.12
6,107,6.923,18.0
6,108,16.869,48.92
6,109,16.371,42.56
6,110,2.721,7.89
6,111,17.755,51.49
6,112,5.196,13.51
6,113,15.769,50.46
6,114,16.73,43.5
6,115,3.168,8.24
6,116,13.993,44.78
6,117,13.843,40.15
6,118,9.013,23.43
6,119,0.993,2.88
6,120,1.257,3.27
6,121,4.654,13.5
6,122,14.625,46.8
6,123,10.658,34.11
6,124,15.661,50.12
6,125,21.121,54.91
6,126,13.175,42.16
6,127,14.381,46.02
6,128,3.848,12.31
6,129,8.9,23.14
6,130,10.349,30.01
6,131,15.883,41.3
6,132,12.17,35.29
6,133,10.32,33.02
6,134,18.486,53.61
6,135,11.761,34.11
6,136,10.965,35.09
6,137,9.555,30.58
6,138,14.494,46.38
6,139,3.943,10.25
6,140,11.793,30.66
6,141,9.739,28.24
6,142,9.255,29.62
6,143,17.32,45.03
6,144,10.92,31.67
6,145,1.847,5.36
6,146,14.467,37.62
6,147,13.981,40.55
6,148,10.988,35.16
6,149,17.679,51.27
6,150,14.773,38.41
6,151,16.853,43.82
6,152,5.326,17.04
6,153,3.174,9.21
6,154,17.275,55.28
6,155,11.28,36.1
6,156,13.733,43.95
6,157,0.862,2.24
6,158,14.117,36.7
6,159,2.376,7.6
6,160,1.849,4.81
6,161,20.864,60.51
6,162,4.971,14.42
6,163,18.343,58.7
6,164,16.576,53.04
6,165,15.352,49.13
6,166,14.297,37.17
6,167,16.104,51.53
6,168,19.6,56.84
6,169,9.432,30.18
6,170,14.374,46.0
6,171,9.454,27.42
6,172,8.053,25.77
6,173,6.015,19.25
6,174,9.221,26.74
6,175,19.502,50.71
6,176,19.865,63.57
6,177,16.249,52.0
6,178,13.627,35.43
6,179,20.719,53.87
6,180,9.012,23.43
6,181,15.679,45.47
6,182,8.873,23.07
6,183,13.246,42.39
6,184,4.391,12.73
6,185,9.537,27.66
6,186,11.889,38.05
6,187,8.318,24.12
6,188,12.13,38.82
6,189,11.082,32.14
6,190,17.243,50.01
6,191,2.648,7.68
6,192,15.501,44.95
6,193,3.91,11.34
6,194,8.778,22.82
6,195,12.032,31.28
6,196,4.731,13.72
6,197,13.218,42.3
6,198,6.16,19.71
6,199,8.415,24.4
6,200,11.324,29.44
7,0,7.772,20.21
7,1,12.592,28.96
7,2,9.952,25.88
7,3,9.297,21.38
7,4,9.59,22.06
7,5,12.352,32.12
7,6,1.538,4.46
7,8,17.228,39.62
7,9,5.075,14.72
7,10,16.956,44.09
7,11,2.238,6.49
7,12,10.564,27.47
7,13,0.314,0.72
7,14,11.792,30.66
7,15,16.507,47.87
7,16,15.945,36.67
7,17,1.968,4.53
7,18,12.642,32.87
7,19,9.376,21.56
7,20,17.733,40.79
7,21,2.311,6.7
7,22,8.401,19.32
7,23,13.164,34.23
7,24,14.37,41.67
7,25,15.853,45.97
7,26,14.781,38.43
7,27,17.78,46.23
7,28,17.086,49.55
7,29,15.839,45.93
7,30,12.388,32.21
7,31,10.315,26.82
7,32,1.768,4.6
7,33,4.481,10.31
7,34,4.908,11.29
7,35,8.167,18.78
7,36,12.444,28.62
7,37,9.517,27.6
7,38,10.17,29.49
7,39,12.374,32.17
7,40,9.263,26.86
7,41,13.81,35.91
7,42,12.141,31.57
7,43,6.021,17.46
7,44,7.772,22.54
7,45,2.234,5.81
7,46,13.713,39.77
7,47,12.473,28.69
7,48,14.985,43.46
7,49,4.872,12.67
7,50,14.685,33.78
7,51,4.377,10.07
7,52,15.576,45.17
7,53,2.208,5.74
7,54,18.238,52.89
7,55,12.835,33.37
7,56,10.318,23.73
7,57,13.812,40.06
7,58,9.266,21.31
7,59,9.944,28.84
7,60,13.907,40.33
7,61,15.622,35.93
7,62,8.718,25.28
7,63,8.701,20.01
7,64,15.934,36.65
7,65,18.46,48.0
7,66,18.925,49.2
7,67,6.234,18.08
7,68,12.844,33.39
7,69,13.733,31.58
7,70,14.371,37.36
7,71,3.201,7.36
7,72,12.889,33.51
7,73,7.319,21.23
7,74,14.878,43.14
7,75,14.393,41.74
7,76,5.868,15.26
7,77,19.727,51.29
7,78,15.766,36.26
7,79,12.795,29.43
7,80,13.79,35.85
7,81,6.137,15.96
7,82,10.823,24.89
7,83,15.017,34.54
7,84,20.293,58.85
7,85,13.236,34.41
7,86,10.348,26.9
7,87,4.091,9.41
7,88,0.916,2.38
7,89,12.196,28.05
7,90,10.309,26.8
7,91,12.055,31.34
7,92,4.859,12.63
7,93,13.016,37.75
7,94,9.319,21.43
7,95,7.623,22.11
7,96,9.824,25.54
7,97,11.749,27.02
7,98,16.551,38.07
7,99,4.599,11.96
7,100,5.168,13.44
7,101,10.679,27.77
7,102,9.255,24.06
7,103,16.673,48.35
7,104,15.293,39.76
7,105,17.75,51.48
7,106,4.603,10.59
7,107,6.719,15.45
7,108,15.845,41.2
7,109,14.837,34.13
7,110,1.482,3.85
7,111,16.772,43.61
7,112,3.687,8.48
7,113,14.236,41.29
7,114,15.194,34.95
7,115,2.125,4.89
7,116,13.111,38.02
7,117,12.309,32.0
7,118,9.143,21.03
7,119,1.009,2.62
7,120,2.584,5.94
7,121,3.205,8.33
7,122,13.093,37.97
7,123,9.122,26.45
7,124,14.131,40.98
7,125,20.09,46.21
7,126,11.67,33.84
7,127,12.85,37.26
7,128,2.322,6.73
7,129,9.348,21.5
7,130,10.734,27.91
7,131,14.345,32.99
7,132,12.476,32.44
7,133,10.5,30.45
7,134,16.997,44.19
7,135,10.238,26.62
7,136,11.127,32.27
7,137,9.966,28.9
7,138,13.558,39.32
7,139,5.339,12.28
7,140,10.307,23.71
7,141,9.773,25.41
7,142,9.647,27.98
7,143,15.783,36.3
7,144,9.427,24.51
7,145,1.49,3.87
7,146,12.965,29.82
7,147,12.448,32.36
7,148,11.193,32.46
7,149,16.44,42.74
7,150,13.235,30.44
7,151,15.333,35.27
7,152,4.447,12.9
7,153,1.787,4.65
7,154,16.385,47.52
7,155,9.785,28.38
7,156,12.198,35.37
7,157,2.032,4.67
7,158,13.145,30.23
7,159,3.661,10.62
7,160,1.565,3.6
7,161,19.808,51.5
7,162,5.173,13.45
7,163,17.21,49.91
7,164,15.427,44.74
7,165,13.847,40.16
7,166,13.255,30.49
7,167,15.089,43.76
7,168,18.561,48.26
7,169,7.896,22.9
7,170,13.003,37.71
7,171,9.333,24.26
7,172,8.357,24.23
7,173,6.685,19.39
7,174,8.88,23.09
7,175,18.017,41.44
7,176,18.759,54.4
7,177,15.345,44.5
7,178,12.092,27.81
7,179,19.836,45.62
7,180,9.057,20.83
7,181,14.471,37.63
7,182,8.769,20.17
7,183,11.708,33.95
7,184,2.974,7.73
7,185,9.403,24.45
7,186,12.021,34.86
7,187,7.873,20.47
7,188,11.643,33.76
7,189,11.175,29.05
7,190,16.315,42.42
7,191,3.213,8.35
7,192,14.301,37.18
7,193,2.375,6.17
7,194,9.029,20.77
7,195,10.494,24.14
7,196,4.999,13.0
7,197,13.401,38.86
7,198,4.639,13.45
7,199,8.503,22.11
7,200,11.749,27.02
8,0,13.082,30.09
8,1,24.78,49.56
8,2,9.155,21.06
8,3,23.709,47.42
8,4,19.965,39.93
8,5,5.401,12.42
8,6,18.738,48.72
8,7,17.228,39.62
8,9,17.097,44.45
8,10,12.193,28.04
8,11,16.945,44.06
8,12,25.007,57.52
8,13,17.472,34.94
8,14,6.649,15.29
8,15,15.015,39.04
8,16,24.665,49.33
8,17,19.01,38.02
8,18,4.868,11.2
8,19,21.505,43.01
8,20,19.635,39.27
8,21,19.305,50.19
8,22,22.522,45.04
8,23,15.06,34.64
8,24,6.269,16.3
8,25,16.742,43.53
8,26,19.183,44.12
8,27,19.284,44.35
8,28,17.001,44.2
8,29,19.957,51.89
8,30,6.601,15.18
8,31,6.913,15.9
8,32,15.55,35.76
8,33,13.697,27.39
8,34,17.659,35.32
8,35,23.204,46.41
8,36,5.847,11.69
8,37,22.734,59.11
8,38,21.448,55.76
8,39,5.152,11.85
8,40,11.439,29.74
8,41,4.326,9.95
8,42,5.5,12.65
8,43,16.825,43.74
8,44,21.081,54.81
8,45,15.295,35.18
8,46,3.982,10.35
8,47,5.539,11.08
8,48,3.343,8.69
8,49,12.591,28.96
8,50,17.552,35.1
8,51,20.669,41.34
8,52,18.955,49.28
8,53,15.326,35.25
8,54,16.895,43.93
8,55,4.487,10.32
8,56,24.6,49.2
8,57,5.047,13.12
8,58,22.197,44.39
8,59,21.689,56.39
8,60,3.914,10.18
8,61,29.258,58.52
8,62,20.948,54.47
8,63,21.619,43.24
8,64,1.348,2.7
8,65,13.809,31.76
8,66,18.991,43.68
8,67,18.643,48.47
8,68,16.72,38.46
8,69,4.718,9.44
8,70,5.412,12.45
8,71,14.941,29.88
8,72,6.704,15.42
8,73,20.979,54.55
8,74,16.519,42.95
8,75,3.632,9.44
8,76,11.442,26.32
8,77,20.458,47.05
8,78,13.334,26.67
8,79,4.436,8.87
8,80,19.531,44.92
8,81,21.19,48.74
8,82,7.07,14.14
8,83,16.093,32.19
8,84,18.609,48.38
8,85,16.049,36.91
8,86,6.917,15.91
8,87,18.651,37.3
8,88,17.891,41.15
8,89,8.15,16.3
8,90,21.723,49.96
8,91,5.887,13.54
8,92,16.367,37.64
8,93,16.148,41.98
8,94,7.912,15.82
8,95,9.939,25.84
8,96,7.526,17.31
8,97,6.289,12.58
8,98,0.83,1.66
8,99,12.637,29.07
8,100,15.174,34.9
8,101,6.603,15.19
8,102,21.239,48.85
8,103,15.754,40.96
8,104,3.533,8.13
8,105,15.686,40.78
8,106,13.559,27.12
8,107,19.569,39.14
8,108,16.997,39.09
8,109,3.035,6.07
8,110,16.123,37.08
8,111,17.916,41.21
8,112,13.544,27.09
8,113,3.48,9.05
8,114,3.213,6.43
8,115,15.939,31.88
8,116,17.526,45.57
8,117,5.241,12.05
8,118,22.211,44.42
8,119,17.883,41.13
8,120,19.478,38.96
8,121,14.114,32.46
8,122,4.415,11.48
8,123,8.705,22.63
8,124,5.68,14.77
8,125,19.059,38.12
8,126,8.113,21.09
8,127,6.18,16.07
8,128,14.908,38.76
8,129,23.637,47.27
8,130,24.414,56.15
8,131,4.184,8.37
8,132,25.352,58.31
8,133,23.327,60.65
8,134,1.15,2.64
8,135,8.378,19.27
8,136,23.669,61.54
8,137,23.952,62.27
8,138,17.134,44.55
8,139,21.922,43.84
8,140,7.007,14.01
8,141,22.167,50.98
8,142,23.639,61.46
8,143,3.18,6.36
8,144,7.845,18.04
8,145,17.383,39.98
8,146,4.285,8.57
8,147,5.073,11.67
8,148,23.923,62.2
8,149,14.052,32.32
8,150,5.025,10.05
8,151,1.984,3.97
8,152,14.876,38.68
8,153,15.604,35.89
8,154,18.837,48.98
8,155,7.478,19.44
8,156,6.248,16.25
8,157,18.939,37.88
8,158,16.615,33.23
8,159,20.79,54.05
8,160,18.02,36.04
8,161,18.536,42.63
8,162,18.397,42.31
8,163,16.062,41.76
8,164,15.125,39.33
8,165,3.396,8.83
8,166,15.873,31.75
8,167,16.785,43.64
8,168,18.087,41.6
8,169,9.47,24.62
8,170,6.142,15.97
8,171,21.169,48.69
8,172,22.397,58.23
8,173,20.551,53.43
8,174,19.834,45.62
8,175,1.561,3.12
8,176,17.217,44.76
8,177,18.187,47.29
8,178,5.47,10.94
8,179,20.867,41.73
8,180,21.788,43.58
8,181,13.977,32.15
8,182,20.953,41.91
8,183,6.3,16.38
8,184,14.406,33.13
8,185,21.14,48.62
8,186,24.132,62.74
8,187,15.921,36.62
8,188,20.181,52.47
8,189,23.353,53.71
8,190,18.368,42.25
8,191,18.753,43.13
8,192,14.049,32.31
8,193,14.953,34.39
8,194,22.64,45.28
8,195,7.342,14.68
8,196,18.559,42.68
8,197,25.4,66.04
8,198,12.591,32.74
8,199,21.641,49.77
8,200,25.366,50.73
9,0,11.512,33.39
9,1,17.594,45.74
9,2,12.254,35.54
9,3,14.086,36.62
9,4,14.63,38.04
9,5,11.718,33.98
9,6,5.267,16.86
9,7,5.075,14.72
9,8,17.097,44.45
9,10,20.099,58.29
9,11,2.837,9.08
9,12,15.271,44.28
9,13,4.93,12.82
9,14,13.275,38.5
9,15,20.302,64.97
9,16,21.01,54.63
9,17,4.895,12.73
9,18,13.322,38.63
9,19,14.443,37.55
9,20,22.214,57.76
9,21,4.897,15.67
9,22,13.304,34.59
9,23,17.254,50.04
9,24,16.085,51.47
9,25,20.038,64.12
9,26,19.447,56.4
9,27,22.203,64.39
9,28,21.2,67.84
9,29,20.526,65.68
9,30,14.003,40.61
9,31,10.655,30.9
9,32,4.541,13.17
9,33,3.841,9.99
9,34,0.623,1.62
9,35,12.858,33.43
9,36,13.7,35.62
9,37,14.503,46.41
9,38,15.244,48.78
9,39,11.945,34.64
9,40,6.466,20.69
9,41,14.704,42.64
9,42,13.021,37.76
9,43,1.021,3.27
9,44,12.809,40.99
9,45,4.092,11.87
9,46,14.372,45.99
9,47,13.56,35.26
9,48,15.727,50.33
9,49,5.335,15.47
9,50,19.112,49.69
9,51,4.586,11.92
9,52,20.146,64.47
9,53,6.146,17.82
9,54,22.213,71.08
9,55,13.263,38.46
9,56,15.08,39.21
9,57,15.033,48.11
9,58,14.289,37.15
9,59,15.015,48.05
9,60,14.612,46.76
9,61,20.309,52.8
9,62,13.79,44.13
9,63,13.741,35.73
9,64,15.749,40.95
9,65,21.796,63.21
9,66,23.189,67.25
9,67,11.289,36.13
9,68,17.276,50.1
9,69,14.794,38.46
9,70,15.8,45.82
9,71,3.306,8.6
9,72,14.633,42.44
9,73,12.34,39.49
9,74,19.11,61.15
9,75,15.119,48.38
9,76,7.613,22.08
9,77,24.137,70.0
9,78,19.278,50.12
9,79,12.978,33.74
9,80,18.573,53.86
9,81,4.205,12.2
9,82,12.163,31.62
9,83,19.159,49.81
9,84,24.343,77.9
9,85,17.515,50.79
9,86,10.448,30.3
9,87,2.139,5.56
9,88,5.845,16.95
9,89,14.414,37.48
9,90,15.383,44.61
9,91,13.179,38.22
9,92,0.752,2.18
9,93,17.331,55.46
9,94,9.728,25.29
9,95,7.343,23.5
9,96,9.742,28.25
9,97,12.999,33.8
9,98,16.308,42.4
9,99,6.037,17.51
9,100,1.923,5.58
9,101,10.699,31.03
9,102,14.326,41.55
9,103,20.596,65.91
9,104,16.153,46.84
9,105,21.549,68.96
9,106,3.943,10.25
9,107,11.794,30.66
9,108,20.077,58.22
9,109,15.405,40.05
9,110,4.051,11.75
9,111,21.073,61.11
9,112,5.621,14.61
9,113,14.823,47.43
9,114,15.922,41.4
9,115,3.411,8.87
9,116,17.658,56.51
9,117,13.079,37.93
9,118,14.157,36.81
9,119,4.481,12.99
9,120,4.776,12.42
9,121,4.865,14.11
9,122,13.704,43.85
9,123,10.787,34.52
9,124,15.633,50.03
9,125,24.24,63.02
9,126,13.813,44.2
9,127,14.371,45.99
9,128,5.293,16.94
9,129,14.162,36.82
9,130,15.602,45.25
9,131,15.308,39.8
9,132,17.404,50.47
9,133,15.496,49.59
9,134,16.543,47.98
9,135,12.195,35.37
9,136,16.133,51.63
9,137,14.812,47.4
9,138,18.007,57.62
9,139,5.793,15.06
9,140,10.272,26.71
9,141,14.821,42.98
9,142,14.507,46.42
9,143,16.569,43.08
9,144,9.59,27.81
9,145,3.643,10.56
9,146,12.936,33.63
9,147,13.168,38.19
9,148,16.178,51.77
9,149,20.043,58.13
9,150,14.309,37.2
9,151,15.476,40.24
9,152,2.421,7.75
9,153,4.356,12.63
9,154,20.868,66.78
9,155,9.943,31.82
9,156,13.592,43.49
9,157,4.621,12.01
9,158,17.535,45.59
9,159,7.392,23.66
9,160,6.579,17.11
9,161,23.901,69.31
9,162,1.319,3.83
9,163,21.138,67.64
9,164,19.345,61.9
9,165,13.797,44.15
9,166,17.5,45.5
9,167,19.35,61.92
9,168,22.713,65.87
9,169,9.234,29.55
9,170,11.607,37.14
9,171,14.406,41.78
9,172,13.276,42.48
9,173,3.463,11.08
9,174,13.933,40.41
9,175,17.466,45.41
9,176,22.736,72.76
9,177,19.818,63.42
9,178,12.91,33.56
9,179,24.295,63.17
9,180,14.1,36.66
9,181,18.233,52.87
9,182,13.841,35.99
9,183,12.946,41.43
9,184,4.584,13.29
9,185,14.477,41.98
9,186,17.042,54.53
9,187,3.137,9.1
9,188,16.619,53.18
9,189,16.209,47.01
9,190,20.732,60.12
9,191,2.991,8.67
9,192,18.091,52.47
9,193,5.807,16.84
9,194,13.983,36.36
9,195,11.856,30.83
9,196,1.535,4.45
9,197,18.402,58.89
9,198,6.345,20.3
9,199,13.531,39.24
9,200,16.585,43.12
10,0,9.223,23.98
10,1,17.255,39.69
10,2,8.018,20.85
10,3,18.192,41.84
10,4,13.042,30.0
10,5,13.266,34.49
10,6,18.298,53.07
10,7,16.956,44.09
10,8,12.193,28.04
10,9,20.099,58.29
10,11,18.204,52.79
10,12,19.148,49.79
10,13,17.269,39.72
10,14,8.258,21.47
10,15,3.244,9.41
10,16,15.016,34.54
10,17,18.86,43.38
10,18,9.902,25.74
10,19,15.062,34.64
10,20,7.997,18.39
10,21,19.204,55.69
10,22,17.161,39.47
10,23,5.585,14.52
10,24,6.337,18.38
10,25,5.484,15.9
10,26,8.84,22.98
10,27,7.575,19.69
10,28,5.213,15.12
10,29,9.192,26.66
10,30,7.584,19.72
10,31,11.584,30.12
10,32,16.122,41.92
10,33,16.372,37.66
10,34,20.388,46.89
10,35,18.385,42.28
10,36,8.477,19.5
10,37,16.598,48.13
10,38,14.435,41.86
10,39,12.764,33.19
10,40,17.811,51.65
10,41,8.984,23.36
10,42,9.569,24.88
10,43,20.472,59.37
10,44,15.68,45.47
10,45,16.325,42.45
10,46,9.68,28.07
10,47,8.902,20.47
10,48,9.25,26.83
10,49,14.873,38.67
10,50,7.043,16.2
10,51,21.333,49.07
10,52,8.147,23.63
10,53,14.815,38.52
10,54,4.774,13.84
10,55,10.508,27.32
10,56,18.714,43.04
10,57,8.032,23.29
10,58,16.049,36.91
10,59,14.898,43.21
10,60,9.51,27.58
10,61,21.834,50.22
10,62,14.825,42.99
10,63,15.694,36.1
10,64,12.114,27.86
10,65,1.867,4.85
10,66,6.934,18.03
10,67,13.944,40.44
10,68,7.366,19.15
10,69,8.521,19.6
10,70,7.232,18.8
10,71,16.83,38.71
10,72,6.962,18.1
10,73,15.886,46.07
10,74,5.8,16.82
10,75,9.366,27.16
10,76,12.526,32.57
10,77,8.402,21.84
10,78,2.0,4.6
10,79,11.156,25.66
10,80,9.819,25.53
10,81,22.93,59.62
10,82,9.178,21.11
10,83,5.259,12.1
10,84,6.421,18.62
10,85,6.431,16.72
10,86,12.073,31.39
10,87,20.472,47.08
10,88,17.038,44.3
10,89,6.257,14.39
10,90,14.687,38.19
10,91,8.995,23.39
10,92,19.412,50.47
10,93,6.685,19.39
10,94,11.932,27.44
10,95,13.994,40.58
10,96,12.649,32.89
10,97,8.842,20.34
10,98,12.398,28.52
10,99,14.068,36.58
10,100,18.581,48.31
10,101,12.123,31.52
10,102,14.809,38.5
10,103,3.982,11.55
10,104,8.855,23.02
10,105,3.56,10.32
10,106,16.302,37.49
10,107,14.605,33.59
10,108,5.772,15.01
10,109,9.793,22.52
10,110,16.812,43.71
10,111,6.379,16.59
10,112,14.52,33.4
10,113,9.8,28.42
10,114,9.278,21.34
10,115,17.147,39.44
10,116,8.011,23.23
10,117,9.783,25.43
10,118,16.159,37.16
10,119,17.953,46.68
10,120,19.504,44.86
10,121,15.301,39.78
10,122,9.957,28.87
10,123,9.782,28.37
10,124,7.085,20.55
10,125,6.87,15.8
10,126,6.836,19.82
10,127,7.58,21.98
10,128,15.234,44.18
10,129,18.04,41.49
10,130,18.094,47.04
10,131,8.664,19.93
10,132,18.167,47.23
10,133,16.697,48.42
10,134,13.145,34.18
10,135,8.358,21.73
10,136,16.721,48.49
10,137,18.011,52.23
10,138,7.302,21.18
10,139,22.241,51.15
10,140,12.372,28.46
10,141,15.641,40.67
10,142,17.8,51.62
10,143,9.075,20.87
10,144,12.344,32.1
10,145,18.045,46.92
10,146,11.676,26.86
10,147,9.86,25.64
10,148,17.032,49.39
10,149,2.24,5.82
10,150,8.644,19.88
10,151,11.071,25.46
10,152,17.777,51.55
10,153,16.286,42.34
10,154,7.615,22.08
10,155,12.189,35.35
10,156,8.248,23.92
10,157,18.973,43.64
10,158,7.051,16.22
10,159,19.222,55.74
10,160,16.657,38.31
10,161,6.346,16.5
10,162,21.016,54.64
10,163,4.118,11.94
10,164,3.986,11.56
10,165,11.643,33.76
10,166,6.25,14.37
10,167,5.96,17.28
10,168,6.011,15.63
10,169,11.29,32.74
10,170,15.129,43.88
10,171,14.667,38.13
10,172,17.018,49.35
10,173,23.086,66.95
10,174,13.381,34.79
10,175,13.747,31.62
10,176,5.048,14.64
10,177,7.383,21.41
10,178,9.746,22.42
10,179,8.835,20.32
10,180,15.658,36.01
10,181,3.621,9.41
10,182,14.795,34.03
10,183,8.891,25.78
10,184,15.612,40.59
10,185,14.581,37.91
10,186,16.736,48.53
10,187,20.884,54.3
10,188,11.92,34.57
10,189,16.249,42.25
10,190,7.103,18.47
10,191,19.925,51.8
10,192,3.822,9.94
10,193,14.863,38.65
10,194,16.838,38.73
10,195,9.342,21.49
10,196,21.002,54.6
10,197,17.581,50.98
10,198,13.755,39.89
10,199,15.87,41.26
10,200,18.737,43.1
11,0,9.239,26.79
11,1,14.798,38.47
11,2,10.699,31.03
11,3,11.391,29.62
11,4,11.804,30.69
11,5,11.772,34.14
11,6,2.707,8.66
11,7,2.238,6.49
11,8,16.945,44.06
11,9,2.837,9.08
11,10,18.204,52.79
11,12,12.619,36.59
11,13,2.108,5.48
11,14,12.172,35.3
11,15,18.077,57.85
11,16,18.175,47.26
11,17,2.556,6.65
11,18,12.659,36.71
11,19,11.611,30.19
11,20,19.655,51.1
11,21,2.718,8.7
11,22,10.553,27.44
11,23,14.869,43.12
11,24,14.902,47.69
11,25,17.618,56.38
11,26,16.794,48.7
11,27,19.672,57.05
11,28,18.819,60.22
11,29,17.864,57.17
11,30,12.843,37.24
11,31,10.119,29.35
11,32,2.09,6.06
11,33,3.335,8.67
11,34,2.709,7.04
11,35,10.205,26.53
11,36,12.728,33.09
11,37,11.713,37.48
11,38,12.407,39.7
11,39,11.884,34.46
11,40,7.718,24.7
11,41,13.947,40.45
11,42,12.241,35.5
11,43,3.788,12.12
11,44,9.993,31.98
11,45,1.92,5.57
11,46,13.74,43.97
11,47,12.677,32.96
11,48,15.069,48.22
11,49,4.373,12.68
11,50,16.572,43.09
11,51,3.732,9.7
11,52,17.539,56.13
11,53,3.587,10.4
11,54,19.904,63.69
11,55,12.74,36.95
11,56,12.401,32.24
11,57,14.102,45.13
11,58,11.481,29.85
11,59,12.181,38.98
11,60,13.958,44.67
11,61,17.678,45.96
11,62,10.956,35.06
11,63,10.924,28.4
11,64,15.612,40.59
11,65,19.81,57.45
11,66,20.739,60.14
11,67,8.457,27.06
11,68,14.728,42.71
11,69,13.947,36.26
11,70,14.767,42.82
11,71,2.01,5.23
11,72,13.414,38.9
11,73,9.532,30.5
11,74,16.664,53.32
11,75,14.461,46.28
11,76,6.164,17.88
11,77,21.616,62.69
11,78,17.19,44.69
11,79,12.588,32.73
11,80,15.863,46.0
11,81,4.779,13.86
11,82,11.114,28.9
11,83,16.758,43.57
11,84,22.003,70.41
11,85,15.041,43.62
11,86,10.042,29.12
11,87,2.271,5.91
11,88,3.038,8.81
11,89,12.941,33.65
11,90,12.547,36.39
11,91,12.269,35.58
11,92,2.655,7.7
11,93,14.838,47.48
11,94,9.122,23.72
11,95,7.026,22.48
11,96,9.419,27.31
11,97,12.016,31.24
11,98,16.211,42.15
11,99,4.604,13.35
11,100,3.173,9.2
11,101,10.347,30.01
11,102,11.492,33.33
11,103,18.308,58.59
11,104,15.435,44.76
11,105,19.327,61.85
11,106,3.477,9.04
11,107,8.957,23.29
11,108,17.634,51.14
11,109,14.839,38.58
11,110,1.428,4.14
11,111,18.599,53.94
11,112,3.86,10.04
11,113,14.238,45.56
11,114,15.274,39.71
11,115,1.106,2.87
11,116,15.057,48.18
11,117,12.362,35.85
11,118,11.354,29.52
11,119,1.771,5.14
11,120,2.763,7.18
11,121,3.098,8.98
11,122,13.087,41.88
11,123,9.527,30.49
11,124,14.559,46.59
11,125,21.849,56.81
11,126,12.37,39.59
11,127,13.267,42.46
11,128,2.973,9.51
11,129,11.455,29.78
11,130,12.872,37.33
11,131,14.522,37.76
11,132,14.646,42.47
11,133,12.702,40.65
11,134,16.569,48.05
11,135,10.818,31.37
11,136,13.335,42.67
11,137,12.091,38.69
11,138,15.453,49.45
11,139,4.977,12.94
11,140,9.939,25.84
11,141,12.0,34.8
11,142,11.779,37.69
11,143,15.897,41.33
11,144,9.119,26.45
11,145,0.879,2.55
11,146,12.665,32.93
11,147,12.48,36.19
11,148,13.39,42.85
11,149,17.913,51.95
11,150,13.447,34.96
11,151,15.15,39.39
11,152,2.669,8.54
11,153,1.92,5.57
11,154,18.305,58.58
11,155,9.488,30.36
11,156,12.543,40.14
11,157,2.35,6.11
11,158,15.008,39.02
11,159,5.05,16.16
11,160,3.761,9.78
11,161,21.538,62.46
11,162,3.08,8.93
11,163,18.85,60.32
11,164,17.054,54.57
11,165,13.554,43.37
11,166,15.042,39.11
11,167,16.891,54.05
11,168,20.317,58.92
11,169,8.092,25.89
11,170,12.111,38.76
11,171,11.57,33.55
11,172,10.517,33.66
11,173,4.918,15.74
11,174,11.102,32.2
11,175,17.558,45.65
11,176,20.428,65.37
11,177,17.257,55.22
11,178,12.163,31.62
11,179,21.75,56.55
11,180,11.282,29.33
11,181,16.014,46.44
11,182,11.007,28.62
11,183,11.969,38.3
11,184,2.767,8.02
11,185,11.641,33.76
11,186,14.236,45.55
11,187,5.702,16.53
11,188,13.82,44.22
11,189,13.396,38.85
11,190,18.201,52.78
11,191,1.874,5.43
11,192,15.858,45.99
11,193,3.389,9.83
11,194,11.208,29.14
11,195,10.787,28.05
11,196,2.964,8.59
11,197,15.607,49.94
11,198,4.804,15.37
11,199,10.72,31.09
11,200,13.872,36.07
12,0,12.049,31.33
12,1,3.652,8.4
12,2,15.959,41.49
12,3,1.346,3.1
12,4,6.112,14.06
12,5,21.237,55.22
12,6,10.005,29.01
12,7,10.564,27.47
12,8,25.007,57.52
12,9,15.271,44.28
12,10,19.148,49.79
12,11,12.619,36.59
12,13,10.582,24.34
12,14,18.453,47.98
12,15,16.932,49.1
12,16,8.71,20.03
12,17,10.398,23.92
12,18,20.148,52.39
12,19,4.087,9.4
12,20,15.133,34.81
12,21,10.455,30.32
12,22,2.505,5.76
12,23,13.614,35.4
12,24,20.065,58.19
12,25,15.046,43.63
12,26,11.996,31.19
12,27,15.444,40.16
12,28,16.236,47.08
12,29,12.596,36.53
12,30,18.705,48.63
12,31,18.674,48.55
12,32,12.039,31.3
12,33,14.848,34.15
12,34,14.904,34.28
12,35,2.415,5.55
12,36,19.258,44.29
12,37,2.553,7.4
12,38,4.814,13.96
12,39,21.077,54.8
12,40,19.647,56.98
12,41,20.821,54.13
12,42,19.509,50.72
12,43,16.286,47.23
12,44,3.933,11.4
12,45,12.62,32.81
12,46,21.042,61.02
12,47,19.506,44.86
12,48,21.989,63.77
12,49,14.704,38.23
12,50,13.194,30.35
12,51,11.842,27.24
12,52,13.082,37.94
12,53,11.089,28.83
12,54,17.636,51.15
12,55,20.597,53.55
12,56,0.437,1.01
12,57,20.378,59.09
12,58,3.11,7.15
12,59,4.304,12.48
12,60,21.144,61.32
12,61,5.062,11.64
12,62,4.381,12.7
12,63,3.551,8.17
12,64,23.921,55.02
12,65,19.82,51.53
12,66,17.053,44.34
12,67,6.365,18.46
12,68,12.025,31.27
12,69,20.535,47.23
12,70,20.517,53.34
12,71,13.703,31.52
12,72,18.884,49.1
12,73,4.04,11.72
12,74,14.176,41.11
12,75,21.518,62.4
12,76,14.342,37.29
12,77,17.054,44.34
12,78,17.25,39.68
12,79,20.833,47.92
12,80,10.594,27.54
12,81,13.961,36.3
12,82,17.937,41.26
12,83,14.631,33.65
12,84,19.011,55.13
12,85,12.923,33.6
12,86,18.925,49.2
12,87,13.531,31.12
12,88,9.66,25.12
12,89,17.597,40.47
12,90,4.6,11.96
12,91,19.135,49.75
12,92,15.254,39.66
12,93,12.643,36.66
12,94,17.847,41.05
12,95,17.088,49.55
12,96,18.668,48.54
12,97,18.738,43.1
12,98,24.533,56.43
12,99,13.952,36.27
12,100,15.718,40.87
12,101,19.264,50.09
12,102,4.34,11.28
12,103,16.622,48.2
12,104,22.087,57.42
12,105,17.862,51.8
12,106,14.949,34.38
12,107,5.438,12.51
12,108,14.856,38.63
12,109,22.089,50.81
12,110,12.011,31.23
12,111,15.234,39.61
12,112,13.182,30.32
12,113,21.564,62.54
12,114,22.182,51.02
12,115,12.685,29.18
12,116,11.612,33.67
12,117,19.775,51.42
12,118,3.02,6.95
12,119,10.855,28.22
12,120,10.65,24.49
12,121,13.15,34.19
12,122,20.595,59.73
12,123,16.344,47.4
12,124,20.215,58.62
12,125,18.461,42.46
12,126,17.357,50.34
12,127,19.193,55.66
12,128,12.024,34.87
12,129,1.381,3.18
12,130,1.265,3.29
12,131,21.165,48.68
12,132,2.813,7.31
12,133,2.627,7.62
12,134,25.16,65.42
12,135,16.675,43.36
12,136,2.93,8.5
12,137,1.144,3.32
12,138,12.37,35.87
12,139,11.485,26.42
12,140,19.014,43.73
12,141,3.528,9.17
12,142,1.404,4.07
12,143,22.598,51.98
12,144,18.148,47.19
12,145,11.742,30.53
12,146,21.195,48.75
12,147,19.944,51.86
12,148,2.662,7.72
12,149,17.482,45.45
12,150,20.122,46.28
12,151,23.027,52.96
12,152,15.009,43.52
12,153,12.144,31.57
12,154,14.108,40.91
12,155,18.43,53.45
12,156,18.881,54.76
12,157,10.681,24.57
12,158,12.39,28.5
12,159,8.041,23.32
12,160,9.019,20.74
12,161,18.453,47.98
12,162,14.845,38.6
12,163,17.01,49.33
12,164,15.73,45.62
12,165,21.965,63.7
12,166,13.077,30.08
12,167,14.2,41.18
12,168,17.225,44.78
12,169,15.936,46.21
12,170,22.408,64.98
12,171,4.482,11.65
12,172,2.621,7.6
12,173,15.261,44.26
12,174,5.795,15.07
12,175,26.188,60.23
12,176,18.04,52.32
12,177,13.418,38.91
12,178,19.548,44.96
12,179,16.911,38.9
12,180,3.516,8.09
12,181,15.579,40.51
12,182,4.401,10.12
12,183,18.722,54.29
12,184,13.071,33.99
12,185,4.569,11.88
12,186,3.58,10.38
12,187,18.307,47.6
12,188,7.694,22.31
12,189,3.426,8.91
12,190,14.378,37.38
12,191,12.471,32.42
12,192,15.371,39.96
12,193,11.631,30.24
12,194,2.424,5.58
12,195,17.671,40.64
12,196,14.573,37.89
12,197,4.23,12.27
12,198,13.77,39.93
12,199,3.451,8.97
12,200,1.606,3.69
13,0,8.083,18.59
13,1,12.691,25.38
13,2,10.256,23.59
13,3,9.331,18.66
13,4,9.784,19.57
13,5,12.563,28.89
13,6,1.269,3.3
13,7,0.314,0.72
13,8,17.472,34.94
13,9,4.93,12.82
13,10,17.269,39.72
13,11,2.108,5.48
13,12,10.582,24.34
13,14,12.08,27.78
13,15,16.812,43.71
13,16,16.118,32.24
13,17,1.663,3.33
13,18,12.907,29.69
13,19,9.513,19.03
13,20,18.008,36.02
13,21,2.004,5.21
13,22,8.463,16.93
13,23,13.462,30.96
13,24,14.667,38.14
13,25,16.145,41.98
13,26,15.042,34.6
13,27,18.058,41.53
13,28,17.381,45.19
13,29,16.097,41.85
13,30,12.68,29.16
13,31,10.559,24.29
13,32,1.959,4.5
13,33,4.586,9.17
13,34,4.731,9.46
13,35,8.177,16.35
13,36,12.727,25.45
13,37,9.608,24.98
13,38,10.327,26.85
13,39,12.595,28.97
13,40,9.338,24.28
13,41,14.084,32.39
13,42,12.411,28.55
13,43,5.894,15.33
13,44,7.886,20.5
13,45,2.373,5.46
13,46,13.98,36.35
13,47,12.75,25.5
13,48,15.257,39.67
13,49,5.061,11.64
13,50,14.965,29.93
13,51,4.064,8.13
13,52,15.845,41.2
13,53,2.516,5.79
13,54,18.537,48.2
13,55,13.092,30.11
13,56,10.348,20.7
13,57,14.097,36.65
13,58,9.372,18.74
13,59,10.088,26.23
13,60,14.175,36.86
13,61,15.643,31.29
13,62,8.862,23.04
13,63,8.817,17.63
13,64,16.174,32.35
13,65,18.772,43.17
13,66,19.212,44.19
13,67,6.423,16.7
13,68,13.125,30.19
13,69,14.012,28.02
13,70,14.662,33.72
13,71,3.272,6.54
13,72,13.186,30.33
13,73,7.424,19.3
13,74,15.168,39.44
13,75,14.663,38.12
13,76,6.138,14.12
13,77,20.005,46.01
13,78,16.076,32.15
13,79,13.042,26.08
13,80,14.038,32.29
13,81,5.84,13.43
13,82,11.105,22.21
13,83,15.312,30.62
13,84,20.589,53.53
13,85,13.525,31.11
13,86,10.582,24.34
13,87,3.844,7.69
13,88,0.935,2.15
13,89,12.501,25.0
13,90,10.46,24.06
13,91,12.333,28.37
13,92,4.757,10.94
13,93,13.304,34.59
13,94,9.561,19.12
13,95,7.82,20.33
13,96,10.048,23.11
13,97,12.03,24.06
13,98,16.79,33.58
13,99,4.837,11.12
13,100,5.136,11.81
13,101,10.912,25.1
13,102,9.4,21.62
13,103,16.974,44.13
13,104,15.569,35.81
13,105,18.054,46.94
13,106,4.713,9.43
13,107,6.877,13.75
13,108,16.135,37.11
13,109,15.103,30.21
13,110,1.571,3.61
13,111,17.058,39.23
13,112,3.929,7.86
13,113,14.501,37.7
13,114,15.465,30.93
13,115,2.154,4.31
13,116,13.384,34.8
13,117,12.576,28.92
13,118,9.246,18.49
13,119,0.705,1.62
13,120,2.274,4.55
13,121,3.409,7.84
13,122,13.357,34.73
13,123,9.408,24.46
13,124,14.423,37.5
13,125,20.382,40.76
13,126,11.973,31.13
13,127,13.141,34.17
13,128,2.58,6.71
13,129,9.387,18.77
13,130,10.789,24.81
13,131,14.622,29.24
13,132,12.549,28.86
13,133,10.595,27.55
13,134,17.228,39.62
13,135,10.535,24.23
13,136,11.227,29.19
13,137,10.014,26.04
13,138,13.838,35.98
13,139,5.028,10.06
13,140,10.536,21.07
13,141,9.894,22.76
13,142,9.698,25.22
13,143,16.057,32.11
13,144,9.659,22.22
13,145,1.298,2.98
13,146,13.204,26.41
13,147,12.713,29.24
13,148,11.284,29.34
13,149,16.749,38.52
13,150,13.514,27.03
13,151,15.585,31.17
13,152,4.454,11.58
13,153,1.952,4.49
13,154,16.66,43.32
13,155,10.019,26.05
13,156,12.484,32.46
13,157,1.719,3.44
13,158,13.428,26.86
13,159,3.485,9.06
13,160,1.653,3.31
13,161,20.103,46.24
13,162,4.961,11.41
13,163,17.511,45.53
13,164,15.729,40.89
13,165,14.088,36.63
13,166,13.547,27.09
13,167,15.378,39.98
13,168,18.854,43.36
13,169,8.166,21.23
13,170,13.18,34.27
13,171,9.482,21.81
13,172,8.423,21.9
13,173,6.416,16.68
13,174,9.067,20.85
13,175,18.246,36.49
13,176,19.058,49.55
13,177,15.621,40.61
13,178,12.361,24.72
13,179,20.111,40.22
13,180,9.175,18.35
13,181,14.778,33.99
13,182,8.914,17.83
13,183,11.988,31.17
13,184,3.161,7.27
13,185,9.555,21.98
13,186,12.128,31.53
13,187,7.791,17.92
13,188,11.858,30.83
13,189,11.288,25.96
13,190,16.594,38.17
13,191,2.938,6.76
13,192,14.607,33.6
13,193,2.665,6.13
13,194,9.107,18.21
13,195,10.775,21.55
13,196,4.776,10.98
13,197,13.499,35.1
13,198,4.891,12.72
13,199,8.612,19.81
13,200,11.797,23.59
14,0,6.449,16.77
14,1,18.131,41.7
14,2,2.512,6.53
14,3,17.178,39.51
14,4,13.316,30.63
14,5,5.166,13.43
14,6,13.326,38.65
14,7,11.792,30.66
14,8,6.649,15.29
14,9,13.275,38.5
14,10,8.258,21.47
14,11,12.172,35.3
14,12,18.453,47.98
14,13,12.08,27.78
14,15,10.106,29.31
14,16,18.208,41.88
14,17,13.729,31.58
14,18,2.115,5.5
14,19,14.871,34.2
14,20,14.182,32.62
14,21,14.059,40.77
14,22,15.991,36.78
14,23,9.06,23.55
14,24,2.816,8.17
14,25,11.266,32.67
14,26,13.096,34.05
14,27,13.911,36.17
14,28,11.871,34.43
14,29,13.99,40.57
14,30,0.76,1.98
14,31,3.358,8.73
14,32,10.351,26.91
14,33,9.445,21.72
14,34,13.709,31.53
14,35,16.763,38.55
14,36,0.808,1.86
14,37,16.129,46.77
14,38,14.799,42.92
14,39,4.691,12.2
14,40,9.721,28.19
14,41,2.369,6.16
14,42,1.533,3.99
14,43,13.38,38.8
14,44,14.521,42.11
14,45,10.29,26.75
14,46,2.685,7.79
14,47,1.14,2.62
14,48,3.54,10.27
14,49,7.995,20.79
14,50,11.641,26.77
14,51,15.816,36.38
14,52,13.065,37.89
14,53,9.655,25.1
14,54,12.202,35.39
14,55,2.757,7.17
14,56,18.039,41.49
14,57,2.052,5.95
14,58,15.585,35.85
14,59,15.044,43.63
14,60,2.735,7.93
14,61,22.618,52.02
14,62,14.325,41.54
14,63,15.018,34.54
14,64,5.751,13.23
14,65,10.125,26.33
14,66,14.036,36.49
14,67,12.111,35.12
14,68,10.503,27.31
14,69,2.1,4.83
14,70,2.597,6.75
14,71,10.347,23.8
14,72,1.437,3.74
14,73,14.453,41.91
14,74,10.796,31.31
14,75,3.07,8.9
14,76,6.026,15.67
14,77,15.424,40.1
14,78,8.499,19.55
14,79,3.319,7.63
14,80,13.236,34.41
14,81,16.872,43.87
14,82,1.12,2.57
14,83,10.473,24.09
14,84,14.243,41.3
14,85,9.971,25.92
14,86,3.833,9.97
14,87,14.26,32.8
14,88,12.274,31.91
14,89,2.152,4.95
14,90,15.074,39.19
14,91,0.921,2.4
14,92,12.529,32.58
14,93,10.013,29.04
14,94,3.884,8.93
14,95,6.228,18.06
14,96,4.455,11.58
14,97,0.614,1.41
14,98,6.312,14.52
14,99,7.569,19.68
14,100,11.484,29.86
14,101,3.866,10.05
14,102,14.603,37.97
14,103,10.744,31.16
14,104,3.691,9.6
14,105,11.111,32.22
14,106,9.336,21.47
14,107,13.028,29.96
14,108,11.475,29.84
14,109,3.652,8.4
14,110,11.022,28.66
14,111,12.506,32.52
14,112,8.347,19.2
14,113,3.17,9.19
14,114,3.737,8.6
14,115,11.072,25.46
14,116,11.292,32.75
14,117,1.823,4.74
14,118,15.607,35.9
14,119,12.629,32.83
14,120,14.293,32.87
14,121,9.081,23.61
14,122,2.44,7.08
14,123,2.675,7.76
14,124,2.388,6.92
14,125,14.493,33.33
14,126,1.767,5.13
14,127,1.101,3.19
14,128,9.545,27.68
14,129,17.096,39.32
14,130,17.811,46.31
14,131,2.739,6.3
14,132,18.709,48.64
14,133,16.695,48.42
14,134,7.029,18.28
14,135,1.785,4.64
14,136,17.027,49.38
14,137,17.377,50.39
14,138,11.021,31.96
14,139,16.97,39.03
14,140,4.131,9.5
14,141,15.533,40.39
14,142,17.071,49.51
14,143,4.206,9.67
14,144,4.234,11.01
14,145,12.356,32.13
14,146,3.857,8.87
14,147,1.968,5.12
14,148,17.284,50.12
14,149,9.341,24.29
14,150,1.669,3.84
14,151,4.725,10.87
14,152,10.855,31.48
14,153,10.46,27.2
14,154,13.162,38.17
14,155,4.017,11.65
14,156,0.435,1.26
14,157,13.729,31.58
14,158,10.467,24.07
14,159,15.071,43.71
14,160,12.232,28.13
14,161,14.006,36.42
14,162,14.422,37.5
14,163,11.183,32.43
14,164,9.795,28.41
14,165,4.225,12.25
14,166,9.817,22.58
14,167,11.081,32.14
14,168,13.221,34.37
14,169,4.095,11.88
14,170,7.049,20.44
14,171,14.53,37.78
14,172,15.862,46.0
14,173,16.625,48.21
14,174,13.189,34.29
14,175,7.996,18.39
14,176,12.641,36.66
14,177,12.349,35.81
14,178,1.685,3.87
14,179,15.775,36.28
14,180,15.174,34.9
14,181,8.505,22.11
14,182,14.328,32.96
14,183,0.655,1.9
14,184,9.41,24.47
14,185,14.498,37.7
14,186,17.482,50.7
14,187,13.308,34.6
14,188,13.605,39.45
14,189,16.706,43.44
14,190,12.75,33.15
14,191,14.044,36.51
14,192,8.507,22.12
14,193,9.417,24.48
14,194,16.063,36.94
14,195,1.419,3.26
14,196,14.494,37.68
14,197,18.753,54.38
14,198,7.378,21.39
14,199,15.053,39.14
14,200,18.748,43.12
15,0,8.839,25.63
15,1,14.656,38.1
15,2,9.07,26.3
15,3,16.116,41.9
15,4,10.866,28.25
15,5,15.271,44.29
15,6,17.689,56.61
15,7,16.507,47.87
15,8,15.015,39.04
15,9,20.302,64.97
15,10,3.244,9.41
15,11,18.077,57.85
15,12,16.932,49.1
15,13,16.812,43.71
15,14,10.106,29.31
15,16,11.954,31.08
15,17,18.291,47.56
15,18,12.034,34.9
15,19,12.889,33.51
15,20,4.779,12.43
15,21,18.624,59.6
15,22,15.187,39.49
15,23,3.56,10.33
15,24,8.85,28.32
15,25,2.306,7.38
15,26,5.791,16.79
15,27,4.373,12.68
15,28,2.017,6.45
15,29,6.016,19.25
15,30,9.564,27.74
15,31,13.203,38.29
15,32,15.996,46.39
15,33,16.796,43.67
15,34,20.5,53.3
15,35,16.5,42.9
15,36,10.531,27.38
15,37,14.426,46.16
15,38,12.126,38.8
15,39,14.791,42.9
15,40,19.032,60.9
15,41,11.377,32.99
15,42,11.58,33.58
15,43,20.82,66.62
15,44,13.79,44.13
15,45,16.307,47.29
15,46,12.043,38.54
15,47,10.979,28.55
15,48,11.871,37.99
15,49,15.362,44.55
15,50,4.057,10.55
15,51,20.828,54.15
15,52,4.99,15.97
15,53,14.523,42.12
15,54,2.113,6.76
15,55,12.678,36.77
15,56,16.51,42.93
15,57,10.427,33.37
15,58,13.905,36.15
15,59,12.628,40.41
15,60,11.916,38.13
15,61,19.134,49.75
15,62,12.77,40.86
15,63,13.641,35.47
15,64,14.763,38.38
15,65,2.99,8.67
15,66,4.006,11.62
15,67,12.432,39.78
15,68,4.908,14.23
15,69,10.899,28.34
15,70,9.758,28.3
15,71,16.997,44.19
15,72,9.053,26.25
15,73,14.077,45.05
15,74,2.863,9.16
15,75,11.872,37.99
15,76,13.035,37.8
15,77,5.458,15.83
15,78,1.687,4.39
15,79,13.308,34.6
15,80,6.924,20.08
15,81,22.632,65.63
15,82,10.806,28.1
15,83,2.347,6.1
15,84,4.241,13.57
15,85,4.033,11.7
15,86,13.706,39.75
15,87,20.334,52.87
15,88,16.414,47.6
15,89,7.955,20.68
15,90,12.354,35.83
15,91,10.966,31.8
15,92,19.673,57.05
15,93,4.316,13.81
15,94,13.327,34.65
15,95,15.056,48.18
15,96,14.172,41.1
15,97,10.719,27.87
15,98,15.12,39.31
15,99,14.432,41.85
15,100,18.999,55.1
15,101,13.828,40.1
15,102,12.658,36.71
15,103,0.756,2.42
15,104,11.544,33.48
15,105,1.25,4.0
15,106,16.751,43.55
15,107,12.941,33.65
15,108,2.59,7.51
15,109,12.369,32.16
15,110,16.65,48.28
15,111,3.136,9.1
15,112,14.694,38.21
15,113,12.265,39.25
15,114,11.935,31.03
15,115,17.098,44.45
15,116,5.368,17.18
15,117,11.837,34.33
15,118,14.037,36.5
15,119,17.516,50.8
15,120,18.938,49.24
15,121,15.438,44.77
15,122,12.187,39.0
15,123,10.919,34.94
15,124,9.549,30.56
15,125,4.401,11.44
15,126,8.419,26.94
15,127,9.704,31.05
15,128,15.136,48.43
15,129,15.949,41.47
15,130,15.794,45.8
15,131,11.175,29.05
15,132,15.626,45.32
15,133,14.374,46.0
15,134,15.883,46.06
15,135,9.65,27.98
15,136,14.305,45.78
15,137,15.823,50.63
15,138,4.608,14.75
15,139,21.592,56.14
15,140,13.997,36.39
15,141,13.407,38.88
15,142,15.651,50.08
15,143,11.84,30.78
15,144,13.776,39.95
15,145,17.766,51.52
15,146,13.848,36.0
15,147,11.947,34.65
15,148,14.618,46.78
15,149,1.018,2.95
15,150,10.906,28.36
15,151,13.68,35.57
15,152,18.129,58.01
15,153,16.174,46.9
15,154,4.384,14.03
15,155,13.699,43.84
15,156,10.22,32.7
15,157,18.447,47.96
15,158,4.543,11.81
15,159,18.226,58.32
15,160,15.919,41.39
15,161,3.932,11.4
15,162,21.058,61.07
15,163,1.083,3.46
15,164,1.222,3.91
15,165,13.977,44.73
15,166,3.897,10.13
15,167,2.941,9.41
15,168,3.138,9.1
15,169,12.251,39.2
15,170,17.155,54.89
15,171,12.503,36.26
15,172,15.047,48.15
15,173,22.992,73.57
15,174,11.335,32.87
15,175,16.576,43.1
15,176,2.59,8.29
15,177,4.26,13.63
15,178,11.749,30.55
15,179,5.857,15.23
15,180,13.543,35.21
15,181,2.07,6.0
15,182,12.731,33.1
15,183,10.76,34.43
15,184,15.719,45.58
15,185,12.405,35.97
15,186,14.193,45.42
15,187,21.547,62.49
15,188,9.377,30.01
15,189,13.81,40.05
15,190,3.873,11.23
15,191,19.647,56.98
15,192,2.219,6.44
15,193,14.689,42.6
15,194,14.751,38.35
15,195,10.884,28.3
15,196,20.998,60.89
15,197,14.893,47.66
15,198,14.088,45.08
15,199,13.852,40.17
15,200,16.327,42.45
16,0,12.464,28.67
16,1,5.078,10.16
16,2,15.891,36.55
16,3,8.876,17.75
16,4,6.422,12.84
16,5,22.573,51.92
16,6,16.161,42.02
16,7,15.945,36.67
16,8,24.665,49.33
16,9,21.01,54.63
16,10,15.016,34.54
16,11,18.175,47.26
16,12,8.71,20.03
16,13,16.118,32.24
16,14,18.208,41.88
16,15,11.954,31.08
16,17,16.734,33.47
16,18,20.287,46.66
16,19,6.784,13.57
16,20,8.238,16.48
16,21,16.933,44.03
16,22,8.833,17.67
16,23,9.933,22.85
16,24,18.614,48.4
16,25,9.654,25.1
16,26,6.18,14.21
16,27,8.673,19.95
16,28,10.426,27.11
16,29,6.032,15.68
16,30,18.102,41.63
16,31,19.913,45.8
16,32,16.726,38.47
16,33,19.091,38.18
16,34,20.848,41.7
16,35,10.057,20.11
16,36,18.958,37.92
16,37,7.415,19.28
16,38,5.838,15.18
16,39,22.239,51.15
16,40,23.344,60.69
16,41,20.376,46.87
16,42,19.65,45.19
16,43,21.924,57.0
16,44,8.553,22.24
16,45,17.298,39.79
16,46,20.85,54.21
16,47,19.345,38.69
16,48,21.33,55.46
16,49,18.279,42.04
16,50,7.973,15.95
16,51,18.879,37.76
16,52,6.993,18.18
16,53,15.234,35.04
16,54,11.663,30.32
16,55,20.893,48.05
16,56,8.476,16.95
16,57,19.619,51.01
16,58,7.322,14.64
16,59,6.174,16.05
16,60,20.848,54.2
16,61,8.137,16.27
16,62,7.357,19.13
16,63,7.681,15.36
16,64,23.929,47.86
16,65,14.884,34.23
16,66,10.256,23.59
16,67,9.723,25.28
16,68,8.098,18.63
16,69,19.957,39.91
16,70,19.361,44.53
16,71,18.4,36.8
16,72,17.961,41.31
16,73,9.066,23.57
16,74,9.216,23.96
16,75,21.051,54.73
16,76,16.814,38.67
16,77,9.697,22.3
16,78,13.043,26.09
16,79,21.354,42.71
16,80,5.306,12.2
16,81,21.083,48.49
16,82,18.213,36.43
16,83,9.757,19.51
16,84,12.271,31.9
16,85,8.925,20.53
16,86,20.327,46.75
16,87,19.837,39.67
16,88,15.248,35.07
16,89,16.515,33.03
16,90,5.753,13.23
16,91,19.097,43.92
16,92,20.719,47.65
16,93,8.75,22.75
16,94,19.421,38.84
16,95,19.766,51.39
16,96,20.387,46.89
16,97,18.71,37.42
16,98,24.457,48.91
16,99,17.27,39.72
16,100,20.726,47.67
16,101,20.609,47.4
16,102,6.828,15.7
16,103,11.347,29.5
16,104,21.218,48.8
16,105,12.389,32.21
16,106,19.139,38.28
16,107,9.257,18.51
16,108,9.376,21.57
16,109,21.645,43.29
16,110,17.044,39.2
16,111,9.164,21.08
16,112,16.857,33.71
16,113,21.279,55.33
16,114,21.476,42.95
16,115,17.743,35.49
16,116,7.308,19.0
16,117,19.951,45.89
16,118,7.498,15.0
16,119,16.671,38.34
16,120,17.216,34.43
16,121,17.225,39.62
16,122,20.646,53.68
16,123,17.152,44.59
16,124,19.068,49.58
16,125,11.573,23.15
16,126,16.583,43.12
16,127,18.496,48.09
16,128,16.258,42.27
16,129,8.695,17.39
16,130,7.509,17.27
16,131,20.482,40.96
16,132,6.059,13.94
16,133,6.562,17.06
16,134,25.199,57.96
16,135,16.729,38.48
16,136,5.991,15.58
16,137,8.117,21.1
16,138,7.88,20.49
16,139,18.935,37.87
16,140,20.529,41.06
16,141,6.629,15.25
16,142,8.216,21.36
16,143,21.665,43.33
16,144,19.847,45.65
16,145,17.416,40.06
16,146,21.847,43.69
16,147,20.114,46.26
16,148,6.17,16.04
16,149,12.849,29.55
16,150,19.702,39.4
16,151,22.862,45.72
16,152,19.841,51.59
16,153,16.893,38.85
16,154,7.798,20.27
16,155,19.996,51.99
16,156,18.552,48.24
16,157,17.006,34.01
16,158,8.294,16.59
16,159,15.048,39.12
16,160,14.508,29.02
16,161,11.757,27.04
16,162,21.049,48.41
16,163,11.506,29.92
16,164,11.032,28.68
16,165,22.383,58.2
16,166,9.116,18.23
16,167,9.064,23.57
16,168,10.786,24.81
16,169,17.551,45.63
16,170,24.21,62.95
16,171,6.716,15.45
16,172,8.771,22.8
16,173,22.127,57.53
16,174,7.086,16.3
16,175,26.121,52.24
16,176,11.888,30.91
16,177,7.696,20.01
16,178,19.76,39.52
16,179,9.411,18.82
16,180,7.325,14.65
16,181,11.612,26.71
16,182,7.299,14.6
16,183,18.72,48.67
16,184,17.314,39.82
16,185,6.628,15.24
16,186,5.162,13.42
16,187,23.59,54.26
16,188,4.866,12.65
16,189,5.616,12.92
16,190,8.262,19.0
16,191,18.803,43.25
16,192,11.45,26.34
16,193,15.727,36.17
16,194,8.03,16.06
16,195,18.069,36.14
16,196,20.838,47.93
16,197,4.681,12.17
16,198,16.959,44.09
16,199,7.951,18.29
16,200,7.265,14.53
17,0,9.648,22.19
17,1,12.912,25.82
17,2,11.919,27.41
17,3,9.248,18.5
17,4,10.565,21.13
17,5,14.0,32.2
17,6,0.627,1.63
17,7,1.968,4.53
17,8,19.01,38.02
17,9,4.895,12.73
17,10,18.86,43.38
17,11,2.556,6.65
17,12,10.398,23.92
17,13,1.663,3.33
17,14,13.729,31.58
17,15,18.291,47.56
17,16,16.734,33.47
17,18,14.506,33.36
17,19,9.988,19.98
17,20,19.243,38.49
17,21,0.346,0.9
17,22,8.546,17.09
17,23,14.883,34.23
17,24,16.328,42.45
17,25,17.515,45.54
17,26,16.193,37.24
17,27,19.32,44.44
17,28,18.768,48.8
17,29,17.226,44.79
17,30,14.336,32.97
17,31,12.105,27.84
17,32,3.466,7.97
17,33,5.734,11.47
17,34,4.506,9.01
17,35,7.993,15.99
17,36,14.366,28.73
17,37,9.824,25.54
17,38,10.896,28.33
17,39,14.062,32.34
17,40,10.269,26.7
17,41,15.706,36.12
17,42,14.024,32.25
17,43,5.916,15.38
17,44,8.26,21.48
17,45,3.736,8.59
17,46,15.582,40.51
17,47,14.38,28.76
17,48,16.872,43.87
17,49,6.476,14.9
17,50,16.247,32.49
17,51,2.545,5.09
17,52,17.047,44.32
17,53,4.174,9.6
17,54,19.96,51.9
17,55,14.668,33.74
17,56,10.226,20.45
17,57,15.739,40.92
17,58,9.68,19.36
17,59,10.588,27.53
17,60,15.783,41.04
17,61,15.423,30.85
17,62,9.382,24.39
17,63,9.184,18.37
17,64,17.699,35.4
17,65,20.331,46.76
17,66,20.535,47.23
17,67,7.24,18.83
17,68,14.422,33.17
17,69,15.645,31.29
17,70,16.314,37.52
17,71,4.365,8.73
17,72,14.845,34.14
17,73,7.762,20.18
17,74,16.528,42.97
17,75,16.274,42.31
17,76,7.759,17.84
17,77,21.264,48.91
17,78,17.617,35.23
17,79,14.592,29.18
17,80,15.112,34.76
17,81,4.559,10.49
17,82,12.743,25.49
17,83,16.702,33.4
17,84,21.981,57.15
17,85,14.881,34.23
17,86,12.099,27.83
17,87,3.186,6.37
17,88,1.882,4.33
17,89,14.163,28.33
17,90,10.992,25.28
17,91,13.963,32.12
17,92,4.978,11.45
17,93,14.648,38.09
17,94,11.103,22.21
17,95,9.232,24.0
17,96,11.534,26.53
17,97,13.666,27.33
17,98,18.311,36.62
17,99,6.387,14.69
17,100,5.693,13.09
17,101,12.422,28.57
17,102,9.916,22.81
17,103,18.42,47.89
17,104,17.193,39.54
17,105,19.526,50.77
17,106,5.872,11.74
17,107,7.511,15.02
17,108,17.489,40.23
17,109,16.703,33.41
17,110,2.896,6.66
17,111,18.378,42.27
17,112,5.498,11.0
17,113,16.1,41.86
17,114,17.08,34.16
17,115,3.221,6.44
17,116,14.62,38.01
17,117,14.181,32.62
17,118,9.533,19.07
17,119,1.128,2.59
17,120,0.648,1.3
17,121,4.896,11.26
17,122,14.952,38.88
17,123,11.055,28.74
17,124,16.078,41.8
17,125,21.742,43.48
17,126,13.637,35.46
17,127,14.794,38.46
17,128,4.196,10.91
17,129,9.336,18.67
17,130,10.797,24.83
17,131,16.251,32.5
17,132,12.635,29.06
17,133,10.822,28.14
17,134,18.724,43.06
17,135,12.196,28.05
17,136,11.47,29.82
17,137,9.998,26.0
17,138,15.119,39.31
17,139,3.388,6.78
17,140,12.035,24.07
17,141,10.276,23.64
17,142,9.706,25.23
17,143,17.678,35.36
17,144,11.172,25.7
17,145,1.779,4.09
17,146,14.73,29.46
17,147,14.315,32.92
17,148,11.482,29.85
17,149,18.27,42.02
17,150,15.145,30.29
17,151,17.145,34.29
17,152,5.224,13.58
17,153,3.406,7.83
17,154,17.902,46.54
17,155,11.536,29.99
17,156,14.13,36.74
17,157,0.285,0.57
17,158,14.74,29.48
17,159,2.533,6.59
17,160,2.476,4.95
17,161,21.483,49.41
17,162,4.482,10.31
17,163,18.953,49.28
17,164,17.183,44.67
17,165,15.618,40.61
17,166,14.915,29.83
17,167,16.725,43.49
17,168,20.22,46.51
17,169,9.782,25.43
17,170,14.493,37.68
17,171,10.021,23.05
17,172,8.534,22.19
17,173,5.415,14.08
17,174,9.821,22.59
17,175,19.733,39.47
17,176,20.478,53.24
17,177,16.876,43.88
17,178,13.968,27.94
17,179,21.346,42.69
17,180,9.549,19.1
17,181,16.276,37.43
17,182,9.439,18.88
17,183,13.624,35.42
17,184,4.61,10.6
17,185,10.107,23.25
17,186,12.399,32.24
17,187,7.995,18.39
17,188,12.741,33.13
17,189,11.603,26.69
17,190,17.869,41.1
17,191,2.118,4.87
17,192,16.099,37.03
17,193,4.323,9.94
17,194,9.269,18.54
17,195,12.413,24.83
17,196,4.227,9.72
17,197,13.713,35.65
17,198,6.476,16.84
17,199,8.946,20.58
17,200,11.756,23.51
18,0,8.301,21.58
18,1,20.035,46.08
18,2,4.446,11.56
18,3,18.847,43.35
18,4,15.238,35.05
18,5,3.377,8.78
18,6,14.175,41.11
18,7,12.642,32.87
18,8,4.868,11.2
18,9,13.322,38.63
18,10,9.902,25.74
18,11,12.659,36.71
18,12,20.148,52.39
18,13,12.907,29.69
18,14,2.115,5.5
18,15,12.034,34.9
18,16,20.287,46.66
18,17,14.506,33.36
18,19,16.704,38.42
18,20,16.237,37.34
18,21,14.819,42.98
18,22,17.66,40.62
18,23,11.164,29.03
18,24,3.729,10.81
18,25,13.312,38.61
18,26,15.21,39.55
18,27,15.953,41.48
18,28,13.86,40.19
18,29,16.099,46.69
18,30,2.484,6.46
18,31,2.675,6.95
18,32,11.047,28.72
18,33,9.616,22.12
18,34,13.82,31.79
18,35,18.336,42.17
18,36,1.509,3.47
18,37,17.899,51.91
18,38,16.699,48.43
18,39,2.871,7.46
18,40,8.828,25.6
18,41,1.422,3.7
18,42,0.654,1.7
18,43,13.265,38.47
18,44,16.227,47.06
18,45,10.875,28.28
18,46,1.081,3.13
18,47,1.06,2.44
18,48,2.419,7.02
18,49,8.306,21.59
18,50,13.744,31.61
18,51,16.382,37.68
18,52,15.168,43.99
18,53,10.632,27.64
18,54,14.104,40.9
18,55,0.654,1.7
18,56,19.744,45.41
18,57,2.086,6.05
18,58,17.368,39.95
18,59,16.915,49.05
18,60,1.302,3.77
18,61,24.462,56.26
18,62,16.132,46.78
18,63,16.783,38.6
18,64,3.796,8.73
18,65,11.747,30.54
18,66,16.006,41.61
18,67,13.783,39.97
18,68,12.618,32.81
18,69,1.667,3.83
18,70,3.003,7.81
18,71,10.712,24.64
18,72,2.99,7.77
18,73,16.117,46.74
18,74,12.876,37.34
18,75,1.809,5.24
18,76,6.778,17.62
18,77,17.415,45.28
18,78,10.387,23.89
18,79,1.275,2.93
18,80,15.346,39.9
18,81,17.188,44.69
18,82,2.221,5.11
18,83,12.537,28.84
18,84,16.091,46.66
18,85,12.083,31.41
18,86,2.963,7.7
18,87,14.584,33.54
18,88,13.238,34.42
18,89,4.167,9.58
18,90,16.971,44.12
18,91,1.199,3.12
18,92,12.571,32.68
18,93,12.127,35.17
18,94,3.601,8.28
18,95,5.988,17.37
18,96,3.694,9.61
18,97,1.577,3.63
18,98,4.396,10.11
18,99,8.138,21.16
18,100,11.438,29.74
18,101,2.806,7.29
18,102,16.441,42.75
18,103,12.7,36.83
18,104,2.832,7.36
18,105,12.975,37.63
18,106,9.489,21.83
18,107,14.71,33.83
18,108,13.53,35.18
18,109,2.197,5.05
18,110,11.671,30.35
18,111,14.547,37.82
18,112,9.01,20.72
18,113,1.595,4.62
18,114,2.621,6.03
18,115,11.594,26.67
18,116,13.405,38.88
18,117,0.373,0.97
18,118,17.376,39.97
18,119,13.381,34.79
18,120,15.021,34.55
18,121,9.662,25.12
18,122,0.462,1.34
18,123,3.841,11.14
18,124,3.006,8.72
18,125,16.386,37.69
18,126,3.865,11.21
18,127,2.345,6.8
18,128,10.327,29.95
18,129,18.777,43.19
18,130,19.577,50.9
18,131,2.032,4.67
18,132,20.567,53.47
18,133,18.518,53.7
18,134,5.064,13.17
18,135,3.623,9.42
18,136,18.881,54.76
18,137,19.1,55.39
18,138,13.135,38.09
18,139,17.595,40.47
18,140,3.206,7.37
18,141,17.363,45.14
18,142,18.786,54.48
18,143,3.258,7.49
18,144,3.744,9.73
18,145,12.98,33.75
18,146,1.814,4.17
18,147,0.206,0.54
18,148,19.128,55.47
18,149,11.213,29.15
18,150,1.325,3.05
18,151,2.884,6.63
18,152,10.947,31.75
18,153,11.126,28.93
18,154,15.243,44.2
18,155,3.405,9.87
18,156,1.861,5.4
18,157,14.467,33.27
18,158,12.581,28.94
18,159,16.113,46.73
18,160,13.303,30.6
18,161,15.888,41.31
18,162,14.555,37.84
18,163,13.116,38.04
18,164,11.806,34.24
18,165,2.111,6.12
18,166,11.927,27.43
18,167,13.16,38.16
18,168,15.167,39.44
18,169,4.754,13.79
18,170,5.228,15.16
18,171,16.378,42.58
18,172,17.536,50.85
18,173,16.762,48.61
18,174,15.061,39.16
18,175,6.07,13.96
18,176,14.521,42.11
18,177,14.446,41.89
18,178,0.602,1.38
18,179,17.777,40.89
18,180,16.962,39.01
18,181,10.531,27.38
18,182,16.139,37.12
18,183,1.567,4.55
18,184,9.975,25.94
18,185,16.353,42.52
18,186,19.381,56.2
18,187,12.856,33.42
18,188,15.64,45.36
18,189,18.584,48.32
18,190,14.823,38.54
18,191,14.521,37.76
18,192,10.546,27.42
18,193,10.305,26.79
18,194,17.791,40.92
18,195,2.478,5.7
18,196,14.668,38.14
18,197,20.68,59.97
18,198,8.03,23.29
18,199,16.797,43.67
18,200,20.539,47.24
19,0,8.424,19.38
19,1,3.518,7.04
19,2,12.358,28.42
19,3,3.246,6.49
19,4,2.031,4.06
19,5,18.199,41.86
19,6,9.432,24.52
19,7,9.376,21.56
19,8,21.505,43.01
19,9,14.443,37.55
19,10,15.062,34.64
19,11,11.611,30.19
19,12,4.087,9.4
19,13,9.513,19.03
19,14,14.871,34.2
19,15,12.889,33.51
19,16,6.784,13.57
19,17,9.988,19.98
19,18,16.704,38.42
19,20,11.491,22.98
19,21,10.173,26.45
19,22,2.508,5.02
19,23,9.533,21.93
19,24,16.246,42.24
19,25,11.083,28.82
19,26,8.257,18.99
19,27,11.752,27.03
19,28,12.307,32.0
19,29,9.006,23.42
19,30,15.04,34.59
19,31,15.549,35.76
19,32,10.406,23.93
19,33,13.019,26.04
19,34,14.226,28.45
19,35,3.905,7.81
19,36,15.678,31.36
19,37,1.541,4.01
19,38,1.058,2.75
19,39,17.975,41.34
19,40,17.616,45.8
19,41,17.233,39.64
19,42,16.053,36.92
19,43,15.397,40.03
19,44,1.773,4.61
19,45,10.999,25.3
19,46,17.523,45.56
19,47,15.967,31.93
19,48,18.367,47.76
19,49,12.495,28.74
19,50,9.265,18.53
19,51,12.095,24.19
19,52,9.332,24.26
19,53,9.073,20.87
19,54,13.705,35.63
19,55,17.207,39.58
19,56,3.653,7.31
19,57,16.707,43.44
19,58,1.019,2.04
19,59,0.61,1.59
19,60,17.599,45.76
19,61,7.758,15.52
19,62,0.686,1.78
19,63,0.98,1.96
19,64,20.501,41.0
19,65,15.752,36.23
19,66,13.314,30.62
19,67,3.453,8.98
19,68,7.983,18.36
19,69,16.91,33.82
19,70,16.762,38.55
19,71,12.125,24.25
19,72,15.15,34.85
19,73,2.286,5.94
19,74,10.179,26.47
19,75,17.936,46.63
19,76,11.578,26.63
19,77,13.492,31.03
19,78,13.166,26.33
19,79,17.515,35.03
19,80,6.869,15.8
19,81,14.299,32.89
19,82,14.485,28.97
19,83,10.614,21.23
19,84,15.209,39.54
19,85,8.865,20.39
19,86,15.864,36.49
19,87,13.128,26.26
19,88,8.608,19.8
19,89,13.805,27.61
19,90,1.047,2.41
19,91,15.621,35.93
19,92,14.226,32.72
19,93,8.584,22.32
19,94,14.824,29.65
19,95,14.503,37.71
19,96,15.72,36.16
19,97,15.218,30.44
19,98,21.098,42.2
19,99,11.582,26.64
19,100,14.386,33.09
19,101,16.19,37.24
19,102,0.272,0.63
19,103,12.612,32.79
19,104,18.417,42.36
19,105,13.857,36.03
19,106,13.091,26.18
19,107,2.706,5.41
19,108,10.911,25.09
19,109,18.522,37.04
19,110,10.612,24.41
19,111,11.381,26.18
19,112,10.976,21.95
19,113,18.03,46.88
19,114,18.552,37.1
19,115,11.321,22.64
19,116,7.624,19.82
19,117,16.334,37.57
19,118,1.166,2.33
19,119,10.013,23.03
19,120,10.45,20.9
19,121,11.171,25.69
19,122,17.135,44.55
19,123,13.011,33.83
19,124,16.458,42.79
19,125,14.709,29.42
19,126,13.624,35.42
19,127,15.515,40.34
19,128,10.101,26.26
19,129,3.071,6.14
19,130,3.091,7.11
19,131,17.525,35.05
19,132,3.875,8.91
19,133,1.829,4.75
19,134,21.765,50.06
19,135,13.128,30.19
19,136,2.195,5.71
19,137,2.952,7.68
19,138,8.374,21.77
19,139,12.172,24.34
19,140,15.996,31.99
19,141,0.663,1.52
19,142,2.763,7.18
19,143,18.922,37.84
19,144,15.18,34.91
19,145,10.806,24.85
19,146,17.925,35.85
19,147,16.505,37.96
19,148,2.425,6.31
19,149,13.412,30.85
19,150,16.528,33.06
19,151,19.547,39.09
19,152,13.547,35.22
19,153,10.555,24.28
19,154,10.355,26.92
19,155,15.418,40.09
19,156,15.286,39.74
19,157,10.264,20.53
19,158,8.352,16.7
19,159,8.273,21.51
19,160,7.869,15.74
19,161,14.652,33.7
19,162,14.372,33.06
19,163,13.021,33.85
19,164,11.679,30.37
19,165,18.636,48.45
19,166,9.014,18.03
19,167,10.224,26.58
19,168,13.392,30.8
19,169,12.873,33.47
19,170,19.565,50.87
19,171,0.395,0.91
19,172,2.39,6.21
19,173,15.359,39.93
19,174,1.759,4.05
19,175,22.775,45.55
19,176,14.132,36.74
19,177,9.569,24.88
19,178,16.113,32.23
19,179,13.408,26.82
19,180,0.713,1.43
19,181,11.495,26.44
19,182,0.648,1.3
19,183,15.21,39.54
19,184,11.19,25.74
19,185,0.485,1.12
19,186,2.867,7.46
19,187,17.197,39.55
19,188,3.907,10.16
19,189,1.993,4.58
19,190,10.567,24.31
19,191,12.08,27.78
19,192,11.286,25.96
19,193,9.608,22.1
19,194,1.897,3.79
19,195,14.247,28.49
19,196,14.146,32.54
19,197,4.284,11.14
19,198,11.327,29.45
19,199,1.264,2.91
19,200,3.918,7.84
20,0,10.951,25.19
20,1,12.13,24.26
20,2,12.604,28.99
20,3,14.654,29.31
20,4,9.708,19.42
20,5,19.284,44.35
20,6,18.616,48.4
20,7,17.733,40.79
20,8,19.635,39.27
20,9,22.214,57.76
20,10,7.997,18.39
20,11,19.655,51.1
20,12,15.133,34.81
20,13,18.008,36.02
20,14,14.182,32.62
20,15,4.779,12.43
20,16,8.238,16.48
20,17,19.243,38.49
20,18,16.237,37.34
20,19,11.491,22.98
20,21,19.543,50.81
20,22,13.993,27.99
20,23,5.393,12.4
20,24,13.388,34.81
20,25,2.929,7.62
20,26,3.256,7.49
20,27,0.464,1.07
20,28,2.784,7.24
20,29,2.541,6.61
20,30,13.76,31.65
20,31,16.952,38.99
20,32,17.69,40.69
20,33,19.134,38.27
20,34,22.286,44.57
20,35,15.389,30.78
20,36,14.733,29.47
20,37,12.887,33.51
20,38,10.506,27.32
20,39,18.835,43.32
20,40,22.186,57.68
20,41,15.779,36.29
20,42,15.71,36.13
20,43,22.898,59.53
20,44,12.878,33.48
20,45,18.122,41.68
20,46,16.409,42.66
20,47,15.18,30.36
20,48,16.403,42.65
20,49,17.852,41.06
20,50,3.107,6.21
20,51,21.757,43.51
20,52,2.239,5.82
20,53,16.098,37.03
20,54,3.642,9.47
20,55,16.891,38.85
20,56,14.758,29.52
20,57,14.855,38.62
20,58,12.47,24.94
20,59,11.043,28.71
20,60,16.313,42.41
20,61,16.156,32.31
20,62,11.631,30.24
20,63,12.418,24.84
20,64,19.276,38.55
20,65,7.236,16.64
20,66,2.031,4.67
20,67,12.357,32.13
20,68,4.938,11.36
20,69,15.303,30.61
20,70,14.278,32.84
20,71,19.011,38.02
20,72,13.346,30.7
20,73,13.294,34.56
20,74,3.462,9.0
20,75,16.334,42.47
20,76,15.698,36.11
20,77,2.052,4.72
20,78,6.377,12.75
20,79,17.489,34.98
20,80,4.623,10.63
20,81,23.785,54.71
20,82,14.679,29.36
20,83,3.716,7.43
20,84,4.06,10.56
20,85,4.809,11.06
20,86,17.445,40.12
20,87,21.795,43.59
20,88,17.397,40.01
20,89,12.07,24.14
20,90,10.657,24.51
20,91,15.091,34.71
20,92,21.684,49.87
20,93,4.944,12.86
20,94,16.868,33.74
20,95,18.19,47.29
20,96,17.794,40.93
20,97,14.787,29.57
20,98,19.676,39.35
20,99,16.833,38.71
20,100,21.233,48.83
20,101,17.626,40.54
20,102,11.33,26.06
20,103,4.026,10.47
20,104,16.121,37.08
20,105,4.649,12.09
20,106,19.121,38.24
20,107,12.54,25.08
20,108,2.708,6.23
20,109,16.867,33.73
20,110,18.257,41.99
20,111,1.72,3.96
20,112,16.853,33.71
20,113,16.693,43.4
20,114,16.488,32.98
20,115,18.829,37.66
20,116,4.626,12.03
20,117,15.99,36.78
20,118,12.637,25.27
20,119,18.698,43.0
20,120,19.862,39.72
20,121,17.503,40.26
20,122,16.457,42.79
20,123,14.37,37.36
20,124,14.042,36.51
20,125,3.406,6.81
20,126,12.419,32.29
20,127,13.988,36.37
20,128,16.921,44.0
20,129,14.467,28.93
20,130,13.885,31.94
20,131,15.654,31.31
20,132,13.183,30.32
20,133,12.514,32.54
20,134,20.445,47.02
20,135,13.331,30.66
20,136,12.24,31.82
20,137,14.149,36.79
20,138,4.208,10.94
20,139,22.279,44.56
20,140,17.719,35.44
20,141,11.824,27.2
20,142,14.071,36.58
20,143,16.456,32.91
20,144,17.33,39.86
20,145,19.154,44.05
20,146,18.03,36.06
20,147,16.121,37.08
20,148,12.535,32.59
20,149,5.797,13.33
20,150,15.235,30.47
20,151,18.179,36.36
20,152,20.317,52.82
20,153,17.876,41.11
20,154,1.35,3.51
20,155,17.328,45.05
20,156,14.378,37.38
20,157,19.452,38.9
20,158,4.688,9.38
20,159,18.539,48.2
20,160,16.767,33.53
20,161,3.531,8.12
20,162,22.733,52.29
20,163,3.905,10.15
20,164,4.513,11.73
20,165,18.279,47.53
20,166,4.874,9.75
20,167,3.174,8.25
20,168,2.586,5.95
20,169,15.441,40.15
20,170,21.142,54.97
20,171,11.163,25.68
20,172,13.869,36.06
20,173,24.417,63.48
20,174,10.387,23.89
20,175,21.192,42.38
20,176,3.749,9.75
20,177,2.398,6.23
20,178,15.866,31.73
20,179,2.104,4.21
20,180,12.203,24.41
20,181,5.725,13.17
20,182,11.577,23.15
20,183,14.82,38.53
20,184,17.728,40.78
20,185,11.05,25.42
20,186,11.836,30.77
20,187,23.99,55.18
20,188,7.584,19.72
20,189,11.73,26.98
20,190,1.535,3.53
20,191,20.945,48.17
20,192,5.695,13.1
20,193,16.407,37.74
20,194,13.364,26.73
20,195,14.682,29.36
20,196,22.614,52.01
20,197,12.13,31.54
20,198,16.477,42.84
20,199,12.682,29.17
20,200,14.141,28.28
21,0,9.991,28.97
21,1,13.044,33.91
21,2,12.26,35.55
21,3,9.33,24.26
21,4,10.801,28.08
21,5,14.271,41.38
21,6,0.939,3.01
21,7,2.311,6.7
21,8,19.305,50.19
21,9,4.897,15.67
21,10,19.204,55.69
21,11,2.718,8.7
21,12,10.455,30.32
21,13,2.004,5.21
21,14,14.059,40.77
21,15,18.624,59.6
21,16,16.933,44.03
21,17,0.346,0.9
21,18,14.819,42.98
21,19,10.173,26.45
21,20,19.543,50.81
21,22,8.663,22.53
21,23,15.21,44.11
21,24,16.665,53.33
21,25,17.834,57.07
21,26,16.482,47.8
21,27,19.624,56.91
21,28,19.089,61.09
21,29,17.51,56.03
21,30,14.669,42.54
21,31,12.404,35.97
21,32,3.773,10.94
21,33,5.961,15.5
21,34,4.473,11.63
21,35,8.06,20.96
21,36,14.693,38.2
21,37,9.963,31.88
21,38,11.096,35.51
21,39,14.34,41.59
21,40,10.434,33.39
21,41,16.026,46.47
21,42,14.341,41.59
21,43,5.917,18.94
21,44,8.434,26.99
21,45,4.017,11.65
21,46,15.896,50.87
21,47,14.703,38.23
21,48,17.189,55.0
21,49,6.752,19.58
21,50,16.555,43.04
21,51,2.224,5.78
21,52,17.343,55.5
21,53,4.518,13.1
21,54,20.286,64.92
21,55,14.974,43.43
21,56,10.296,26.77
21,57,16.066,51.41
21,58,9.836,25.57
21,59,10.776,34.48
21,60,16.098,51.51
21,61,15.462,40.2
21,62,9.577,30.65
21,63,9.352,24.32
21,64,17.991,46.78
21,65,20.672,59.95
21,66,20.848,60.46
21,67,7.492,23.97
21,68,14.732,42.72
21,69,15.968,41.52
21,70,16.646,48.27
21,71,4.593,11.94
21,72,15.181,44.03
21,73,7.931,25.38
21,74,16.847,53.91
21,75,16.591,53.09
21,76,8.08,23.43
21,77,21.567,62.54
21,78,17.957,46.69
21,79,14.891,38.72
21,80,15.39,44.63
21,81,4.283,12.42
21,82,13.069,33.98
21,83,17.025,44.26
21,84,22.302,71.37
21,85,15.2,44.08
21,86,12.391,35.93
21,87,3.082,8.01
21,88,2.211,6.41
21,89,14.505,37.71
21,90,11.185,32.44
21,91,14.286,41.43
21,92,5.031,14.59
21,93,14.965,47.89
21,94,11.402,29.64
21,95,9.501,30.4
21,96,11.819,34.27
21,97,13.992,36.38
21,98,18.602,48.36
21,99,6.692,19.41
21,100,5.805,16.83
21,101,12.712,36.87
21,102,10.109,29.32
21,103,18.749,60.0
21,104,17.514,50.79
21,105,19.858,63.55
21,106,6.1,15.86
21,107,7.732,20.1
21,108,17.807,51.64
21,109,17.016,44.24
21,110,3.182,9.23
21,111,18.691,54.2
21,112,5.809,15.1
21,113,16.413,52.52
21,114,17.397,45.23
21,115,3.463,9.0
21,116,14.922,47.75
21,117,14.496,42.04
21,118,9.685,25.18
21,119,1.439,4.17
21,120,0.319,0.83
21,121,5.192,15.06
21,122,15.264,48.85
21,123,11.385,36.43
21,124,16.411,52.52
21,125,22.059,57.35
21,126,13.977,44.73
21,127,15.126,48.4
21,128,4.52,14.46
21,129,9.424,24.5
21,130,10.892,31.59
21,131,16.573,43.09
21,132,12.741,36.95
21,133,10.96,35.07
21,134,19.007,55.12
21,135,12.532,36.34
21,136,11.609,37.15
21,137,10.091,32.29
21,138,15.427,49.37
21,139,3.043,7.91
21,140,12.322,32.04
21,141,10.444,30.29
21,142,9.804,31.37
21,143,17.997,46.79
21,144,11.464,33.24
21,145,2.0,5.8
21,146,15.023,39.06
21,147,14.629,42.42
21,148,11.612,37.16
21,149,18.607,53.96
21,150,15.469,40.22
21,151,17.447,45.36
21,152,5.383,17.22
21,153,3.705,10.75
21,154,18.204,58.25
21,155,11.829,37.85
21,156,14.459,46.27
21,157,0.379,0.98
21,158,15.053,39.14
21,159,2.495,7.98
21,160,2.778,7.22
21,161,21.803,63.23
21,162,4.392,12.74
21,163,19.281,61.7
21,164,17.513,56.04
21,165,15.911,50.92
21,166,15.236,39.61
21,167,17.042,54.54
21,168,20.538,59.56
21,169,10.102,32.33
21,170,14.734,47.15
21,171,10.217,29.63
21,172,8.657,27.7
21,173,5.197,16.63
21,174,10.054,29.16
21,175,20.014,52.04
21,176,20.804,66.57
21,177,17.18,54.97
21,178,14.284,37.14
21,179,21.646,56.28
21,180,9.717,25.27
21,181,16.611,48.17
21,182,9.634,25.05
21,183,13.949,44.64
21,184,4.899,14.21
21,185,10.305,29.89
21,186,12.542,40.13
21,187,8.019,23.25
21,188,12.991,41.57
21,189,11.755,34.09
21,190,18.175,52.71
21,191,2.017,5.85
21,192,16.434,47.66
21,193,4.659,13.51
21,194,9.399,24.44
21,195,12.739,33.12
21,196,4.126,11.97
21,197,13.841,44.29
21,198,6.789,21.73
21,199,9.109,26.42
21,200,11.838,30.78
22,0,9.623,22.13
22,1,4.398,8.8
22,2,13.507,31.07
22,3,1.188,2.38
22,4,4.383,8.77
22,5,18.735,43.09
22,6,8.072,20.99
22,7,8.401,19.32
22,8,22.522,45.04
22,9,13.304,34.59
22,10,17.161,39.47
22,11,10.553,27.44
22,12,2.505,5.76
22,13,8.463,16.93
22,14,15.991,36.78
22,15,15.187,39.49
22,16,8.833,17.67
22,17,8.546,17.09
22,18,17.66,40.62
22,19,2.508,5.02
22,20,13.993,27.99
22,21,8.663,22.53
22,23,11.737,26.99
22,24,17.681,45.97
22,25,13.48,35.05
22,26,10.753,24.73
22,27,14.249,32.77
22,28,14.724,38.28
22,29,11.513,29.93
22,30,16.264,37.41
22,31,16.169,37.19
22,32,9.757,22.44
22,33,12.536,25.07
22,34,12.997,25.99
22,35,1.397,2.79
22,36,16.794,33.59
22,37,1.421,3.69
22,38,3.536,9.19
22,39,18.573,42.72
22,40,17.305,44.99
22,41,18.356,42.22
22,42,17.023,39.15
22,43,14.303,37.19
22,44,1.528,3.97
22,45,10.348,23.8
22,46,18.564,48.27
22,47,17.033,34.07
22,48,19.531,50.78
22,49,12.3,28.29
22,50,11.695,23.39
22,51,10.345,20.69
22,52,11.823,30.74
22,53,8.698,20.01
22,54,16.116,41.9
22,55,18.102,41.64
22,56,2.13,4.26
22,57,17.935,46.63
22,58,1.597,3.19
22,59,3.014,7.84
22,60,18.67,48.54
22,61,7.353,14.71
22,62,2.432,6.32
22,63,1.585,3.17
22,64,21.427,42.85
22,65,17.983,41.36
22,66,15.8,36.34
22,67,3.882,10.09
22,68,10.31,23.71
22,69,18.08,36.16
22,70,18.103,41.64
22,71,11.454,22.91
22,72,16.466,37.87
22,73,1.543,4.01
22,74,12.551,32.63
22,75,19.051,49.53
22,76,11.852,27.26
22,77,15.998,36.8
22,78,15.329,30.66
22,79,18.332,36.66
22,80,9.37,21.55
22,81,12.536,28.83
22,82,15.452,30.9
22,83,12.961,25.92
22,84,17.676,45.96
22,85,11.155,25.66
22,86,16.421,37.77
22,87,11.73,23.46
22,88,7.528,17.31
22,89,15.207,30.41
22,90,3.445,7.92
22,91,16.658,38.31
22,92,13.208,30.38
22,93,10.872,28.27
22,94,15.344,30.69
22,95,14.625,38.03
22,96,16.169,37.19
22,97,16.262,32.52
22,98,22.04,44.08
22,99,11.513,26.48
22,100,13.566,31.2
22,101,16.76,38.55
22,102,2.665,6.13
22,103,14.958,38.89
22,104,19.64,45.17
22,105,16.204,42.13
22,106,12.63,25.26
22,107,2.964,5.93
22,108,13.322,30.64
22,109,19.618,39.24
22,110,9.8,22.54
22,111,13.838,31.83
22,112,10.77,21.54
22,113,19.088,49.63
22,114,19.725,39.45
22,115,10.493,20.99
22,116,10.021,26.05
22,117,17.286,39.76
22,118,1.415,2.83
22,119,8.827,20.3
22,120,8.901,17.8
22,121,10.787,24.81
22,122,18.108,47.08
22,123,13.848,36.01
22,124,17.803,46.29
22,125,17.191,34.38
22,126,14.943,38.85
22,127,16.755,43.56
22,128,9.665,25.13
22,129,1.124,2.25
22,130,2.338,5.38
22,131,18.712,37.42
22,132,4.101,9.43
22,133,2.363,6.14
22,134,22.663,52.12
22,135,14.21,32.68
22,136,3.008,7.82
22,137,1.605,4.17
22,138,10.757,27.97
22,139,10.228,20.46
22,140,16.512,33.02
22,141,2.311,5.32
22,142,1.272,3.31
22,143,20.154,40.31
22,144,15.648,35.99
22,145,9.692,22.29
22,146,18.691,37.38
22,147,17.455,40.15
22,148,2.968,7.72
22,149,15.642,35.98
22,150,17.66,35.32
22,151,20.54,41.08
22,152,12.807,33.3
22,153,9.875,22.71
22,154,12.843,33.39
22,155,15.928,41.41
22,156,16.421,42.69
22,157,8.831,17.66
22,158,10.683,21.37
22,159,6.449,16.77
22,160,6.837,13.67
22,161,17.12,39.38
22,162,13.026,29.96
22,163,15.388,40.01
22,164,13.968,36.32
22,165,19.465,50.61
22,166,11.291,22.58
22,167,12.615,32.8
22,168,15.852,36.46
22,169,13.431,34.92
22,170,19.922,51.8
22,171,2.831,6.51
22,172,0.144,0.37
22,173,13.722,35.68
22,174,3.853,8.86
22,175,23.692,47.38
22,176,16.556,43.05
22,177,12.034,31.29
22,178,17.058,34.12
22,179,15.916,31.83
22,180,1.795,3.59
22,181,13.668,31.44
22,182,2.477,4.95
22,183,16.246,42.24
22,184,10.732,24.68
22,185,2.944,6.77
22,186,3.947,10.26
22,187,16.252,37.38
22,188,6.411,16.67
22,189,3.261,7.5
22,190,13.041,30.0
22,191,10.662,24.52
22,192,13.458,30.95
22,193,9.244,21.26
22,194,0.806,1.61
22,195,15.182,30.36
22,196,12.773,29.38
22,197,5.186,13.48
22,198,11.318,29.43
22,199,1.344,3.09
22,200,3.368,6.74
23,0,5.766,14.99
23,1,11.683,26.87
23,2,7.263,18.88
23,3,12.715,29.25
23,4,7.503,17.26
23,5,14.043,36.51
23,6,14.271,41.39
23,7,13.164,34.23
23,8,15.06,34.64
23,9,17.254,50.04
23,10,5.585,14.52
23,11,14.869,43.12
23,12,13.614,35.4
23,13,13.462,30.96
23,14,9.06,23.55
23,15,3.56,10.33
23,16,9.933,22.85
23,17,14.883,34.23
23,18,11.164,29.03
23,19,9.533,21.93
23,20,5.393,12.4
23,21,15.21,44.11
23,22,11.737,26.99
23,24,8.842,25.64
23,25,2.798,8.11
23,26,4.123,10.72
23,27,5.236,13.61
23,28,3.952,11.46
23,29,4.943,14.33
23,30,8.746,22.74
23,31,11.624,30.22
23,32,12.82,33.33
23,33,13.958,32.1
23,34,17.395,40.01
23,35,13.02,29.95
23,36,9.695,22.3
23,37,11.074,32.11
23,38,8.864,25.7
23,39,13.614,35.4
23,40,16.806,48.74
23,41,10.923,28.4
23,42,10.59,27.53
23,43,17.858,51.79
23,44,10.303,29.88
23,45,13.187,34.29
23,46,11.493,33.33
23,47,10.128,23.3
23,48,11.728,34.01
23,49,12.61,32.79
23,50,2.583,5.94
23,51,17.428,40.08
23,52,4.006,11.62
23,53,11.284,29.34
23,54,5.078,14.73
23,55,11.813,30.71
23,56,13.183,30.32
23,57,10.064,29.19
23,58,10.535,24.23
23,59,9.337,27.08
23,60,11.437,33.17
23,61,16.283,37.45
23,62,9.347,27.11
23,63,10.221,23.51
23,64,14.5,33.35
23,65,6.246,16.24
23,66,5.964,15.51
23,67,8.872,25.73
23,68,1.87,4.86
23,69,10.465,24.07
23,70,9.657,25.11
23,71,13.979,32.15
23,72,8.446,21.96
23,73,10.567,30.64
23,74,1.955,5.67
23,75,11.547,33.49
23,76,10.387,27.01
23,77,7.061,18.36
23,78,3.641,8.37
23,79,12.376,28.46
23,80,4.631,12.04
23,81,19.301,50.18
23,82,9.426,21.68
23,83,1.908,4.39
23,84,7.138,20.7
23,85,1.014,2.64
23,86,12.112,31.49
23,87,17.096,39.32
23,88,13.001,33.8
23,89,7.054,16.22
23,90,9.112,23.69
23,91,9.981,25.95
23,92,16.671,43.34
23,93,1.19,3.45
23,94,11.495,26.44
23,95,12.806,37.14
23,96,12.43,32.32
23,97,9.644,22.18
23,98,14.968,34.43
23,99,11.615,30.2
23,100,16.112,41.89
23,101,12.309,32.0
23,102,9.288,24.15
23,103,3.555,10.31
23,104,11.539,30.0
23,105,4.727,13.71
23,106,13.932,32.04
23,107,9.396,21.61
23,108,2.875,7.48
23,109,12.119,27.87
23,110,13.443,34.95
23,111,3.93,10.22
23,112,11.735,26.99
23,113,11.848,34.36
23,114,11.848,27.25
23,115,13.947,32.08
23,116,2.63,7.63
23,117,10.883,28.29
23,118,10.654,24.5
23,119,14.167,36.83
23,120,15.527,35.71
23,121,12.434,32.33
23,122,11.439,33.17
23,123,8.995,26.09
23,124,9.382,27.21
23,125,6.989,16.07
23,126,7.299,21.17
23,127,9.053,26.25
23,128,11.992,34.78
23,129,12.556,28.88
23,130,12.532,32.58
23,131,10.912,25.1
23,132,12.584,32.72
23,133,11.127,32.27
23,134,15.733,40.9
23,135,8.023,20.86
23,136,11.138,32.3
23,137,12.484,36.2
23,138,2.095,6.08
23,139,18.14,41.72
23,140,12.378,28.47
23,141,10.092,26.24
23,142,12.289,35.64
23,143,11.948,27.48
23,144,11.957,31.09
23,145,14.486,37.66
23,146,12.91,29.69
23,147,11.027,28.67
23,148,11.449,33.2
23,149,3.906,10.16
23,150,10.308,23.71
23,151,13.403,30.83
23,152,15.212,44.11
23,153,13.003,33.81
23,154,4.204,12.19
23,155,11.968,34.71
23,156,9.313,27.01
23,157,15.053,34.62
23,158,1.639,3.77
23,159,14.7,42.63
23,160,12.471,28.68
23,161,6.669,17.34
23,162,17.908,46.56
23,163,4.079,11.83
23,164,2.361,6.85
23,165,13.259,38.45
23,166,0.826,1.9
23,167,2.233,6.48
23,168,5.46,14.19
23,169,10.049,29.14
23,170,15.874,46.04
23,171,9.139,23.76
23,172,11.595,33.62
23,173,19.753,57.28
23,174,7.901,20.54
23,175,16.577,38.13
23,176,5.597,16.23
23,177,3.307,9.59
23,178,10.735,24.69
23,179,7.304,16.8
23,180,10.155,23.36
23,181,1.972,5.13
23,182,9.312,21.42
23,183,9.67,28.04
23,184,12.689,32.99
23,185,9.048,23.53
23,186,11.156,32.35
23,187,18.797,48.87
23,188,6.353,18.43
23,189,10.664,27.73
23,190,3.868,10.06
23,191,16.348,42.5
23,192,1.766,4.59
23,193,11.511,29.93
23,194,11.352,26.11
23,195,9.397,21.61
23,196,17.823,46.34
23,197,12.036,34.91
23,198,11.261,32.66
23,199,10.416,27.08
23,200,13.156,30.26
24,0,8.087,23.45
24,1,19.276,50.12
24,2,4.499,13.05
24,3,18.852,49.02
24,4,14.491,37.68
24,5,7.09,20.56
24,6,15.891,50.85
24,7,14.37,41.67
24,8,6.269,16.3
24,9,16.085,51.47
24,10,6.337,18.38
24,11,14.902,47.69
24,12,20.065,58.19
24,13,14.667,38.14
24,14,2.816,8.17
24,15,8.85,28.32
24,16,18.614,48.4
24,17,16.328,42.45
24,18,3.729,10.81
24,19,16.246,42.24
24,20,13.388,34.81
24,21,16.665,53.33
24,22,17.681,45.97
24,23,8.842,25.64
24,25,10.483,33.54
24,26,12.958,37.58
24,27,13.048,37.84
24,28,10.801,34.56
24,29,13.703,43.85
24,30,2.083,6.04
24,31,5.965,17.3
24,32,13.019,37.76
24,33,12.251,31.85
24,34,16.513,42.93
24,35,18.594,48.35
24,36,2.562,6.66
24,37,17.622,56.39
24,38,16.005,51.21
24,39,6.583,19.09
24,40,12.355,39.53
24,41,2.654,7.7
24,42,3.574,10.37
24,43,16.196,51.83
24,44,16.167,51.73
24,45,13.001,37.7
24,46,3.352,10.73
24,47,2.884,7.5
24,48,3.024,9.68
24,49,10.79,31.29
24,50,11.298,29.37
24,51,18.5,48.1
24,52,12.694,40.62
24,53,12.189,35.35
24,54,10.823,34.63
24,55,4.275,12.4
24,56,19.637,51.06
24,57,1.713,5.48
24,58,17.063,44.36
24,59,16.324,52.24
24,60,3.175,10.16
24,61,23.873,62.07
24,62,15.773,50.48
24,63,16.54,43.0
24,64,5.914,15.38
24,65,8.136,23.6
24,66,12.854,37.28
24,67,13.865,44.37
24,68,10.565,30.64
24,69,2.201,5.72
24,70,0.91,2.64
24,71,13.118,34.11
24,72,1.489,4.32
24,73,16.174,51.76
24,74,10.251,32.8
24,75,3.047,9.75
24,76,8.738,25.34
24,77,14.307,41.49
24,78,7.163,18.62
24,79,4.919,12.79
24,80,13.391,38.84
24,81,19.633,56.93
24,82,3.935,10.23
24,83,9.824,25.54
24,84,12.689,40.61
24,85,9.844,28.55
24,86,6.388,18.53
24,87,17.025,44.27
24,88,14.78,42.86
24,89,2.476,6.44
24,90,16.282,47.22
24,91,3.138,9.1
24,92,15.341,44.49
24,93,9.963,31.88
24,94,6.634,17.25
24,95,9.02,28.86
24,96,7.077,20.52
24,97,3.183,8.28
24,98,6.29,16.36
24,99,10.312,29.91
24,100,14.299,41.47
24,101,6.333,18.37
24,102,15.974,46.32
24,103,9.571,30.63
24,104,2.739,7.94
24,105,9.64,30.85
24,106,12.144,31.57
24,107,14.743,38.33
24,108,10.734,31.13
24,109,3.521,9.15
24,110,13.703,39.74
24,111,11.668,33.84
24,112,11.051,28.73
24,113,3.469,11.1
24,114,3.101,8.06
24,115,13.797,35.87
24,116,11.372,36.39
24,117,3.708,10.75
24,118,17.11,44.49
24,119,15.249,44.22
24,120,16.913,43.97
24,121,11.804,34.23
24,122,3.693,11.82
24,123,5.378,17.21
24,124,0.753,2.41
24,125,13.06,33.96
24,126,2.822,9.03
24,127,1.74,5.57
24,128,12.184,38.99
24,129,18.749,48.75
24,130,19.292,55.95
24,131,2.343,6.09
24,132,19.967,57.9
24,133,18.068,57.82
24,134,7.058,20.47
24,135,4.133,11.98
24,136,18.316,58.61
24,137,18.949,60.64
24,138,10.931,34.98
24,139,19.624,51.02
24,140,6.674,17.35
24,141,16.904,49.02
24,142,18.663,59.72
24,143,3.113,8.1
24,144,6.941,20.13
24,145,15.036,43.6
24,146,5.413,14.07
24,147,3.739,10.84
24,148,18.596,59.51
24,149,7.931,23.0
24,150,2.408,6.26
24,151,4.83,12.56
24,152,13.665,43.73
24,153,13.139,38.1
24,154,12.569,40.22
24,155,6.679,21.37
24,156,2.545,8.14
24,157,16.349,42.51
24,158,10.431,27.12
24,159,17.492,55.97
24,160,14.663,38.12
24,161,12.546,36.38
24,162,17.222,49.94
24,163,9.919,31.74
24,164,8.875,28.4
24,165,5.311,17.0
24,166,9.663,25.12
24,167,10.516,33.65
24,168,11.97,34.71
24,169,6.876,22.0
24,170,8.906,28.5
24,171,15.877,46.04
24,172,17.545,56.14
24,173,19.421,62.15
24,174,14.501,42.05
24,175,7.816,20.32
24,176,11.193,35.82
24,177,11.923,38.15
24,178,3.745,9.74
24,179,14.703,38.23
24,180,16.645,43.28
24,181,7.709,22.36
24,182,15.767,40.99
24,183,3.239,10.36
24,184,12.135,35.19
24,185,15.828,45.9
24,186,18.651,59.68
24,187,16.091,46.67
24,188,14.349,45.92
24,189,17.942,52.03
24,190,12.101,35.09
24,191,16.768,48.63
24,192,7.78,22.56
24,193,12.006,34.82
24,194,17.643,45.87
24,195,4.233,11.01
24,196,17.288,50.14
24,197,19.821,63.43
24,198,10.098,32.31
24,199,16.617,48.19
24,200,20.164,52.43
25,0,8.563,24.83
25,1,12.555,32.64
25,2,9.774,28.35
25,3,14.329,37.26
25,4,9.101,23.66
25,5,16.385,47.52
25,6,16.896,54.07
25,7,15.853,45.97
25,8,16.742,43.53
25,9,20.038,64.12
25,10,5.484,15.9
25,11,17.618,56.38
25,12,15.046,43.63
25,13,16.145,41.98
25,14,11.266,32.67
25,15,2.306,7.38
25,16,9.654,25.1
25,17,17.515,45.54
25,18,13.312,38.61
25,19,11.083,28.82
25,20,2.929,7.62
25,21,17.834,57.07
25,22,13.48,35.05
25,23,2.798,8.11
25,24,10.483,33.54
25,26,3.512,10.19
25,27,2.646,7.67
25,28,1.285,4.11
25,29,3.717,11.89
25,30,10.834,31.42
25,31,14.097,40.88
25,32,15.583,45.19
25,33,16.755,43.56
25,34,20.168,52.44
25,35,14.836,38.57
25,36,11.807,30.7
25,37,12.596,40.31
25,38,10.237,32.76
25,39,15.931,46.2
25,40,19.516,62.45
25,41,12.851,37.27
25,42,12.791,37.09
25,43,20.652,66.09
25,44,12.165,38.93
25,45,15.963,46.29
25,46,13.48,43.14
25,47,12.254,31.86
25,48,13.491,43.17
25,49,15.403,44.67
25,50,1.879,4.89
25,51,20.058,52.15
25,52,2.684,8.59
25,53,14.031,40.69
25,54,2.642,8.46
25,55,13.966,40.5
25,56,14.635,38.05
25,57,11.931,38.18
25,58,12.102,31.47
25,59,10.759,34.43
25,60,13.385,42.83
25,61,16.959,44.09
25,62,11.049,35.36
25,63,11.905,30.95
25,64,16.357,42.53
25,65,5.241,15.2
25,66,3.166,9.18
25,67,11.114,35.57
25,68,3.26,9.45
25,69,12.376,32.18
25,70,11.367,32.97
25,71,16.77,43.6
25,72,10.417,30.21
25,73,12.504,40.01
25,74,0.997,3.19
25,75,13.412,42.92
25,76,13.165,38.18
25,77,4.32,12.53
25,78,3.641,9.47
25,79,14.567,37.87
25,80,4.725,13.7
25,81,21.982,63.75
25,82,11.792,30.66
25,83,0.899,2.34
25,84,4.478,14.33
25,85,2.638,7.65
25,86,14.595,42.32
25,87,19.829,51.55
25,88,15.636,45.35
25,89,9.146,23.78
25,90,10.446,30.29
25,91,12.171,35.3
25,92,19.461,56.44
25,93,2.885,9.23
25,94,14.063,36.56
25,95,15.51,49.63
25,96,14.972,43.42
25,97,11.873,30.87
25,98,16.765,43.59
25,99,14.411,41.79
25,100,18.91,54.84
25,101,14.763,42.81
25,102,10.871,31.53
25,103,1.71,5.47
25,104,13.22,38.34
25,105,2.874,9.2
25,106,16.729,43.5
25,107,11.498,29.89
25,108,0.288,0.84
25,109,13.948,36.26
25,110,16.196,46.97
25,111,1.243,3.6
25,112,14.532,37.78
25,113,13.767,44.05
25,114,13.581,35.31
25,115,16.714,43.46
25,116,3.461,11.08
25,117,13.07,37.9
25,118,12.247,31.84
25,119,16.847,48.86
25,120,18.153,47.2
25,121,15.228,44.16
25,122,13.529,43.29
25,123,11.574,37.04
25,124,11.126,35.6
25,125,4.238,11.02
25,126,9.507,30.42
25,127,11.059,35.39
25,128,14.765,47.25
25,129,14.154,36.8
25,130,13.866,40.21
25,131,12.734,33.11
25,132,13.553,39.3
25,133,12.445,39.82
25,134,17.534,50.85
25,135,10.474,30.38
25,136,12.318,39.42
25,137,13.965,44.69
25,138,2.726,8.72
25,139,20.711,53.85
25,140,14.873,38.67
25,141,11.55,33.49
25,142,13.821,44.23
25,143,13.566,35.27
25,144,14.523,42.12
25,145,17.205,49.9
25,146,15.109,39.28
25,147,13.199,38.28
25,148,12.629,40.41
25,149,3.253,9.43
25,150,12.306,32.0
25,151,15.259,39.67
25,152,18.009,57.63
25,153,15.767,45.72
25,154,2.168,6.94
25,155,14.502,46.41
25,156,11.455,36.66
25,157,17.698,46.01
25,158,2.895,7.53
25,159,17.15,54.88
25,160,15.071,39.18
25,161,3.97,11.51
25,162,20.67,59.94
25,163,1.988,6.36
25,164,1.636,5.24
25,165,15.351,49.12
25,166,2.6,6.76
25,167,0.868,2.78
25,168,2.709,7.86
25,169,12.727,40.73
25,170,18.25,58.4
25,171,10.709,31.06
25,172,13.344,42.7
25,173,22.482,71.94
25,174,9.653,27.99
25,175,18.295,47.57
25,176,3.109,9.95
25,177,1.959,6.27
25,178,12.949,33.67
25,179,4.605,11.97
25,180,11.766,30.59
25,181,2.797,8.11
25,182,11.004,28.61
25,183,11.907,38.1
25,184,15.479,44.89
25,185,10.605,30.75
25,186,12.128,38.81
25,187,21.593,62.62
25,188,7.379,23.61
25,189,11.813,34.26
25,190,1.664,4.83
25,191,19.053,55.25
25,192,2.767,8.02
25,193,14.277,41.4
25,194,12.974,33.73
25,195,11.81,30.7
25,196,20.578,59.68
25,197,12.741,40.77
25,198,14.057,44.98
25,199,12.137,35.2
25,200,14.325,37.24
26,0,8.634,22.45
26,1,9.208,21.18
26,2,11.105,28.87
26,3,11.448,26.33
26,4,6.452,14.84
26,5,17.951,46.67
26,6,15.566,45.14
26,7,14.781,38.43
26,8,19.183,44.12
26,9,19.447,56.4
26,10,8.84,22.98
26,11,16.794,48.7
26,12,11.996,31.19
26,13,15.042,34.6
26,14,13.096,34.05
26,15,5.791,16.79
26,16,6.18,14.21
26,17,16.193,37.24
26,18,15.21,39.55
26,19,8.257,18.99
26,20,3.256,7.49
26,21,16.482,47.8
26,22,10.753,24.73
26,23,4.123,10.72
26,24,12.958,37.58
26,25,3.512,10.19
26,27,3.496,9.09
26,28,4.458,12.93
26,29,1.086,3.15
26,30,12.829,33.36
26,31,15.43,40.12
26,32,14.906,38.75
26,33,16.607,38.2
26,34,19.469,44.78
26,35,12.147,27.94
26,36,13.763,31.66
26,37,9.682,28.08
26,38,7.293,21.15
26,39,17.547,45.62
26,40,20.074,58.21
26,41,15.031,39.08
26,42,14.617,38.0
26,43,20.192,58.56
26,44,9.622,27.9
26,45,15.378,39.98
26,46,15.588,45.2
26,47,14.19,32.64
26,48,15.85,45.96
26,49,15.433,40.13
26,50,1.805,4.15
26,51,18.679,42.96
26,52,1.086,3.15
26,53,13.301,34.58
26,54,5.816,16.87
26,55,15.853,41.22
26,56,11.607,26.7
26,57,14.182,41.13
26,58,9.247,21.27
26,59,7.83,22.71
26,60,15.54,45.07
26,61,13.505,31.06
26,62,8.378,24.3
26,63,9.174,21.1
26,64,18.612,42.81
26,65,8.753,22.76
26,66,5.069,13.18
26,67,9.174,26.6
26,68,2.646,6.88
26,69,14.577,33.53
26,70,13.779,35.82
26,71,16.335,37.57
26,72,12.555,32.64
26,73,10.038,29.11
26,74,3.043,8.82
26,75,15.662,45.42
26,76,13.44,34.94
26,77,5.296,13.77
26,78,6.879,15.82
26,79,16.394,37.71
26,80,1.403,3.65
26,81,20.751,53.95
26,82,13.362,30.73
26,83,3.582,8.24
26,84,7.016,20.35
26,85,3.144,8.17
26,86,15.9,41.34
26,87,18.869,43.4
26,88,14.377,37.38
26,89,11.148,25.64
26,90,7.458,19.39
26,91,14.017,36.44
26,92,18.964,49.31
26,93,3.083,8.94
26,94,15.173,34.9
26,95,16.151,46.84
26,96,16.135,41.95
26,97,13.664,31.43
26,98,19.086,43.9
26,99,14.393,37.42
26,100,18.618,48.41
26,101,16.128,41.93
26,102,8.088,21.03
26,103,5.222,15.14
26,104,15.662,40.72
26,105,6.342,18.39
26,106,16.611,38.2
26,107,9.309,21.41
26,108,3.247,8.44
26,109,16.237,37.34
26,110,15.429,40.11
26,111,3.304,8.59
26,112,14.29,32.87
26,113,15.955,46.27
26,114,15.971,36.73
26,115,16.038,36.89
26,116,1.95,5.65
26,117,14.913,38.77
26,118,9.411,21.64
26,119,15.719,40.87
26,120,16.799,38.64
26,121,14.88,38.69
26,122,15.505,44.96
26,123,12.703,36.84
26,124,13.504,39.16
26,125,6.473,14.89
26,126,11.355,32.93
26,127,13.153,38.14
26,128,14.19,41.15
26,129,11.263,25.91
26,130,10.765,27.99
26,131,15.032,34.57
26,132,10.237,26.62
26,133,9.369,27.17
26,134,19.849,51.61
26,135,11.91,30.96
26,136,9.147,26.53
26,137,10.977,31.83
26,138,2.076,6.02
26,139,19.145,44.03
26,140,16.149,37.14
26,141,8.617,22.41
26,142,10.881,31.55
26,143,16.068,36.96
26,144,15.631,40.64
26,145,16.235,42.21
26,146,16.922,38.92
26,147,15.063,39.16
26,148,9.451,27.41
26,149,6.67,17.34
26,150,14.406,33.13
26,151,17.516,40.29
26,152,17.696,51.32
26,153,15.09,39.24
26,154,2.113,6.13
26,155,15.691,45.5
26,156,13.374,38.78
26,157,16.415,37.75
26,158,2.632,6.05
26,159,15.36,44.54
26,160,13.72,31.55
26,161,6.458,16.79
26,162,19.871,51.66
26,163,5.447,15.8
26,164,4.855,14.08
26,165,17.316,50.22
26,166,3.314,7.62
26,167,2.884,8.36
26,168,5.246,13.64
26,169,13.532,39.24
26,170,19.741,57.25
26,171,7.922,20.6
26,172,10.627,30.82
26,173,21.456,62.22
26,174,7.132,18.54
26,175,20.699,47.61
26,176,6.154,17.85
26,177,1.573,4.56
26,178,14.753,33.93
26,179,5.278,12.14
26,180,8.968,20.63
26,181,5.529,14.38
26,182,8.325,19.15
26,183,13.686,39.69
26,184,15.076,39.2
26,185,7.809,20.3
26,186,8.839,25.63
26,187,21.44,55.74
26,188,4.357,12.64
26,189,8.636,22.45
26,190,2.407,6.26
26,191,17.975,46.74
26,192,5.388,14.01
26,193,13.66,35.52
26,194,10.141,23.32
26,195,13.296,30.58
26,196,19.732,51.3
26,197,9.325,27.04
26,198,14.041,40.72
26,199,9.435,24.53
26,200,11.106,25.54
27,0,10.875,28.27
27,1,12.49,28.73
27,2,12.391,32.22
27,3,14.935,34.35
27,4,9.935,22.85
27,5,19.03,49.48
27,6,18.694,54.21
27,7,17.78,46.23
27,8,19.284,44.35
27,9,22.203,64.39
27,10,7.575,19.69
27,11,19.672,57.05
27,12,15.444,40.16
27,13,18.058,41.53
27,14,13.911,36.17
27,15,4.373,12.68
27,16,8.673,19.95
27,17,19.32,44.44
27,18,15.953,41.48
27,19,11.752,27.03
27,20,0.464,1.07
27,21,19.624,56.91
27,22,14.249,32.77
27,23,5.236,13.61
27,24,13.048,37.84
27,25,2.646,7.67
27,26,3.496,9.09
27,28,2.364,6.85
27,29,2.882,8.36
27,30,13.472,35.03
27,31,16.728,43.49
27,32,17.691,46.0
27,33,19.073,43.87
27,34,22.288,51.26
27,35,15.643,35.98
27,36,14.446,33.23
27,37,13.168,38.19
27,38,10.781,31.27
27,39,18.576,48.3
27,40,22.042,63.92
27,41,15.464,40.21
27,42,15.435,40.13
27,43,22.872,66.33
27,44,13.104,38.0
27,45,18.112,47.09
27,46,16.101,46.69
27,47,14.894,34.26
27,48,16.068,46.6
27,49,17.772,46.21
27,50,3.1,7.13
27,51,21.842,50.24
27,52,2.434,7.06
27,53,16.104,41.87
27,54,3.178,9.22
27,55,16.606,43.18
27,56,15.064,34.65
27,57,14.536,42.15
27,58,12.74,29.3
27,59,11.319,32.82
27,60,16.0,46.4
27,61,16.558,38.08
27,62,11.87,34.42
27,63,12.669,29.14
27,64,18.946,43.58
27,65,6.781,17.63
27,66,1.638,4.26
27,67,12.503,36.26
27,68,4.945,12.86
27,69,14.988,34.47
27,70,13.943,36.25
27,71,18.983,43.66
27,72,13.044,33.91
27,73,13.51,39.18
27,74,3.284,9.52
27,75,16.011,46.43
27,76,15.592,40.54
27,77,1.947,5.06
27,78,5.994,13.79
27,79,17.209,39.58
27,80,4.887,12.71
27,81,23.853,62.02
27,82,14.434,33.2
27,83,3.479,8.0
27,84,3.662,10.62
27,85,4.728,12.29
27,86,17.224,44.78
27,87,21.829,50.21
27,88,17.465,45.41
27,89,11.788,27.11
27,90,10.94,28.44
27,91,14.815,38.52
27,92,21.662,56.32
27,93,4.886,14.17
27,94,16.669,38.34
27,95,18.041,52.32
27,96,17.587,45.73
27,97,14.519,33.39
27,98,19.338,44.48
27,99,16.758,43.57
27,100,21.187,55.09
27,101,17.398,45.23
27,102,11.584,30.12
27,103,3.617,10.49
27,104,15.777,41.02
27,105,4.197,12.17
27,106,19.057,43.83
27,107,12.717,29.25
27,108,2.453,6.38
27,109,16.538,38.04
27,110,18.268,47.5
27,111,1.405,3.65
27,112,16.804,38.65
27,113,16.375,47.49
27,114,16.149,37.14
27,115,18.829,43.31
27,116,4.706,13.65
27,117,15.713,40.85
27,118,12.905,29.68
27,119,18.751,48.75
27,120,19.944,45.87
27,121,17.465,45.41
27,122,16.163,46.87
27,123,14.174,41.11
27,124,13.71,39.76
27,125,3.037,6.99
27,126,12.153,35.24
27,127,13.688,39.7
27,128,16.91,49.04
27,129,14.749,33.92
27,130,14.201,36.92
27,131,15.327,35.25
27,132,13.54,35.2
27,133,12.82,37.18
27,134,20.106,52.28
27,135,13.105,34.07
27,136,12.563,36.43
27,137,14.446,41.89
27,138,4.223,12.25
27,139,22.389,51.49
27,140,17.5,40.25
27,141,12.104,31.47
27,142,14.36,41.64
27,143,16.104,37.04
27,144,17.131,44.54
27,145,19.189,49.89
27,146,17.751,40.83
27,147,15.841,41.19
27,148,12.861,37.3
27,149,5.389,14.01
27,150,14.931,34.34
27,151,17.851,41.06
27,152,20.274,58.8
27,153,17.876,46.48
27,154,1.447,4.2
27,155,17.12,49.65
27,156,14.096,40.88
27,157,19.525,44.91
27,158,4.669,10.74
27,159,18.675,54.16
27,160,16.847,38.75
27,161,3.122,8.12
27,162,22.748,59.14
27,163,3.47,10.06
27,164,4.181,12.13
27,165,17.983,52.15
27,166,4.775,10.98
27,167,3.003,8.71
27,168,2.13,5.54
27,169,15.278,44.31
27,170,20.894,60.59
27,171,11.417,29.69
27,172,14.123,40.96
27,173,24.459,70.93
27,174,10.6,27.56
27,175,20.842,47.94
27,176,3.287,9.53
27,177,2.445,7.09
27,178,15.593,35.86
27,179,2.099,4.83
27,180,12.463,28.67
27,181,5.424,14.1
27,182,11.817,27.18
27,183,14.552,42.2
27,184,17.697,46.01
27,185,11.305,29.39
27,186,12.181,35.33
27,187,23.928,62.21
27,188,7.85,22.76
27,189,12.052,31.34
27,190,1.472,3.83
27,191,20.993,54.58
27,192,5.407,14.06
27,193,16.401,42.64
27,194,13.634,31.36
27,195,14.447,33.23
27,196,22.634,58.85
27,197,12.508,36.27
27,198,16.403,47.57
27,199,12.93,33.62
27,200,14.48,33.3
28,0,9.696,28.12
28,1,13.636,35.45
28,2,10.586,30.7
28,3,15.552,40.43
28,4,10.341,26.89
28,5,17.03,49.39
28,6,18.15,58.08
28,7,17.086,49.55
28,8,17.001,44.2
28,9,21.2,67.84
28,10,5.213,15.12
28,11,18.819,60.22
28,12,16.236,47.08
28,13,17.381,45.19
28,14,11.871,34.43
28,15,2.017,6.45
28,16,10.426,27.11
28,17,18.768,48.8
28,18,13.86,40.19
28,19,12.307,32.0
28,20,2.784,7.24
28,21,19.089,61.09
28,22,14.724,38.28
28,23,3.952,11.46
28,24,10.801,34.56
28,25,1.285,4.11
28,26,4.458,12.93
28,27,2.364,6.85
28,29,4.394,14.06
28,30,11.377,32.99
28,31,14.844,43.05
28,32,16.772,48.64
28,33,17.855,46.42
28,34,21.345,55.5
28,35,16.087,41.83
28,36,12.351,32.11
28,37,13.809,44.19
28,38,11.438,36.6
28,39,16.561,48.03
28,40,20.448,65.43
28,41,13.281,38.52
28,42,13.375,38.79
28,43,21.791,69.73
28,44,13.425,42.96
28,45,17.137,49.7
28,46,13.935,44.59
28,47,12.801,33.28
28,48,13.825,44.24
28,49,16.476,47.78
28,50,3.045,7.92
28,51,21.312,55.41
28,52,3.471,11.11
28,53,15.233,44.17
28,54,1.4,4.48
28,55,14.51,42.08
28,56,15.829,41.15
28,57,12.339,39.49
28,58,13.324,34.64
28,59,11.964,38.29
28,60,13.819,44.22
28,61,17.963,46.7
28,62,12.293,39.34
28,63,13.144,34.18
28,64,16.713,43.45
28,65,4.55,13.2
28,66,2.187,6.34
28,67,12.399,39.68
28,68,4.543,13.17
28,69,12.803,33.29
28,70,11.704,33.94
28,71,17.918,46.59
28,72,10.906,31.63
28,73,13.771,44.07
28,74,2.279,7.29
28,75,13.8,44.16
28,76,14.204,41.19
28,77,3.555,10.31
28,78,3.671,9.54
28,79,15.129,39.33
28,80,5.776,16.75
28,81,23.22,67.34
28,82,12.487,32.47
28,83,2.069,5.38
28,84,3.213,10.28
28,85,3.909,11.33
28,86,15.346,44.5
28,87,21.041,54.71
28,88,16.888,48.97
28,89,9.723,25.28
28,90,11.639,33.75
28,91,12.756,36.99
28,92,20.61,59.77
28,93,4.162,13.32
28,94,14.88,38.69
28,95,16.445,52.62
28,96,15.764,45.72
28,97,12.484,32.46
28,98,17.085,44.42
28,99,15.5,44.95
28,100,20.027,58.08
28,101,15.493,44.93
28,102,12.101,35.09
28,103,1.261,4.04
28,104,13.513,39.19
28,105,1.978,6.33
28,106,17.823,46.34
28,107,12.778,33.22
28,108,1.404,4.07
28,109,14.311,37.21
28,110,17.394,50.44
28,111,1.275,3.7
28,112,15.659,40.71
28,113,14.181,45.38
28,114,13.897,36.13
28,115,17.898,46.54
28,116,4.706,15.06
28,117,13.642,39.56
28,118,13.472,35.03
28,119,18.085,52.45
28,120,19.408,50.46
28,121,16.369,47.47
28,122,14.041,44.93
28,123,12.417,39.73
28,124,11.484,36.75
28,125,3.04,7.9
28,126,10.14,32.45
28,127,11.555,36.98
28,128,15.943,51.02
28,129,15.375,39.97
28,130,15.041,43.62
28,131,13.108,34.08
28,132,14.651,42.49
28,133,13.623,43.59
28,134,17.851,51.77
28,135,11.238,32.59
28,136,13.469,43.1
28,137,15.167,48.53
28,138,3.988,12.76
28,139,21.978,57.14
28,140,15.63,40.64
28,141,12.757,37.0
28,142,15.032,48.1
28,143,13.823,35.94
28,144,15.337,44.48
28,145,18.425,53.43
28,146,15.671,40.74
28,147,13.761,39.91
28,148,13.779,44.09
28,149,3.029,8.78
28,150,12.78,33.23
28,151,15.624,40.62
28,152,19.132,61.22
28,153,16.955,49.17
28,154,2.639,8.45
28,155,15.292,48.93
28,156,12.02,38.47
28,157,18.947,49.26
28,158,4.179,10.86
28,159,18.43,58.98
28,160,16.33,42.46
28,161,2.723,7.9
28,162,21.86,63.39
28,163,1.142,3.66
28,164,2.101,6.72
28,165,15.848,50.71
28,166,3.858,10.03
28,167,2.143,6.86
28,168,1.52,4.41
28,169,13.645,43.66
28,170,18.908,60.5
28,171,11.938,34.62
28,172,14.589,46.68
28,173,23.697,75.83
28,174,10.908,31.63
28,175,18.562,48.26
28,176,1.836,5.88
28,177,2.897,9.27
28,178,13.539,35.2
28,179,3.922,10.2
28,180,12.996,33.79
28,181,3.408,9.88
28,182,12.247,31.84
28,183,12.522,40.07
28,184,16.628,48.22
28,185,11.832,34.31
28,186,13.237,42.36
28,187,22.675,65.76
28,188,8.547,27.35
28,189,12.962,37.59
28,190,2.164,6.28
28,191,20.28,58.81
28,192,3.452,10.01
28,193,15.463,44.84
28,194,14.202,36.92
28,195,12.533,32.59
28,196,21.774,63.15
28,197,13.779,44.09
28,198,15.148,48.47
28,199,13.38,38.8
28,200,15.464,40.21
29,0,9.704,28.14
29,1,9.608,24.98
29,2,12.069,35.0
29,3,12.139,31.56
29,4,7.298,18.98
29,5,18.905,54.83
29,6,16.599,53.12
29,7,15.839,45.93
29,8,19.957,51.89
29,9,20.526,65.68
29,10,9.192,26.66
29,11,17.864,57.17
29,12,12.596,36.53
29,13,16.097,41.85
29,14,13.99,40.57
29,15,6.016,19.25
29,16,6.032,15.68
29,17,17.226,44.79
29,18,16.099,46.69
29,19,9.006,23.42
29,20,2.541,6.61
29,21,17.51,56.03
29,22,11.513,29.93
29,23,4.943,14.33
29,24,13.703,43.85
29,25,3.717,11.89
29,26,1.086,3.15
29,27,2.882,8.36
29,28,4.394,14.06
29,30,13.689,39.7
29,31,16.411,47.59
29,32,15.985,46.36
29,33,17.693,46.0
29,34,20.543,53.41
29,35,12.91,33.57
29,36,14.635,38.05
29,37,10.374,33.2
29,38,8.003,25.61
29,39,18.492,53.63
29,40,21.138,67.64
29,41,15.86,45.99
29,42,15.517,45.0
29,43,21.274,68.08
29,44,10.457,33.46
29,45,16.46,47.73
29,46,16.435,52.59
29,47,15.067,39.18
29,48,16.637,53.24
29,49,16.516,47.9
29,50,2.406,6.26
29,51,19.7,51.22
29,52,1.054,3.37
29,53,14.38,41.7
29,54,5.648,18.07
29,55,16.746,48.56
29,56,12.223,31.78
29,57,14.991,47.97
29,58,9.971,25.93
29,59,8.539,27.32
29,60,16.377,52.41
29,61,13.727,35.69
29,62,9.185,29.39
29,63,9.949,25.87
29,64,19.433,50.52
29,65,8.884,25.76
29,66,4.518,13.1
29,67,10.153,32.49
29,68,3.655,10.6
29,69,15.399,40.04
29,70,14.545,42.18
29,71,17.419,45.29
29,72,13.383,38.81
29,73,10.892,34.85
29,74,3.528,11.29
29,75,16.476,52.72
29,76,14.511,42.08
29,77,4.489,13.02
29,78,7.296,18.97
29,79,17.3,44.98
29,80,2.196,6.37
29,81,21.785,63.18
29,82,14.302,37.18
29,83,4.032,10.48
29,84,6.533,20.91
29,85,4.023,11.67
29,86,16.886,48.97
29,87,19.929,51.81
29,88,15.42,44.72
29,89,11.997,31.19
29,90,8.143,23.62
29,91,14.911,43.24
29,92,20.046,58.13
29,93,4.01,12.83
29,94,16.181,42.07
29,95,17.205,55.06
29,96,17.14,49.7
29,97,14.567,37.87
29,98,19.892,51.72
29,99,15.476,44.88
29,100,19.704,57.14
29,101,17.107,49.61
29,102,8.857,25.69
29,103,5.362,17.16
29,104,16.426,47.64
29,105,6.361,20.36
29,106,17.696,46.01
29,107,10.24,26.62
29,108,3.43,9.95
29,109,17.043,44.31
29,110,16.504,47.86
29,111,3.133,9.09
29,112,15.377,39.98
29,113,16.785,53.71
29,114,16.751,43.55
29,115,17.116,44.5
29,116,3.011,9.63
29,117,15.811,45.85
29,118,10.141,26.37
29,119,16.77,48.63
29,120,17.827,46.35
29,121,15.966,46.3
29,122,16.379,52.41
29,123,13.701,43.84
29,124,14.278,45.69
29,125,5.919,15.39
29,126,12.235,39.15
29,127,13.994,44.78
29,128,15.273,48.87
29,129,11.951,31.07
29,130,11.346,32.9
29,131,15.833,41.16
29,132,10.658,30.91
29,133,9.979,31.93
29,134,20.658,59.91
29,135,12.863,37.3
29,136,9.699,31.04
29,137,11.619,37.18
29,138,3.015,9.65
29,139,20.142,52.37
29,140,17.139,44.56
29,141,9.314,27.01
29,142,11.548,36.95
29,143,16.817,43.72
29,144,16.64,48.26
29,145,17.297,50.16
29,146,17.832,46.36
29,147,15.958,46.28
29,148,9.994,31.98
29,149,6.968,20.21
29,150,15.25,39.65
29,151,18.334,47.67
29,152,18.782,60.1
29,153,16.17,46.89
29,154,1.771,5.67
29,155,16.691,53.41
29,156,14.251,45.6
29,157,17.451,45.37
29,158,3.586,9.32
29,159,16.332,52.26
29,160,14.755,38.36
29,161,5.986,17.36
29,162,20.94,60.72
29,163,5.485,17.55
29,164,5.246,16.79
29,165,18.198,58.23
29,166,4.173,10.85
29,167,3.303,10.57
29,168,4.872,14.13
29,169,14.567,46.62
29,170,20.71,66.27
29,171,8.691,25.2
29,172,11.393,36.46
29,173,22.508,72.03
29,174,8.006,23.22
29,175,21.486,55.86
29,176,5.908,18.91
29,177,1.839,5.89
29,178,15.658,40.71
29,179,4.407,11.46
29,180,9.719,25.27
29,181,6.109,17.72
29,182,9.13,23.74
29,183,14.592,46.69
29,184,16.161,46.87
29,185,8.577,24.87
29,186,9.301,29.76
29,187,22.526,65.33
29,188,5.107,16.34
29,189,9.19,26.65
29,190,2.23,6.47
29,191,19.027,55.18
29,192,5.995,17.39
29,193,14.742,42.75
29,194,10.865,28.25
29,195,14.248,37.05
29,196,20.798,60.31
29,197,9.638,30.84
29,198,15.124,48.4
29,199,10.218,29.63
29,200,11.603,30.17
30,0,6.659,17.31
30,1,18.237,41.95
30,2,2.771,7.2
30,3,17.448,40.13
30,4,13.419,30.86
30,5,5.734,14.91
30,6,13.917,40.36
30,7,12.388,32.21
30,8,6.601,15.18
30,9,14.003,40.61
30,10,7.584,19.72
30,11,12.843,37.24
30,12,18.705,48.63
30,13,12.68,29.16
30,14,0.76,1.98
30,15,9.564,27.74
30,16,18.102,41.63
30,17,14.336,32.97
30,18,2.484,6.46
30,19,15.04,34.59
30,20,13.76,31.65
30,21,14.669,42.54
30,22,16.264,37.41
30,23,8.746,22.74
30,24,2.083,6.04
30,25,10.834,31.42
30,26,12.829,33.36
30,27,13.472,35.03
30,28,11.377,32.99
30,29,13.689,39.7
30,31,4.091,10.64
30,32,10.988,28.57
30,33,10.168,23.39
30,34,14.429,33.19
30,35,17.084,39.29
30,36,0.975,2.24
30,37,16.338,47.38
30,38,14.916,43.25
30,39,5.244,13.63
30,40,10.47,30.36
30,41,2.28,5.93
30,42,2.022,5.26
30,43,14.122,40.95
30,44,14.776,42.85
30,45,10.949,28.47
30,46,2.767,8.02
30,47,1.424,3.28
30,48,3.338,9.68
30,49,8.707,22.64
30,50,11.315,26.03
30,51,16.464,37.87
30,52,12.74,36.94
30,53,10.229,26.59
30,54,11.645,33.77
30,55,3.136,8.15
30,56,18.286,42.06
30,57,1.673,4.85
30,58,15.789,36.31
30,59,15.184,44.03
30,60,2.747,7.97
30,61,22.764,52.36
30,62,14.516,42.1
30,63,15.234,35.04
30,64,5.833,13.42
30,65,9.448,24.56
30,66,13.527,35.17
30,67,12.396,35.95
30,68,10.274,26.71
30,69,1.892,4.35
30,70,1.994,5.18
30,71,11.042,25.4
30,72,0.679,1.77
30,73,14.733,42.73
30,74,10.416,30.21
30,75,2.969,8.61
30,76,6.682,17.37
30,77,14.933,38.82
30,78,7.93,18.24
30,79,3.751,8.63
30,80,13.046,33.92
30,81,17.561,45.66
30,82,1.871,4.3
30,83,10.066,23.15
30,84,13.656,39.6
30,85,9.689,25.19
30,86,4.556,11.85
30,87,14.952,34.39
30,88,12.839,33.38
30,89,1.7,3.91
30,90,15.192,39.5
30,91,1.421,3.69
30,92,13.259,34.47
30,93,9.751,28.28
30,94,4.643,10.68
30,95,6.986,20.26
30,96,5.196,13.51
30,97,1.271,2.92
30,98,6.355,14.62
30,99,8.245,21.44
30,100,12.223,31.78
30,101,4.568,11.88
30,102,14.77,38.4
30,103,10.223,29.65
30,104,3.384,8.8
30,105,10.531,30.54
30,106,10.061,23.14
30,107,13.302,30.59
30,108,11.053,28.74
30,109,3.566,8.2
30,110,11.666,30.33
30,111,12.067,31.37
30,112,9.002,20.7
30,113,3.177,9.21
30,114,3.516,8.09
30,115,11.739,27.0
30,116,11.072,32.11
30,117,2.273,5.91
30,118,15.818,36.38
30,119,13.245,34.44
30,120,14.91,34.29
30,121,9.746,25.34
30,122,2.704,7.84
30,123,3.317,9.62
30,124,1.744,5.06
30,125,13.932,32.04
30,126,1.519,4.41
30,127,0.496,1.44
30,128,10.167,29.48
30,129,17.359,39.93
30,130,18.02,46.85
30,131,2.488,5.72
30,132,18.85,49.01
30,133,16.868,48.92
30,134,7.099,18.46
30,135,2.199,5.72
30,136,17.175,49.81
30,137,17.615,51.08
30,138,10.755,31.19
30,139,17.603,40.49
30,140,4.853,11.16
30,141,15.703,40.83
30,142,17.314,50.21
30,143,3.894,8.96
30,144,4.988,12.97
30,145,13.0,33.8
30,146,4.293,9.87
30,147,2.385,6.2
30,148,17.439,50.57
30,149,8.763,22.78
30,150,1.601,3.68
30,151,4.76,10.95
30,152,11.582,33.59
30,153,11.102,28.87
30,154,12.783,37.07
30,155,4.764,13.82
30,156,0.668,1.94
30,157,14.345,32.99
30,158,10.211,23.49
30,159,15.604,45.25
30,160,12.766,29.36
30,161,13.438,34.94
30,162,15.139,39.36
30,163,10.645,30.87
30,164,9.323,27.04
30,165,4.529,13.14
30,166,9.526,21.91
30,167,10.699,31.03
30,168,12.694,33.0
30,169,4.795,13.91
30,170,7.616,22.09
30,171,14.69,38.19
30,172,16.133,46.78
30,173,17.338,50.28
30,174,13.333,34.67
30,175,8.022,18.45
30,176,12.071,35.01
30,177,12.006,34.82
30,178,2.195,5.05
30,179,15.294,35.18
30,180,15.374,35.36
30,181,8.049,20.93
30,182,14.516,33.39
30,183,1.323,3.84
30,184,10.077,26.2
30,185,14.652,38.1
30,186,17.594,51.02
30,187,14.066,36.57
30,188,13.58,39.38
30,189,16.837,43.78
30,190,12.356,32.13
30,191,14.712,38.25
30,192,8.067,20.97
30,193,10.015,26.04
30,194,16.3,37.49
30,195,2.157,4.96
30,196,15.206,39.54
30,197,18.837,54.63
30,198,8.04,23.32
30,199,15.283,39.74
30,200,18.938,43.56
31,0,7.48,19.45
31,1,19.004,43.71
31,2,4.362,11.34
31,3,17.341,39.88
31,4,14.325,32.95
31,5,2.681,6.97
31,6,11.825,34.29
31,7,10.315,26.82
31,8,6.913,15.9
31,9,10.655,30.9
31,10,11.584,30.12
31,11,10.119,29.35
31,12,18.674,48.55
31,13,10.559,24.29
31,14,3.358,8.73
31,15,13.203,38.29
31,16,19.913,45.8
31,17,12.105,27.84
31,18,2.675,6.95
31,19,15.549,35.76
31,20,16.952,38.99
31,21,12.404,35.97
31,22,16.169,37.19
31,23,11.624,30.22
31,24,5.965,17.3
31,25,14.097,40.88
31,26,15.43,40.12
31,27,16.728,43.49
31,28,14.844,43.05
31,29,16.411,47.59
31,30,4.091,10.64
31,32,8.641,22.47
31,33,6.988,16.07
31,34,11.161,25.67
31,35,16.687,38.38
31,36,3.403,7.83
31,37,16.593,48.12
31,38,15.704,45.54
31,39,2.426,6.31
31,40,6.396,18.55
31,41,4.082,10.61
31,42,2.475,6.43
31,43,10.59,30.71
31,44,14.824,42.99
31,45,8.406,21.85
31,46,3.717,10.78
31,47,3.119,7.17
31,48,5.072,14.71
31,49,5.746,14.94
31,50,14.178,32.61
31,51,13.851,31.86
31,52,15.576,45.17
31,53,8.449,21.97
31,54,15.316,44.42
31,55,2.634,6.85
31,56,18.292,42.07
31,57,4.564,13.24
31,58,16.094,37.02
31,59,15.843,45.94
31,60,3.957,11.48
31,61,23.247,53.47
31,62,14.926,43.28
31,63,15.483,35.61
31,64,5.623,12.93
31,65,13.451,34.97
31,66,17.03,44.28
31,67,12.369,35.87
31,68,12.784,33.24
31,69,4.24,9.75
31,70,5.433,14.13
31,71,8.139,18.72
31,72,4.765,12.39
31,73,14.642,42.46
31,74,13.498,39.14
31,75,4.464,12.95
31,76,4.58,11.91
31,77,18.364,47.75
31,78,11.664,26.83
31,79,2.487,5.72
31,80,15.321,39.83
31,81,14.564,37.87
31,82,2.422,5.57
31,83,13.249,30.47
31,84,17.407,50.48
31,85,12.424,32.3
31,86,0.502,1.31
31,87,11.97,27.53
31,88,10.988,28.57
31,89,5.354,12.32
31,90,15.964,41.51
31,91,2.827,7.35
31,92,9.905,25.75
31,93,12.407,35.98
31,94,1.003,2.31
31,95,3.315,9.61
31,96,1.113,2.89
31,97,2.831,6.51
31,98,6.244,14.36
31,99,5.725,14.88
31,100,8.766,22.79
31,101,0.702,1.83
31,102,15.299,39.78
31,103,13.791,39.99
31,104,5.504,14.31
31,105,14.278,41.41
31,106,6.858,15.77
31,107,13.294,30.58
31,108,14.276,37.12
31,109,4.766,10.96
31,110,9.226,23.99
31,111,15.337,39.88
31,112,6.63,15.25
31,113,4.175,12.11
31,114,5.267,12.11
31,115,9.081,20.89
31,116,13.52,39.21
31,117,2.467,6.41
31,118,16.077,36.98
31,119,10.977,28.54
31,120,12.585,28.95
31,121,7.213,18.75
31,122,3.049,8.84
31,123,2.772,8.04
31,124,5.345,15.5
31,125,17.603,40.49
31,126,4.819,13.98
31,127,4.265,12.37
31,128,7.996,23.19
31,129,17.293,39.77
31,130,18.24,47.43
31,131,4.693,10.79
31,132,19.419,50.49
31,133,17.312,50.2
31,134,6.731,17.5
31,135,3.623,9.42
31,136,17.743,51.46
31,137,17.688,51.3
31,138,13.396,38.85
31,139,15.086,34.7
31,140,0.796,1.83
31,141,16.191,42.1
31,142,17.362,50.35
31,143,5.914,13.6
31,144,1.069,2.78
31,145,10.505,27.31
31,146,2.664,6.13
31,147,2.535,6.59
31,148,17.962,52.09
31,149,12.514,32.54
31,150,3.79,8.72
31,151,5.045,11.6
31,152,8.293,24.05
31,153,8.699,22.62
31,154,15.824,45.89
31,155,0.738,2.14
31,156,3.476,10.08
31,157,12.041,27.7
31,158,12.826,29.5
31,159,13.89,40.28
31,160,11.145,25.63
31,161,17.133,44.55
31,162,11.897,30.93
31,163,14.263,41.36
31,164,12.744,36.96
31,165,3.537,10.26
31,166,12.297,28.28
31,167,13.786,39.98
31,168,16.261,42.28
31,169,2.742,7.95
31,170,4.33,12.56
31,171,15.26,39.68
31,172,16.056,46.56
31,173,14.102,40.9
31,174,14.027,36.47
31,175,7.764,17.86
31,176,15.778,45.76
31,177,14.92,43.27
31,178,2.333,5.37
31,179,18.685,42.98
31,180,15.707,36.13
31,181,11.437,29.74
31,182,14.942,34.37
31,183,2.777,8.05
31,184,7.511,19.53
31,185,15.253,39.66
31,186,18.343,53.19
31,187,10.228,26.59
31,188,15.102,43.8
31,189,17.504,45.51
31,190,15.459,40.19
31,191,11.963,31.1
31,192,11.404,29.65
31,193,8.055,20.94
31,194,16.404,37.73
31,195,2.32,5.34
31,196,12.018,31.25
31,197,19.704,57.14
31,198,5.679,16.47
31,199,15.456,40.19
31,200,19.243,44.26
32,0,7.157,18.61
32,1,13.771,31.67
32,2,8.717,22.66
32,3,10.736,24.69
32,4,10.306,23.7
32,5,10.605,27.57
32,6,3.203,9.29
32,7,1.768,4.6
32,8,15.55,35.76
32,9,4.541,13.17
32,10,16.122,41.92
32,11,2.09,6.06
32,12,12.039,31.3
32,13,1.959,4.5
32,14,10.351,26.91
32,15,15.996,46.39
32,16,16.726,38.47
32,17,3.466,7.97
32,18,11.047,28.72
32,19,10.406,23.93
32,20,17.69,40.69
32,21,3.773,10.94
32,22,9.757,22.44
32,23,12.82,33.33
32,24,13.019,37.76
32,25,15.583,45.19
32,26,14.906,38.75
32,27,17.691,46.0
32,28,16.772,48.64
32,29,15.985,46.36
32,30,10.988,28.57
32,31,8.641,22.47
32,33,2.819,6.48
32,34,4.598,10.57
32,35,9.682,22.27
32,36,10.959,25.21
32,37,10.754,31.19
32,38,11.091,32.16
32,39,10.641,27.67
32,40,7.632,22.13
32,41,12.265,31.89
32,42,10.575,27.5
32,43,5.319,15.43
32,44,8.936,25.92
32,45,0.596,1.55
32,46,12.125,35.16
32,47,10.952,25.19
32,48,13.423,38.93
32,49,3.106,8.08
32,50,14.594,33.57
32,51,5.482,12.61
32,52,15.609,45.27
32,53,1.605,4.17
32,54,17.839,51.73
32,55,11.202,29.12
32,56,11.763,27.05
32,57,12.335,35.77
32,58,10.439,24.01
32,59,10.936,31.72
32,60,12.328,35.75
32,61,17.072,39.27
32,62,9.727,28.21
32,63,9.842,22.64
32,64,14.243,32.76
32,65,17.721,46.08
32,66,18.718,48.67
32,67,7.054,20.46
32,68,12.754,33.16
32,69,12.22,28.11
32,70,12.947,33.66
32,71,1.721,3.96
32,72,11.53,29.98
32,73,8.528,24.73
32,74,14.639,42.45
32,75,12.823,37.19
32,76,4.335,11.27
32,77,19.629,51.04
32,78,15.099,34.73
32,79,11.128,25.59
32,80,14.043,36.51
32,81,6.822,17.74
32,82,9.334,21.47
32,83,14.716,33.85
32,84,19.946,57.84
32,85,13.026,33.87
32,86,8.646,22.48
32,87,4.361,10.03
32,88,2.616,6.8
32,89,10.969,25.23
32,90,11.263,29.28
32,91,10.537,27.4
32,92,4.088,10.63
32,93,12.833,37.21
32,94,7.64,17.57
32,95,5.862,17.0
32,96,8.099,21.06
32,97,10.253,23.58
32,98,14.858,34.17
32,99,2.921,7.59
32,100,4.005,10.41
32,101,8.972,23.33
32,102,10.25,26.65
32,103,16.238,47.09
32,104,13.755,35.76
32,105,17.246,50.01
32,106,2.929,6.74
32,107,7.7,17.71
32,108,15.608,40.58
32,109,13.243,30.46
32,110,0.699,1.82
32,111,16.588,43.13
32,112,2.038,4.69
32,113,12.64,36.66
32,114,13.63,31.35
32,115,1.138,2.62
32,116,13.122,38.05
32,117,10.726,27.89
32,118,10.336,23.77
32,119,2.339,6.08
32,120,3.976,9.14
32,121,1.452,3.77
32,122,11.491,33.32
32,123,7.679,22.27
32,124,12.723,36.9
32,125,19.807,45.56
32,126,10.412,30.19
32,127,11.432,33.15
32,128,0.889,2.58
32,129,10.767,24.76
32,130,12.092,31.44
32,131,12.819,29.48
32,132,13.757,35.77
32,133,11.709,33.96
32,134,15.284,39.74
32,135,8.9,23.14
32,136,12.312,35.71
32,137,11.352,32.92
32,138,13.483,39.1
32,139,6.618,15.22
32,140,8.591,19.76
32,141,10.873,28.27
32,142,11.024,31.97
32,143,14.234,32.74
32,144,7.721,20.07
32,145,2.02,5.25
32,146,11.273,25.93
32,147,10.857,28.23
32,148,12.411,35.99
32,149,15.824,41.14
32,150,11.72,26.96
32,151,13.679,31.46
32,152,3.143,9.12
32,153,0.185,0.48
32,154,16.343,47.39
32,155,8.083,23.44
32,156,10.741,31.15
32,157,3.42,7.87
32,158,13.021,29.95
32,159,5.428,15.74
32,160,3.087,7.1
32,161,19.487,50.67
32,162,5.088,13.23
32,163,16.78,48.66
32,164,14.983,43.45
32,165,12.16,35.26
32,166,13.02,29.95
32,167,14.871,43.13
32,168,18.276,47.52
32,169,6.344,18.4
32,170,11.235,32.58
32,171,10.305,26.79
32,172,9.695,28.12
32,173,7.007,20.32
32,174,9.649,25.09
32,175,16.299,37.49
32,176,18.363,53.25
32,177,15.293,44.35
32,178,10.515,24.18
32,179,19.778,45.49
32,180,10.182,23.42
32,181,13.932,36.22
32,182,9.772,22.48
32,183,10.209,29.61
32,184,1.206,3.14
32,185,10.361,26.94
32,186,13.169,38.19
32,187,6.864,17.85
32,188,12.187,35.34
32,189,12.301,31.98
32,190,16.219,42.17
32,191,3.834,9.97
32,192,13.777,35.82
32,193,1.311,3.41
32,194,10.316,23.73
32,195,9.004,20.71
32,196,5.008,13.02
32,197,14.575,42.27
32,198,3.02,8.76
32,199,9.676,25.16
32,200,13.124,30.19
33,0,8.206,18.87
33,1,16.45,32.9
33,2,8.449,19.43
33,3,13.537,27.07
33,4,12.694,25.39
33,5,8.458,19.45
33,6,5.681,14.77
33,7,4.481,10.31
33,8,13.697,27.39
33,9,3.841,9.99
33,10,16.372,37.66
33,11,3.335,8.67
33,12,14.848,34.15
33,13,4.586,9.17
33,14,9.445,21.72
33,15,16.796,43.67
33,16,19.091,38.18
33,17,5.734,11.47
33,18,9.616,22.12
33,19,13.019,26.04
33,20,19.134,38.27
33,21,5.961,15.5
33,22,12.536,25.07
33,23,13.958,32.1
33,24,12.251,31.85
33,25,16.755,43.56
33,26,16.607,38.2
33,27,19.073,43.87
33,28,17.855,46.42
33,29,17.693,46.0
33,30,10.168,23.39
33,31,6.988,16.07
33,32,2.819,6.48
33,34,4.264,8.53
33,35,12.499,25.0
33,36,9.895,19.79
33,37,13.479,35.04
33,38,13.624,35.42
33,39,8.593,19.76
33,40,4.813,12.51
33,41,10.967,25.22
33,42,9.268,21.32
33,43,4.101,10.66
33,44,11.64,30.26
33,45,2.263,5.21
33,46,10.684,27.78
33,47,9.777,19.55
33,48,12.034,31.29
33,49,1.509,3.47
33,50,16.032,32.06
33,51,6.999,14.0
33,52,17.185,44.68
33,53,3.947,9.08
33,54,18.777,48.82
33,55,9.621,22.13
33,56,14.564,29.13
33,57,11.243,29.23
33,58,13.134,26.27
33,59,13.519,35.15
33,60,10.916,28.38
33,61,19.87,39.74
33,62,12.334,32.07
33,63,12.525,25.05
33,64,12.355,24.71
33,65,18.107,41.65
33,66,19.922,45.82
33,67,9.593,24.94
33,68,14.238,32.75
33,69,11.027,22.05
33,70,11.988,27.57
33,71,1.37,2.74
33,72,10.794,24.83
33,73,11.256,29.27
33,74,15.875,41.27
33,75,11.424,29.7
33,76,3.847,8.85
33,77,20.972,48.24
33,78,15.667,31.33
33,79,9.407,18.81
33,80,15.91,36.59
33,81,7.577,17.43
33,82,8.338,16.68
33,83,15.861,31.72
33,84,20.929,54.41
33,85,14.345,32.99
33,86,6.849,15.75
33,87,4.985,9.97
33,88,5.381,12.38
33,89,10.584,21.17
33,90,13.816,31.78
33,91,9.387,21.59
33,92,3.106,7.14
33,93,14.192,36.9
33,94,6.018,12.04
33,95,3.759,9.77
33,96,6.187,14.23
33,97,9.189,18.38
33,98,12.945,25.89
33,99,2.365,5.44
33,100,2.215,5.1
33,101,7.134,16.41
33,102,12.843,29.54
33,103,17.15,44.59
33,104,12.437,28.61
33,105,18.032,46.88
33,106,0.141,0.28
33,107,10.322,20.64
33,108,16.825,38.7
33,109,11.753,23.51
33,110,3.015,6.93
33,111,17.859,41.08
33,112,2.322,4.64
33,113,11.159,29.01
33,114,12.234,24.47
33,115,2.52,5.04
33,116,14.724,38.28
33,117,9.349,21.5
33,118,13.042,26.08
33,119,4.696,10.8
33,120,6.056,12.11
33,121,1.87,4.3
33,122,10.02,26.05
33,123,6.946,18.06
33,124,11.813,30.71
33,125,20.886,41.77
33,126,9.981,25.95
33,127,10.544,27.41
33,128,2.92,7.59
33,129,13.563,27.13
33,130,14.865,34.19
33,131,11.563,23.13
33,132,16.491,37.93
33,133,14.415,37.48
33,134,13.275,30.53
33,135,8.36,19.23
33,136,15.002,39.01
33,137,14.137,36.76
33,138,14.968,38.92
33,139,8.269,16.54
33,140,6.715,13.43
33,141,13.524,31.11
33,142,13.807,35.9
33,143,12.873,25.75
33,144,5.946,13.67
33,145,3.962,9.11
33,146,9.438,18.88
33,147,9.451,21.74
33,148,15.119,39.31
33,149,16.459,37.86
33,150,10.535,21.07
33,151,11.956,23.91
33,152,1.428,3.71
33,153,2.736,6.29
33,154,17.81,46.31
33,155,6.311,16.41
33,156,9.771,25.4
33,157,5.582,11.16
33,158,14.455,28.91
33,159,8.037,20.9
33,160,5.901,11.8
33,161,20.515,47.18
33,162,4.982,11.46
33,163,17.689,45.99
33,164,15.912,41.37
33,165,10.322,26.84
33,166,14.304,28.61
33,167,16.132,41.94
33,168,19.375,44.56
33,169,5.393,14.02
33,170,8.784,22.84
33,171,12.883,29.63
33,172,12.469,32.42
33,173,7.191,18.7
33,174,12.092,27.81
33,175,14.253,28.51
33,176,19.296,50.17
33,177,16.768,43.6
33,178,9.168,18.34
33,179,21.172,42.34
33,180,12.853,25.71
33,181,14.738,33.9
33,182,12.375,24.75
33,183,9.138,23.76
33,184,1.83,4.21
33,185,12.928,29.74
33,186,15.832,41.16
33,187,4.856,11.17
33,188,14.391,37.42
33,189,14.958,34.4
33,190,17.616,40.52
33,191,5.069,11.66
33,192,14.613,33.61
33,193,3.414,7.85
33,194,13.066,26.13
33,195,8.027,16.05
33,196,5.071,11.66
33,197,17.249,44.85
33,198,2.711,7.05
33,199,12.377,28.47
33,200,15.902,31.8
34,0,11.68,26.87
34,1,17.319,34.64
34,2,12.603,28.99
34,3,13.743,27.49
34,4,14.497,28.99
34,5,12.29,28.27
34,6,4.928,12.81
34,7,4.908,11.29
34,8,17.659,35.32
34,9,0.623,1.62
34,10,20.388,46.89
34,11,2.709,7.04
34,12,14.904,34.28
34,13,4.731,9.46
34,14,13.709,31.53
34,15,20.5,53.3
34,16,20.848,41.7
34,17,4.506,9.01
34,18,13.82,31.79
34,19,14.226,28.45
34,20,22.286,44.57
34,21,4.473,11.63
34,22,12.997,25.99
34,23,17.395,40.01
34,24,16.513,42.93
34,25,20.168,52.44
34,26,19.469,44.78
34,27,22.288,51.26
34,28,21.345,55.5
34,29,20.543,53.41
34,30,14.429,33.19
34,31,11.161,25.67
34,32,4.598,10.57
34,33,4.264,8.53
34,35,12.497,24.99
34,36,14.156,28.31
34,37,14.225,36.99
34,38,15.055,39.14
34,39,12.507,28.77
34,40,7.088,18.43
34,41,15.193,34.94
34,42,13.502,31.06
34,43,1.516,3.94
34,44,12.564,32.67
34,45,4.208,9.68
34,46,14.877,38.68
34,47,14.028,28.06
34,48,16.231,42.2
34,49,5.73,13.18
34,50,19.192,38.38
34,51,3.997,7.99
34,52,20.194,52.5
34,53,6.188,14.23
34,54,22.385,58.2
34,55,13.779,31.69
34,56,14.727,29.45
34,57,15.498,40.3
34,58,14.032,28.06
34,59,14.806,38.5
34,60,15.114,39.3
34,61,19.927,39.85
34,62,13.582,35.31
34,63,13.497,26.99
34,64,16.311,32.62
34,65,22.064,50.75
34,66,23.309,53.61
34,67,11.143,28.97
34,68,17.35,39.9
34,69,15.271,30.54
34,70,16.251,37.38
34,71,3.559,7.12
34,72,15.051,34.62
34,73,12.087,31.43
34,74,19.229,49.99
34,75,15.622,40.62
34,76,7.956,18.3
34,77,24.227,55.72
34,78,19.515,39.03
34,79,13.508,27.02
34,80,18.559,42.69
34,81,3.596,8.27
34,82,12.602,25.2
34,83,19.295,38.59
34,84,24.505,63.71
34,85,17.621,40.53
34,86,10.969,25.23
34,87,1.568,3.14
34,88,5.62,12.92
34,89,14.785,29.57
34,90,15.185,34.92
34,91,13.643,31.38
34,92,1.294,2.98
34,93,17.429,45.32
34,94,10.221,20.44
34,95,7.857,20.43
34,96,10.27,23.62
34,97,13.451,26.9
34,98,16.874,33.75
34,99,6.363,14.63
34,100,2.494,5.74
34,101,11.227,25.82
34,102,14.12,32.48
34,103,20.774,54.01
34,104,16.65,38.3
34,105,21.749,56.55
34,106,4.376,8.75
34,107,11.606,23.21
34,108,20.198,46.45
34,109,15.92,31.84
34,110,4.04,9.29
34,111,21.182,48.72
34,112,5.873,11.75
34,113,15.334,39.87
34,114,16.428,32.86
34,115,3.46,6.92
34,116,17.707,46.04
34,117,13.569,31.21
34,118,13.896,27.79
34,119,4.217,9.7
34,120,4.324,8.65
34,121,5.098,11.72
34,122,14.209,36.94
34,123,11.185,29.08
34,124,16.077,41.8
34,125,24.383,48.77
34,126,14.189,36.89
34,127,14.808,38.5
34,128,5.403,14.05
34,129,13.826,27.65
34,130,15.277,35.14
34,131,15.794,31.59
34,132,17.097,39.32
34,133,15.221,39.58
34,134,17.12,39.38
34,135,12.579,28.93
34,136,15.863,41.24
34,137,14.482,37.65
34,138,18.079,47.0
34,139,5.187,10.37
34,140,10.8,21.6
34,141,14.583,33.54
34,142,14.183,36.88
34,143,17.073,34.15
34,144,10.099,23.23
34,145,3.433,7.9
34,146,13.479,26.96
34,147,13.663,31.42
34,148,15.897,41.33
34,149,20.269,46.62
34,150,14.782,29.56
34,151,16.019,32.04
34,152,2.876,7.48
34,153,4.413,10.15
34,154,20.937,54.44
34,155,10.456,27.19
34,156,14.035,36.49
34,157,4.225,8.45
34,158,17.619,35.24
34,159,6.96,18.1
34,160,6.36,12.72
34,161,24.055,55.33
34,162,0.74,1.7
34,163,21.316,55.42
34,164,19.52,50.75
34,165,14.345,37.3
34,166,17.613,35.23
34,167,19.464,50.61
34,168,22.854,52.56
34,169,9.644,25.07
34,170,12.211,31.75
34,171,14.206,32.67
34,172,12.975,33.73
34,173,2.942,7.65
34,174,13.788,31.71
34,175,18.049,36.1
34,176,22.908,59.56
34,177,19.888,51.71
34,178,13.396,26.79
34,179,24.374,48.75
34,180,13.859,27.72
34,181,18.43,42.39
34,182,13.635,27.27
34,183,13.399,34.84
34,184,4.798,11.04
34,185,14.281,32.85
34,186,16.779,43.63
34,187,3.653,8.4
34,188,16.528,42.97
34,189,15.956,36.7
34,190,20.816,47.88
34,191,2.503,5.76
34,192,18.284,42.05
34,193,5.895,13.56
34,194,13.693,27.39
34,195,12.291,24.58
34,196,0.921,2.12
34,197,18.125,47.13
34,198,6.655,17.3
34,199,13.279,30.54
34,200,16.248,32.5
35,0,10.508,24.17
35,1,5.342,10.68
35,2,14.314,32.92
35,3,1.32,2.64
35,4,5.755,11.51
35,5,19.188,44.13
35,6,7.591,19.74
35,7,8.167,18.78
35,8,23.204,46.41
35,9,12.858,33.43
35,10,18.385,42.28
35,11,10.205,26.53
35,12,2.415,5.55
35,13,8.177,16.35
35,14,16.763,38.55
35,15,16.5,42.9
35,16,10.057,20.11
35,17,7.993,15.99
35,18,18.336,42.17
35,19,3.905,7.81
35,20,15.389,30.78
35,21,8.06,20.96
35,22,1.397,2.79
35,23,13.02,29.95
35,24,18.594,48.35
35,25,14.836,38.57
35,26,12.147,27.94
35,27,15.643,35.98
35,28,16.087,41.83
35,29,12.91,33.57
35,30,17.084,39.29
35,31,16.687,38.38
35,32,9.682,22.27
35,33,12.499,25.0
35,34,12.497,24.99
35,36,17.557,35.11
35,37,2.692,7.0
35,38,4.928,12.81
35,39,19.06,43.84
35,40,17.308,45.0
35,41,19.112,43.96
35,42,17.711,40.74
35,43,13.873,36.07
35,44,2.717,7.06
35,45,10.256,23.59
35,46,19.277,50.12
35,47,17.769,35.54
35,48,20.3,52.78
35,49,12.431,28.59
35,50,13.065,26.13
35,51,9.535,19.07
35,52,13.215,34.36
35,53,8.818,20.28
35,54,17.475,45.44
35,55,18.745,43.11
35,56,2.237,4.47
35,57,18.745,48.74
35,58,2.972,5.94
35,59,4.402,11.45
35,60,19.398,50.43
35,61,7.473,14.95
35,62,3.799,9.88
35,63,2.974,5.95
35,64,22.067,44.13
35,65,19.263,44.3
35,66,17.189,39.54
35,67,4.734,12.31
35,68,11.645,26.78
35,69,18.861,37.72
35,70,18.968,43.63
35,71,11.326,22.65
35,72,17.328,39.86
35,73,2.511,6.53
35,74,13.898,36.13
35,75,19.799,51.48
35,76,12.245,28.16
35,77,17.395,40.01
35,78,16.584,33.17
35,79,18.934,37.87
35,80,10.766,24.76
35,81,11.689,26.89
35,82,16.153,32.31
35,83,14.297,28.59
35,84,19.058,49.55
35,85,12.474,28.69
35,86,16.904,38.88
35,87,11.14,22.28
35,88,7.259,16.7
35,89,16.12,32.24
35,90,4.827,11.1
35,91,17.382,39.98
35,92,12.839,29.53
35,93,12.191,31.7
35,94,15.818,31.64
35,95,14.897,38.73
35,96,16.598,38.18
35,97,16.993,33.99
35,98,22.686,45.37
35,99,11.728,26.98
35,100,13.313,30.62
35,101,17.246,39.67
35,102,4.059,9.34
35,103,16.292,42.36
35,104,20.44,47.01
35,105,17.537,45.6
35,106,12.604,25.21
35,107,3.893,7.79
35,108,14.683,33.77
35,109,20.354,40.71
35,110,9.625,22.14
35,111,15.217,35.0
35,112,10.925,21.85
35,113,19.808,51.5
35,114,20.499,41.0
35,115,10.292,20.58
35,116,11.381,29.59
35,117,17.964,41.32
35,118,2.794,5.59
35,119,8.441,19.41
35,120,8.263,16.53
35,121,10.841,24.94
35,122,18.791,48.86
35,123,14.5,37.7
35,124,18.672,48.55
35,125,18.578,37.16
35,126,15.818,41.13
35,127,17.578,45.7
35,128,9.718,25.27
35,129,1.458,2.92
35,130,2.925,6.73
35,131,19.498,39.0
35,132,4.809,11.06
35,133,3.496,9.09
35,134,23.283,53.55
35,135,14.977,34.45
35,136,4.096,10.65
35,137,2.133,5.55
35,138,12.111,31.49
35,139,9.278,18.56
35,140,16.972,33.94
35,141,3.675,8.45
35,142,1.917,4.98
35,143,20.955,41.91
35,144,16.092,37.01
35,145,9.329,21.46
35,146,19.265,38.53
35,147,18.131,41.7
35,148,3.976,10.34
35,149,16.926,38.93
35,150,18.425,36.85
35,151,21.22,42.44
35,152,12.614,32.8
35,153,9.779,22.49
35,154,14.234,37.01
35,155,16.39,42.62
35,156,17.196,44.71
35,157,8.277,16.55
35,158,12.018,24.04
35,159,5.682,14.77
35,160,6.634,13.27
35,161,18.502,42.56
35,162,12.452,28.64
35,163,16.73,43.5
35,164,15.279,39.73
35,165,20.065,52.17
35,166,12.604,25.21
35,167,13.97,36.32
35,168,17.232,39.63
35,169,13.947,36.26
35,170,20.272,52.71
35,171,4.226,9.72
35,172,1.52,3.95
35,173,12.948,33.66
35,174,5.187,11.93
35,175,24.317,48.63
35,176,17.921,46.59
35,177,13.417,34.88
35,178,17.735,35.47
35,179,17.313,34.63
35,180,3.192,6.38
35,181,14.932,34.34
35,182,3.847,7.69
35,183,16.973,44.13
35,184,10.744,24.71
35,185,4.339,9.98
35,186,5.002,13.01
35,187,15.892,36.55
35,188,7.808,20.3
35,189,4.441,10.21
35,190,14.427,33.18
35,191,10.077,23.18
35,192,14.722,33.86
35,193,9.352,21.51
35,194,2.108,4.22
35,195,15.869,31.74
35,196,12.184,28.02
35,197,6.078,15.8
35,198,11.57,30.08
35,199,2.719,6.25
35,200,3.799,7.6
36,0,7.257,16.69
36,1,18.934,37.87
36,2,3.32,7.64
36,3,17.981,35.96
36,4,14.118,28.24
36,5,4.799,11.04
36,6,13.981,36.35
36,7,12.444,28.62
36,8,5.847,11.69
36,9,13.7,35.62
36,10,8.477,19.5
36,11,12.728,33.09
36,12,19.258,44.29
36,13,12.727,25.45
36,14,0.808,1.86
36,15,10.531,27.38
36,16,18.958,37.92
36,17,14.366,28.73
36,18,1.509,3.47
36,19,15.678,31.36
36,20,14.733,29.47
36,21,14.693,38.2
36,22,16.794,33.59
36,23,9.695,22.3
36,24,2.562,6.66
36,25,11.807,30.7
36,26,13.763,31.66
36,27,14.446,33.23
36,28,12.351,32.11
36,29,14.635,38.05
36,30,0.975,2.24
36,31,3.403,7.83
36,32,10.959,25.21
36,33,9.895,19.79
36,34,14.156,28.31
36,35,17.557,35.11
36,37,16.936,44.03
36,38,15.603,40.57
36,39,4.302,9.89
36,40,9.794,25.46
36,41,1.563,3.59
36,42,1.093,2.51
36,43,13.752,35.76
36,44,15.326,39.85
36,45,10.867,25.0
36,46,1.899,4.94
36,47,0.45,0.9
36,48,2.743,7.13
36,49,8.48,19.5
36,50,12.269,24.54
36,51,16.402,32.8
36,52,13.693,35.6
36,53,10.332,23.76
36,54,12.607,32.78
36,55,2.161,4.97
36,56,18.844,37.69
36,57,1.377,3.58
36,58,16.393,32.79
36,59,15.85,41.21
36,60,1.934,5.03
36,61,23.424,46.85
36,62,15.133,39.35
36,63,15.825,31.65
36,64,4.978,9.96
36,65,10.334,23.77
36,66,14.498,33.35
36,67,12.913,33.57
36,68,11.191,25.74
36,69,1.325,2.65
36,70,2.104,4.84
36,71,10.861,21.72
36,72,1.518,3.49
36,73,15.255,39.66
36,74,11.382,29.59
36,75,2.262,5.88
36,76,6.624,15.24
36,77,15.906,36.58
36,78,8.89,17.78
36,79,2.779,5.56
36,80,13.947,32.08
36,81,17.388,39.99
36,82,1.625,3.25
36,83,11.037,22.07
36,84,14.607,37.98
36,85,10.627,24.44
36,86,3.83,8.81
36,87,14.773,29.55
36,88,12.955,29.8
36,89,2.666,5.33
36,90,15.878,36.52
36,91,0.576,1.33
36,92,12.95,29.79
36,93,10.682,27.77
36,94,4.101,8.2
36,95,6.513,16.94
36,96,4.515,10.39
36,97,0.712,1.42
36,98,5.528,11.06
36,99,8.128,18.69
36,100,11.873,27.31
36,101,3.791,8.72
36,102,15.411,35.44
36,103,11.194,29.1
36,104,2.924,6.73
36,105,11.485,29.86
36,106,9.78,19.56
36,107,13.831,27.66
36,108,12.026,27.66
36,109,2.844,5.69
36,110,11.62,26.73
36,111,13.041,29.99
36,112,8.938,17.88
36,113,2.369,6.16
36,114,2.943,5.89
36,115,11.634,23.27
36,116,11.985,31.16
36,117,1.316,3.03
36,118,16.414,32.83
36,119,13.258,30.49
36,120,14.919,29.84
36,121,9.652,22.2
36,122,1.744,4.53
36,123,3.332,8.66
36,124,1.967,5.12
36,125,14.891,29.78
36,126,2.412,6.27
36,127,0.907,2.36
36,128,10.173,26.45
36,129,17.9,35.8
36,130,18.618,42.82
36,131,1.964,3.93
36,132,19.515,44.88
36,133,17.503,45.51
36,134,6.254,14.38
36,135,2.585,5.95
36,136,17.833,46.37
36,137,18.183,47.28
36,138,11.688,30.39
36,139,17.573,35.15
36,140,4.118,8.24
36,141,16.34,37.58
36,142,17.877,46.48
36,143,3.437,6.87
36,144,4.388,10.09
36,145,12.951,29.79
36,146,3.32,6.64
36,147,1.417,3.26
36,148,18.091,47.04
36,149,9.72,22.36
36,150,0.867,1.73
36,151,3.936,7.87
36,152,11.286,29.34
36,153,11.06,25.44
36,154,13.749,35.75
36,155,4.119,10.71
36,156,0.407,1.06
36,157,14.357,28.71
36,158,11.14,22.28
36,159,15.773,41.01
36,160,12.937,25.87
36,161,14.396,33.11
36,162,14.877,34.22
36,163,11.612,30.19
36,164,10.297,26.77
36,165,3.567,9.27
36,166,10.467,20.93
36,167,11.665,30.33
36,168,13.662,31.42
36,169,4.637,12.06
36,170,6.675,17.35
36,171,15.337,35.28
36,172,16.665,43.33
36,173,17.086,44.42
36,174,13.995,32.19
36,175,7.209,14.42
36,176,13.029,33.87
36,177,12.965,33.71
36,178,1.27,2.54
36,179,16.268,32.54
36,180,15.982,31.96
36,181,9.023,20.75
36,182,15.136,30.27
36,183,0.761,1.98
36,184,9.978,22.95
36,185,15.305,35.2
36,186,18.286,47.54
36,187,13.563,31.19
36,188,14.381,37.39
36,189,17.512,40.28
36,190,13.325,30.65
36,191,14.602,33.58
36,192,9.04,20.79
36,193,10.071,23.16
36,194,16.869,33.74
36,195,1.955,3.91
36,196,14.963,34.41
36,197,19.553,50.84
36,198,7.959,20.69
36,199,15.86,36.48
36,200,19.556,39.11
37,0,9.686,28.09
37,1,3.094,8.04
37,2,13.62,39.5
37,3,1.767,4.59
37,4,3.572,9.29
37,5,19.211,55.71
37,6,9.322,29.83
37,7,9.517,27.6
37,8,22.734,59.11
37,9,14.503,46.41
37,10,16.598,48.13
37,11,11.713,37.48
37,12,2.553,7.4
37,13,9.608,24.98
37,14,16.129,46.77
37,15,14.426,46.16
37,16,7.415,19.28
37,17,9.824,25.54
37,18,17.899,51.91
37,19,1.541,4.01
37,20,12.887,33.51
37,21,9.963,31.88
37,22,1.421,3.69
37,23,11.074,32.11
37,24,17.622,56.39
37,25,12.596,40.31
37,26,9.682,28.08
37,27,13.168,38.19
37,28,13.809,44.19
37,29,10.374,33.2
37,30,16.338,47.38
37,31,16.593,48.12
37,32,10.754,31.19
37,33,13.479,35.04
37,34,14.225,36.99
37,35,2.692,7.0
37,36,16.936,44.03
37,38,2.391,7.65
37,39,19.015,55.14
37,40,18.19,58.21
37,41,18.497,53.64
37,42,17.252,50.03
37,43,15.489,49.57
37,44,1.857,5.94
37,45,11.349,32.91
37,46,18.755,60.02
37,47,17.206,44.74
37,48,19.649,62.88
37,49,13.114,38.03
37,50,10.764,27.99
37,51,11.712,30.45
37,52,10.764,34.45
37,53,9.568,27.75
37,54,15.209,48.67
37,55,18.378,53.3
37,56,2.118,5.51
37,57,18.01,57.63
37,58,0.565,1.47
37,59,1.855,5.94
37,60,18.843,60.3
37,61,6.665,17.33
37,62,1.856,5.94
37,63,1.117,2.9
37,64,21.69,56.39
37,65,17.293,50.15
37,66,14.75,42.77
37,67,4.241,13.57
37,68,9.518,27.6
37,69,18.191,47.3
37,70,18.107,52.51
37,71,12.47,32.42
37,72,16.483,47.8
37,73,2.225,7.12
37,74,11.702,37.45
37,75,19.198,61.43
37,76,12.439,36.07
37,77,14.862,43.1
37,78,14.706,38.24
37,79,18.653,48.5
37,80,8.283,24.02
37,81,13.91,40.34
37,82,15.679,40.77
37,83,12.143,31.57
37,84,16.669,53.34
37,85,10.404,30.17
37,86,16.88,48.95
37,87,13.008,33.82
37,88,8.675,25.16
37,89,15.165,39.43
37,90,2.231,6.47
37,91,16.847,48.86
37,92,14.364,41.66
37,93,10.123,32.39
37,94,15.819,41.13
37,95,15.3,48.96
37,96,16.684,48.38
37,97,16.446,42.76
37,98,22.295,57.97
37,99,12.265,35.57
37,100,14.65,42.48
37,101,17.213,49.92
37,102,1.789,5.19
37,103,14.139,45.25
37,104,19.722,57.19
37,105,15.383,49.23
37,106,13.564,35.27
37,107,3.336,8.67
37,108,12.417,36.01
37,109,19.778,51.42
37,110,10.863,31.5
37,111,12.855,37.28
37,112,11.581,30.11
37,113,19.269,61.66
37,114,19.837,51.58
37,115,11.566,30.07
37,116,9.142,29.25
37,117,17.527,50.83
37,118,0.523,1.36
37,119,10.023,29.07
37,120,10.213,26.55
37,121,11.678,33.86
37,122,18.338,58.68
37,123,14.145,45.26
37,124,17.804,56.97
37,125,16.151,41.99
37,126,14.955,47.85
37,127,16.821,53.83
37,128,10.57,33.83
37,129,1.582,4.11
37,130,1.682,4.88
37,131,18.814,48.92
37,132,3.014,8.74
37,133,0.998,3.19
37,134,22.944,66.54
37,135,14.365,41.66
37,136,1.646,5.27
37,137,1.413,4.52
37,138,9.895,31.66
37,139,11.631,30.24
37,140,16.993,44.18
37,141,1.065,3.09
37,142,1.227,3.93
37,143,20.23,52.6
37,144,16.152,46.84
37,145,10.868,31.52
37,146,19.041,49.51
37,147,17.697,51.32
37,148,1.677,5.37
37,149,14.953,43.36
37,150,17.794,46.27
37,151,20.763,53.98
37,152,13.857,44.34
37,153,10.885,31.57
37,154,11.791,37.73
37,155,16.411,52.51
37,156,16.551,52.96
37,157,10.108,26.28
37,158,9.885,25.7
37,159,7.819,25.02
37,160,7.959,20.69
37,161,16.112,46.72
37,162,14.292,41.45
37,163,14.542,46.54
37,164,13.217,42.29
37,165,19.781,63.3
37,166,10.554,27.44
37,167,11.74,37.57
37,168,14.862,43.1
37,169,13.879,44.41
37,170,20.494,65.58
37,171,1.934,5.61
37,172,1.372,4.39
37,173,15.069,48.22
37,174,3.245,9.41
37,175,23.964,62.31
37,176,15.628,50.01
37,177,11.04,35.33
37,178,17.302,44.99
37,179,14.756,38.37
37,180,0.982,2.55
37,181,13.035,37.8
37,182,1.87,4.86
37,183,16.434,52.59
37,184,11.654,33.8
37,185,2.026,5.88
37,186,2.58,8.26
37,187,17.39,50.43
37,188,5.328,17.05
37,189,1.846,5.35
37,190,12.026,34.87
37,191,11.942,34.63
37,192,12.827,37.2
37,193,10.114,29.33
37,194,0.616,1.6
37,195,15.427,40.11
37,196,14.046,40.73
37,197,3.9,12.48
37,198,12.04,38.53
37,199,1.15,3.33
37,200,2.651,6.89
38,0,8.4,24.36
38,1,3.336,8.67
38,2,12.296,35.66
38,3,4.156,10.81
38,4,1.514,3.94
38,5,18.374,53.28
38,6,10.325,33.04
38,7,10.17,29.49
38,8,21.448,55.76
38,9,15.244,48.78
38,10,14.435,41.86
38,11,12.407,39.7
38,12,4.814,13.96
38,13,10.327,26.85
38,14,14.799,42.92
38,15,12.126,38.8
38,16,5.838,15.18
38,17,10.896,28.33
38,18,16.699,48.43
38,19,1.058,2.75
38,20,10.506,27.32
38,21,11.096,35.51
38,22,3.536,9.19
38,23,8.864,25.7
38,24,16.005,51.21
38,25,10.237,32.76
38,26,7.293,21.15
38,27,10.781,31.27
38,28,11.438,36.6
38,29,8.003,25.61
38,30,14.916,43.25
38,31,15.704,45.54
38,32,11.091,32.16
38,33,13.624,35.42
38,34,15.055,39.14
38,35,4.928,12.81
38,36,15.603,40.57
38,37,2.391,7.65
38,39,18.124,52.56
38,40,18.13,58.02
38,41,17.145,49.72
38,42,16.045,46.53
38,43,16.181,51.78
38,44,2.788,8.92
38,45,11.678,33.87
38,46,17.473,55.91
38,47,15.914,41.38
38,48,18.253,58.41
38,49,13.003,37.71
38,50,8.393,21.82
38,51,13.062,33.96
38,52,8.374,26.8
38,53,9.688,28.1
38,54,12.838,41.08
38,55,17.227,49.96
38,56,4.398,11.44
38,57,16.57,53.02
38,58,1.969,5.12
38,59,0.537,1.72
38,60,17.534,56.11
38,61,7.87,20.46
38,62,1.526,4.88
38,63,2.038,5.3
38,64,20.49,53.27
38,65,15.031,43.59
38,66,12.36,35.84
38,67,4.042,12.93
38,68,7.223,20.95
38,69,16.8,43.68
38,70,16.567,48.04
38,71,12.799,33.28
38,72,14.979,43.44
38,73,3.297,10.55
38,74,9.362,29.96
38,75,17.848,57.11
38,76,11.918,34.56
38,77,12.492,36.23
38,78,12.504,32.51
38,79,17.569,45.68
38,80,5.895,17.1
38,81,15.263,44.26
38,82,14.49,37.67
38,83,9.818,25.53
38,84,14.279,45.69
38,85,8.13,23.58
38,86,16.044,46.53
38,87,14.008,36.42
38,88,9.439,27.37
38,89,13.599,35.36
38,90,0.277,0.8
38,91,15.585,45.2
38,92,14.993,43.48
38,93,7.853,25.13
38,94,15.028,39.07
38,95,14.873,47.59
38,96,15.947,46.25
38,97,15.181,39.47
38,98,21.077,54.8
38,99,12.055,34.96
38,100,15.091,43.77
38,101,16.362,47.45
38,102,1.016,2.95
38,103,11.808,37.79
38,104,18.273,52.99
38,105,13.048,41.75
38,106,13.688,35.59
38,107,3.451,8.97
38,108,10.052,29.15
38,109,18.439,47.94
38,110,11.345,32.9
38,111,10.469,30.36
38,112,11.506,29.92
38,113,17.968,57.5
38,114,18.432,47.92
38,115,12.051,31.33
38,116,6.798,21.75
38,117,16.333,47.37
38,118,2.141,5.57
38,119,10.857,31.49
38,120,11.38,29.59
38,121,11.76,34.11
38,122,17.118,54.78
38,123,13.091,41.89
38,124,16.262,52.04
38,125,13.761,35.78
38,126,13.463,43.08
38,127,15.38,49.22
38,128,10.722,34.31
38,129,3.972,10.33
38,130,3.675,10.66
38,131,17.403,45.25
38,132,3.963,11.49
38,133,2.263,7.24
38,134,21.762,63.11
38,135,13.09,37.96
38,136,2.341,7.49
38,137,3.729,11.93
38,138,7.557,24.18
38,139,13.178,34.26
38,140,16.194,42.1
38,141,1.327,3.85
38,142,3.602,11.53
38,143,18.771,48.8
38,144,15.403,44.67
38,145,11.624,33.71
38,146,17.999,46.8
38,147,16.504,47.86
38,148,2.64,8.45
38,149,12.699,36.83
38,150,16.44,42.74
38,151,19.508,50.72
38,152,14.233,45.55
38,153,11.248,32.62
38,154,9.401,30.08
38,155,15.622,49.99
38,156,15.204,48.65
38,157,11.169,29.04
38,158,7.584,19.72
38,159,9.27,29.67
38,160,8.698,22.62
38,161,13.722,39.79
38,162,15.232,44.17
38,163,12.197,39.03
38,164,10.929,34.97
38,165,18.678,59.77
38,166,8.29,21.55
38,167,9.388,30.04
38,168,12.473,36.17
38,169,13.08,41.85
38,170,19.809,63.39
38,171,0.885,2.57
38,172,3.424,10.96
38,173,16.291,52.13
38,174,1.681,4.87
38,175,22.759,59.17
38,176,13.252,42.41
38,177,8.653,27.69
38,178,16.116,41.9
38,179,12.398,32.23
38,180,1.75,4.55
38,181,10.835,31.42
38,182,1.467,3.81
38,183,15.176,48.56
38,184,11.805,34.23
38,185,0.791,2.29
38,186,2.684,8.59
38,187,17.928,51.99
38,188,2.937,9.4
38,189,1.938,5.62
38,190,9.636,27.94
38,191,12.969,37.61
38,192,10.629,30.82
38,193,10.212,29.61
38,194,2.861,7.44
38,195,14.27,37.1
38,196,15.015,43.54
38,197,4.002,12.81
38,198,11.78,37.7
38,199,2.322,6.73
38,200,4.319,11.23
39,0,9.856,25.62
39,1,21.427,49.28
39,2,6.455,16.78
39,3,19.741,45.4
39,4,16.737,38.49
39,5,0.508,1.32
39,6,13.844,40.15
39,7,12.374,32.17
39,8,5.152,11.85
39,9,11.945,34.64
39,10,12.764,33.19
39,11,11.884,34.46
39,12,21.077,54.8
39,13,12.595,28.97
39,14,4.691,12.2
39,15,14.791,42.9
39,16,22.239,51.15
39,17,14.062,32.34
39,18,2.871,7.46
39,19,17.975,41.34
39,20,18.835,43.32
39,21,14.34,41.59
39,22,18.573,42.72
39,23,13.614,35.4
39,24,6.583,19.09
39,25,15.931,46.2
39,26,17.547,45.62
39,27,18.576,48.3
39,28,16.561,48.03
39,29,18.492,53.63
39,30,5.244,13.63
39,31,2.426,6.31
39,32,10.641,27.67
39,33,8.593,19.76
39,34,12.507,28.77
39,35,19.06,43.84
39,36,4.302,9.89
39,37,19.015,55.14
39,38,18.124,52.56
39,40,6.537,18.96
39,41,4.047,10.52
39,42,3.222,8.38
39,43,11.69,33.9
39,44,17.24,49.99
39,45,10.326,26.85
39,46,3.396,9.85
39,47,3.866,8.89
39,48,4.531,13.14
39,49,7.588,19.73
39,50,16.194,37.25
39,51,15.588,35.85
39,52,17.61,51.07
39,53,10.651,27.69
39,54,16.882,48.96
39,55,2.312,6.01
39,56,20.698,47.61
39,57,4.894,14.19
39,58,18.517,42.59
39,59,18.267,52.97
39,60,3.638,10.55
39,61,25.671,59.04
39,62,17.351,50.32
39,63,17.906,41.18
39,64,3.804,8.75
39,65,14.613,37.99
39,66,18.728,48.69
39,67,14.787,42.88
39,68,14.911,38.77
39,69,4.428,10.19
39,70,5.803,15.09
39,71,9.874,22.71
39,72,5.818,15.13
39,73,17.05,49.44
39,74,15.417,44.71
39,75,4.036,11.7
39,76,6.857,17.83
39,77,20.113,52.29
39,78,13.17,30.29
39,79,1.682,3.87
39,80,17.531,45.58
39,81,16.044,41.71
39,82,4.191,9.64
39,83,15.119,34.77
39,84,18.901,54.81
39,85,14.474,37.63
39,86,2.156,5.61
39,87,13.519,31.09
39,88,13.109,34.08
39,89,6.843,15.74
39,90,18.385,47.8
39,91,3.829,9.96
39,92,11.216,29.16
39,93,14.484,42.0
39,94,3.242,7.46
39,95,4.86,14.09
39,96,2.555,6.64
39,97,4.078,9.38
39,98,4.371,10.05
39,99,7.791,20.26
39,100,10.023,26.06
39,101,1.815,4.72
39,102,17.724,46.08
39,103,15.435,44.76
39,104,5.05,13.13
39,105,15.774,45.75
39,106,8.454,19.44
39,107,15.711,36.13
39,108,16.132,41.94
39,109,4.023,9.25
39,110,11.166,29.03
39,111,17.173,44.65
39,112,8.705,20.02
39,113,3.591,10.42
39,114,4.668,10.74
39,115,10.918,25.11
39,116,15.671,45.45
39,117,2.987,7.77
39,118,18.499,42.55
39,119,12.944,33.65
39,120,14.492,33.33
39,121,9.19,23.89
39,122,2.904,8.42
39,123,5.102,14.8
39,124,5.844,16.95
39,125,19.171,44.09
39,126,6.429,18.64
39,127,5.187,15.04
39,128,10.089,29.26
39,129,19.696,45.3
39,130,20.659,53.71
39,131,4.579,10.53
39,132,21.844,56.8
39,133,19.737,57.24
39,134,4.685,12.18
39,135,5.639,14.66
39,136,20.169,58.49
39,137,20.1,58.29
39,138,15.486,44.91
39,139,16.853,38.76
39,140,2.107,4.85
39,141,18.616,48.4
39,142,19.773,57.34
39,143,5.288,12.16
39,144,3.002,7.81
39,145,12.379,32.19
39,146,1.278,2.94
39,147,2.904,7.55
39,148,20.388,59.13
39,149,14.006,36.42
39,150,4.176,9.6
39,151,3.645,8.38
39,152,9.735,28.23
39,153,10.674,27.75
39,154,17.774,51.55
39,155,2.679,7.77
39,156,4.58,13.28
39,157,13.968,32.13
39,158,14.92,34.32
39,159,16.008,46.42
39,160,13.332,30.66
39,161,18.679,48.57
39,162,13.245,34.44
39,163,15.87,46.02
39,164,14.481,41.99
39,165,1.952,5.66
39,166,14.333,32.97
39,167,15.705,45.54
39,168,17.911,46.57
39,169,5.144,14.92
39,170,2.373,6.88
39,171,17.685,45.98
39,172,18.461,53.54
39,173,15.401,44.66
39,174,16.448,42.76
39,175,5.677,13.06
39,176,17.313,50.21
39,177,16.921,49.07
39,178,3.049,7.01
39,179,20.46,47.06
39,180,18.131,41.7
39,181,13.186,34.28
39,182,17.368,39.95
39,183,4.039,11.71
39,184,9.459,24.59
39,185,17.678,45.96
39,186,20.766,60.22
39,187,10.899,28.34
39,188,17.457,50.62
39,189,19.928,51.81
39,190,17.38,45.19
39,191,13.661,35.52
39,192,13.181,34.27
39,193,10.217,26.56
39,194,18.82,43.29
39,195,4.252,9.78
39,196,13.408,34.86
39,197,22.125,64.16
39,198,7.81,22.65
39,199,17.877,46.48
39,200,21.664,49.83
40,0,11.443,33.18
40,1,21.098,54.86
40,2,9.976,28.93
40,3,18.329,47.66
40,4,17.062,44.36
40,5,6.152,17.84
40,6,10.333,33.06
40,7,9.263,26.86
40,8,11.439,29.74
40,9,6.466,20.69
40,10,17.811,51.65
40,11,7.718,24.7
40,12,19.647,56.98
40,13,9.338,24.28
40,14,9.721,28.19
40,15,19.032,60.9
40,16,23.344,60.69
40,17,10.269,26.7
40,18,8.828,25.6
40,19,17.616,45.8
40,20,22.186,57.68
40,21,10.434,33.39
40,22,17.305,44.99
40,23,16.806,48.74
40,24,12.355,39.53
40,25,19.516,62.45
40,26,20.074,58.21
40,27,22.042,63.92
40,28,20.448,65.43
40,29,21.138,67.64
40,30,10.47,30.36
40,31,6.396,18.55
40,32,7.632,22.13
40,33,4.813,12.51
40,34,7.088,18.43
40,35,17.308,45.0
40,36,9.794,25.46
40,37,18.19,58.21
40,38,18.13,58.02
40,39,6.537,18.96
40,41,10.229,29.66
40,42,8.807,25.54
40,43,5.858,18.74
40,44,16.337,52.28
40,45,7.072,20.51
40,46,9.692,31.01
40,47,9.483,24.66
40,48,10.965,35.09
40,49,5.128,14.87
40,50,19.177,49.86
40,51,10.885,28.3
40,52,20.472,65.51
40,53,8.624,25.01
40,54,21.127,67.61
40,55,8.506,24.67
40,56,19.355,50.32
40,57,10.873,34.79
40,58,17.815,46.32
40,59,18.08,57.86
40,60,9.947,31.83
40,61,24.653,64.1
40,62,16.932,54.18
40,63,17.198,44.71
40,64,10.139,26.36
40,65,19.664,57.02
40,66,22.616,65.59
40,67,14.164,45.32
40,68,17.516,50.8
40,69,10.49,27.27
40,70,11.772,34.14
40,71,6.067,15.77
40,72,11.148,32.33
40,73,15.979,51.13
40,74,18.759,60.03
40,75,10.411,33.32
40,76,6.662,19.32
40,77,23.834,69.12
40,78,17.626,45.83
40,79,8.012,20.83
40,80,19.605,56.85
40,81,10.644,30.87
40,82,8.687,22.59
40,83,18.624,48.42
40,84,23.273,74.47
40,85,17.409,50.49
40,86,5.967,17.3
40,87,8.48,22.05
40,88,10.173,29.5
40,89,11.561,30.06
40,90,18.342,53.19
40,91,9.218,26.73
40,92,5.882,17.06
40,93,17.316,55.41
40,94,5.887,15.31
40,95,4.006,12.82
40,96,5.283,15.32
40,97,9.223,23.98
40,98,10.613,27.59
40,99,6.092,17.67
40,100,4.778,13.86
40,101,6.047,17.53
40,102,17.421,50.52
40,103,19.532,62.5
40,104,11.467,33.25
40,105,20.192,64.61
40,106,4.704,12.23
40,107,14.955,38.88
40,108,19.644,56.97
40,109,10.504,27.31
40,110,7.782,22.57
40,111,20.715,60.07
40,112,6.64,17.26
40,113,10.008,32.03
40,114,11.125,28.93
40,115,7.197,18.71
40,116,18.128,58.01
40,117,8.729,25.31
40,118,17.734,46.11
40,119,9.341,27.09
40,120,10.455,27.18
40,121,6.521,18.91
40,122,9.071,29.03
40,123,8.129,26.01
40,124,11.711,37.48
40,125,23.372,60.77
40,126,10.975,35.12
40,127,10.661,34.11
40,128,7.641,24.45
40,129,18.349,47.71
40,130,19.624,56.91
40,131,10.827,28.15
40,132,21.202,61.49
40,133,19.101,61.12
40,134,10.683,30.98
40,135,9.486,27.51
40,136,19.669,62.94
40,137,18.91,60.51
40,138,18.215,58.29
40,139,12.147,31.58
40,140,5.685,14.78
40,141,18.157,52.66
40,142,18.578,59.45
40,143,11.766,30.59
40,144,5.497,15.94
40,145,8.51,24.68
40,146,7.763,20.18
40,147,8.747,25.37
40,148,19.804,63.37
40,149,18.472,53.57
40,150,10.09,26.23
40,151,10.166,26.43
40,152,5.051,16.16
40,153,7.547,21.89
40,154,20.933,66.98
40,155,5.706,18.26
40,156,9.869,31.58
40,157,10.068,26.18
40,158,17.66,45.92
40,159,12.709,40.67
40,160,10.712,27.85
40,161,22.938,66.52
40,162,7.757,22.49
40,163,20.041,64.13
40,164,18.375,58.8
40,165,8.487,27.16
40,166,17.325,45.05
40,167,19.039,60.92
40,168,21.936,63.62
40,169,6.803,21.77
40,170,5.449,17.44
40,171,17.444,50.59
40,172,17.232,55.14
40,173,9.67,30.94
40,174,16.527,47.93
40,175,11.499,29.9
40,176,21.62,69.18
40,177,19.934,63.79
40,178,8.646,22.48
40,179,24.1,62.66
40,180,17.512,45.53
40,181,17.095,49.58
40,182,16.968,44.12
40,183,9.168,29.34
40,184,6.578,19.08
40,185,17.479,50.69
40,186,20.465,65.49
40,187,4.527,13.13
40,188,18.522,59.27
40,189,19.587,56.8
40,190,20.652,59.89
40,191,9.029,26.19
40,192,17.018,49.35
40,193,8.077,23.42
40,194,17.805,46.29
40,195,8.488,22.07
40,196,7.997,23.19
40,197,21.886,70.04
40,198,6.391,20.45
40,199,17.067,49.5
40,200,20.663,53.72
41,0,8.816,22.92
41,1,20.474,47.09
41,2,4.878,12.68
41,3,19.543,44.95
41,4,15.656,36.01
41,5,4.55,11.83
41,6,15.347,44.51
41,7,13.81,35.91
41,8,4.326,9.95
41,9,14.704,42.64
41,10,8.984,23.36
41,11,13.947,40.45
41,12,20.821,54.13
41,13,14.084,32.39
41,14,2.369,6.16
41,15,11.377,32.99
41,16,20.376,46.87
41,17,15.706,36.12
41,18,1.422,3.7
41,19,17.233,39.64
41,20,15.779,36.29
41,21,16.026,46.47
41,22,18.356,42.22
41,23,10.923,28.4
41,24,2.654,7.7
41,25,12.851,37.27
41,26,15.031,39.08
41,27,15.464,40.21
41,28,13.281,38.52
41,29,15.86,45.99
41,30,2.28,5.93
41,31,4.082,10.61
41,32,12.265,31.89
41,33,10.967,25.22
41,34,15.193,34.94
41,35,19.112,43.96
41,36,1.563,3.59
41,37,18.497,53.64
41,38,17.145,49.72
41,39,4.047,10.52
41,40,10.229,29.66
41,42,1.707,4.44
41,43,14.667,42.54
41,44,16.889,48.98
41,45,12.128,31.53
41,46,0.699,2.03
41,47,1.368,3.15
41,48,1.203,3.49
41,49,9.62,25.01
41,50,13.468,30.98
41,51,17.655,40.61
41,52,14.888,43.18
41,53,11.74,30.52
41,54,13.396,38.85
41,55,1.764,4.59
41,56,20.407,46.94
41,57,0.957,2.78
41,58,17.954,41.29
41,59,17.399,50.46
41,60,0.539,1.56
41,61,24.976,57.44
41,62,16.692,48.41
41,63,17.387,39.99
41,64,3.583,8.24
41,65,10.79,28.05
41,66,15.381,39.99
41,67,14.475,41.98
41,68,12.506,32.52
41,69,0.479,1.1
41,70,1.794,4.66
41,71,12.025,27.66
41,72,2.477,6.44
41,73,16.817,48.77
41,74,12.512,36.28
41,75,0.703,2.04
41,76,7.948,20.66
41,77,16.819,43.73
41,78,9.699,22.31
41,79,2.366,5.44
41,80,15.295,39.77
41,81,18.527,48.17
41,82,3.043,7.0
41,83,12.129,27.9
41,84,15.306,44.39
41,85,11.887,30.9
41,86,4.384,11.4
41,87,15.916,36.61
41,88,14.361,37.34
41,89,3.893,8.95
41,90,17.42,45.29
41,91,1.78,4.63
41,92,13.952,36.28
41,93,11.963,34.69
41,94,4.977,11.45
41,95,7.385,21.42
41,96,5.116,13.3
41,97,2.14,4.92
41,98,4.084,9.39
41,99,9.381,24.39
41,100,12.83,33.36
41,101,4.225,10.98
41,102,16.965,44.11
41,103,12.078,35.03
41,104,1.49,3.88
41,105,12.23,35.47
41,106,10.844,24.94
41,107,15.393,35.4
41,108,13.087,34.03
41,109,1.296,2.98
41,110,12.907,33.56
41,111,14.067,36.57
41,112,10.229,23.53
41,113,0.925,2.68
41,114,1.409,3.24
41,115,12.868,29.6
41,116,13.308,38.59
41,117,1.626,4.23
41,118,17.975,41.34
41,119,14.587,37.93
41,120,16.24,37.35
41,121,10.911,28.37
41,122,1.171,3.4
41,123,4.776,13.85
41,124,1.901,5.51
41,125,15.654,36.0
41,126,3.797,11.01
41,127,1.887,5.47
41,128,11.512,33.38
41,129,19.462,44.76
41,130,20.179,52.47
41,131,0.611,1.41
41,132,21.065,54.77
41,133,19.059,55.27
41,134,4.836,12.57
41,135,4.147,10.78
41,136,19.384,56.21
41,137,19.746,57.26
41,138,12.963,37.59
41,139,18.852,43.36
41,140,4.627,10.64
41,141,17.896,46.53
41,142,19.44,56.38
41,143,1.973,4.54
41,144,5.148,13.39
41,145,14.228,36.99
41,146,2.814,6.47
41,147,1.547,4.02
41,148,19.643,56.97
41,149,10.495,27.29
41,150,0.705,1.62
41,151,2.494,5.74
41,152,12.317,35.72
41,153,12.354,32.12
41,154,14.868,43.12
41,155,4.817,13.97
41,156,1.948,5.65
41,157,15.681,36.07
41,158,12.428,28.58
41,159,17.207,49.9
41,160,14.378,33.07
41,161,15.144,39.38
41,162,15.925,41.4
41,163,12.456,36.12
41,164,11.285,32.73
41,165,2.659,7.71
41,166,11.718,26.95
41,167,12.789,37.09
41,168,14.513,37.73
41,169,5.924,17.18
41,170,6.306,18.29
41,171,16.89,43.91
41,172,18.227,52.86
41,173,18.135,52.59
41,174,15.544,40.41
41,175,5.745,13.21
41,176,13.784,39.97
41,177,14.139,41.0
41,178,1.799,4.14
41,179,17.201,39.56
41,180,17.541,40.35
41,181,10.054,26.14
41,182,16.694,38.4
41,183,2.169,6.29
41,184,11.231,29.2
41,185,16.857,43.83
41,186,19.827,57.5
41,187,14.277,37.12
41,188,15.858,45.99
41,189,19.058,49.55
41,190,14.423,37.5
41,191,15.816,41.12
41,192,10.096,26.25
41,193,11.449,29.77
41,194,18.431,42.39
41,195,3.361,7.73
41,196,16.031,41.68
41,197,21.085,61.15
41,198,9.246,26.81
41,199,17.422,45.3
41,200,21.115,48.56
42,0,7.647,19.88
42,1,19.381,44.58
42,2,3.795,9.87
42,3,18.21,41.88
42,4,14.584,33.54
42,5,3.714,9.66
42,6,13.677,39.66
42,7,12.141,31.57
42,8,5.5,12.65
42,9,13.021,37.76
42,10,9.569,24.88
42,11,12.241,35.5
42,12,19.509,50.72
42,13,12.411,28.55
42,14,1.533,3.99
42,15,11.58,33.58
42,16,19.65,45.19
42,17,14.024,32.25
42,18,0.654,1.7
42,19,16.053,36.92
42,20,15.71,36.13
42,21,14.341,41.59
42,22,17.023,39.15
42,23,10.59,27.53
42,24,3.574,10.37
42,25,12.791,37.09
42,26,14.617,38.0
42,27,15.435,40.13
42,28,13.375,38.79
42,29,15.517,45.0
42,30,2.022,5.26
42,31,2.475,6.43
42,32,10.575,27.5
42,33,9.268,21.32
42,34,13.502,31.06
42,35,17.711,40.74
42,36,1.093,2.51
42,37,17.252,50.03
42,38,16.045,46.53
42,39,3.222,8.38
42,40,8.807,25.54
42,41,1.707,4.44
42,43,13.009,37.73
42,44,15.585,45.2
42,45,10.429,27.11
42,46,1.6,4.64
42,47,0.693,1.59
42,48,2.848,8.26
42,49,7.914,20.58
42,50,13.172,30.3
42,51,15.952,36.69
42,52,14.596,42.33
42,53,10.099,26.26
42,54,13.665,39.63
42,55,1.247,3.24
42,56,19.103,43.94
42,57,2.09,6.06
42,58,16.72,38.46
42,59,16.262,47.16
42,60,1.772,5.14
42,61,23.811,54.76
42,62,15.482,44.9
42,63,16.136,37.11
42,64,4.448,10.23
42,65,11.427,29.71
42,66,15.532,40.38
42,67,13.144,38.12
42,68,12.014,31.24
42,69,1.781,4.1
42,70,2.969,7.72
42,71,10.318,23.73
42,72,2.608,6.78
42,73,15.48,44.89
42,74,12.328,35.75
42,75,2.253,6.53
42,76,6.273,16.31
42,77,16.929,44.02
42,78,9.951,22.89
42,79,1.786,4.11
42,80,14.729,38.3
42,81,16.822,43.74
42,82,1.574,3.62
42,83,12.002,27.6
42,84,15.679,45.47
42,85,11.497,29.89
42,86,2.85,7.41
42,87,14.211,32.69
42,88,12.714,33.06
42,89,3.653,8.4
42,90,16.317,42.42
42,91,0.62,1.61
42,92,12.269,31.9
42,93,11.534,33.45
42,94,3.304,7.6
42,95,5.728,16.61
42,96,3.564,9.27
42,97,0.954,2.19
42,98,5.045,11.6
42,99,7.683,19.97
42,100,11.157,29.01
42,101,2.766,7.19
42,102,15.789,41.05
42,103,12.232,35.47
42,104,3.194,8.3
42,105,12.553,36.4
42,106,9.145,21.03
42,107,14.071,32.36
42,108,13.002,33.81
42,109,2.722,6.26
42,110,11.212,29.15
42,111,14.029,36.48
42,112,8.538,19.64
42,113,2.135,6.19
42,114,3.056,7.03
42,115,11.164,25.68
42,116,12.799,37.12
42,117,0.301,0.78
42,118,16.73,38.48
42,119,12.903,33.55
42,120,14.551,33.47
42,121,9.211,23.95
42,122,1.087,3.15
42,123,3.23,9.37
42,124,2.906,8.43
42,125,15.953,36.69
42,126,3.3,9.57
42,127,1.997,5.79
42,128,9.834,28.52
42,129,18.138,41.72
42,130,18.93,49.22
42,131,2.295,5.28
42,132,19.915,51.78
42,133,17.867,51.82
42,134,5.717,14.86
42,135,2.97,7.72
42,136,18.229,52.86
42,137,18.458,53.53
42,138,12.542,36.37
42,139,17.152,39.45
42,140,3.124,7.19
42,141,16.712,43.45
42,142,18.144,52.62
42,143,3.662,8.42
42,144,3.519,9.15
42,145,12.53,32.58
42,146,2.324,5.35
42,147,0.466,1.21
42,148,18.476,53.58
42,149,10.785,28.04
42,150,1.316,3.03
42,151,3.518,8.09
42,152,10.626,30.82
42,153,10.661,27.72
42,154,14.694,42.61
42,155,3.211,9.31
42,156,1.361,3.95
42,157,13.994,32.19
42,158,11.985,27.57
42,159,15.577,45.17
42,160,12.758,29.34
42,161,15.46,40.2
42,162,14.233,37.0
42,163,12.661,36.72
42,164,11.307,32.79
42,165,2.735,7.93
42,166,11.344,26.09
42,167,12.614,36.58
42,168,14.706,38.23
42,169,4.245,12.31
42,170,5.595,16.22
42,171,15.726,40.89
42,172,16.898,49.0
42,173,16.443,47.68
42,174,14.408,37.46
42,175,6.722,15.46
42,176,14.093,40.87
42,177,13.881,40.26
42,178,0.177,0.41
42,179,17.285,39.76
42,180,16.314,37.52
42,181,10.022,26.06
42,182,15.489,35.62
42,183,0.936,2.71
42,184,9.53,24.78
42,185,15.701,40.82
42,186,18.727,54.31
42,187,12.701,33.02
42,188,14.993,43.48
42,189,17.93,46.62
42,190,14.282,37.13
42,191,14.11,36.69
42,192,10.029,26.07
42,193,9.789,25.45
42,194,17.147,39.44
42,195,1.843,4.24
42,196,14.335,37.27
42,197,20.025,58.07
42,198,7.555,21.91
42,199,16.152,42.0
42,200,19.891,45.75
43,0,12.096,35.08
43,1,18.578,48.3
43,2,12.54,36.37
43,3,15.096,39.25
43,4,15.527,40.37
43,5,11.425,33.13
43,6,6.282,20.1
43,7,6.021,17.46
43,8,16.825,43.74
43,9,1.021,3.27
43,10,20.472,59.37
43,11,3.788,12.12
43,12,16.286,47.23
43,13,5.894,15.33
43,14,13.38,38.8
43,15,20.82,66.62
43,16,21.924,57.0
43,17,5.916,15.38
43,18,13.265,38.47
43,19,15.397,40.03
43,20,22.898,59.53
43,21,5.917,18.94
43,22,14.303,37.19
43,23,17.858,51.79
43,24,16.196,51.83
43,25,20.652,66.09
43,26,20.192,58.56
43,27,22.872,66.33
43,28,21.791,69.73
43,29,21.274,68.08
43,30,14.122,40.95
43,31,10.59,30.71
43,32,5.319,15.43
43,33,4.101,10.66
43,34,1.516,3.94
43,35,13.873,36.07
43,36,13.752,35.76
43,37,15.489,49.57
43,38,16.181,51.78
43,39,11.69,33.9
43,40,5.858,18.74
43,41,14.667,42.54
43,42,13.009,37.73
43,44,13.78,44.1
43,45,4.817,13.97
43,46,14.293,45.74
43,47,13.58,35.31
43,48,15.646,50.07
43,49,5.605,16.26
43,50,19.792,51.46
43,51,5.498,14.3
43,52,20.861,66.76
43,53,6.917,20.06
43,54,22.766,72.85
43,55,13.156,38.15
43,56,16.093,41.84
43,57,15.057,48.18
43,58,15.265,39.69
43,59,15.964,51.08
43,60,14.538,46.52
43,61,21.327,55.45
43,62,14.739,47.16
43,63,14.711,38.25
43,64,15.482,40.25
43,65,22.202,64.39
43,66,23.812,69.05
43,67,12.201,39.04
43,68,17.963,52.09
43,69,14.79,38.45
43,70,15.856,45.98
43,71,3.889,10.11
43,72,14.768,42.83
43,73,13.316,42.61
43,74,19.739,63.16
43,75,15.043,48.14
43,76,7.947,23.05
43,77,24.796,71.91
43,78,19.737,51.32
43,79,12.827,33.35
43,80,19.357,56.13
43,81,4.823,13.99
43,82,12.261,31.88
43,83,19.766,51.39
43,84,24.908,79.71
43,85,18.164,52.67
43,86,10.339,29.98
43,87,3.083,8.02
43,88,6.819,19.78
43,89,14.647,38.08
43,90,16.326,47.35
43,91,13.214,38.32
43,92,1.232,3.57
43,93,17.989,57.56
43,94,9.705,25.23
43,95,7.284,23.31
43,96,9.617,27.89
43,97,13.062,33.96
43,98,16.022,41.66
43,99,6.425,18.63
43,100,1.911,5.54
43,101,10.566,30.64
43,102,15.274,44.3
43,103,21.144,67.66
43,104,16.09,46.66
43,105,22.063,70.6
43,106,4.176,10.86
43,107,12.734,33.11
43,108,20.702,60.03
43,109,15.293,39.76
43,110,4.898,14.21
43,111,21.713,62.97
43,112,6.136,15.95
43,113,14.722,47.11
43,114,15.835,41.17
43,115,4.221,10.97
43,116,18.376,58.8
43,117,13.044,37.83
43,118,15.137,39.36
43,119,5.476,15.88
43,120,5.792,15.06
43,121,5.424,15.73
43,122,13.626,43.6
43,123,10.983,35.14
43,124,15.706,50.26
43,125,24.83,64.56
43,126,14.041,44.93
43,127,14.465,46.29
43,128,6.002,19.21
43,129,15.171,39.44
43,130,16.607,48.16
43,131,15.276,39.72
43,132,18.403,53.37
43,133,16.481,52.74
43,134,16.213,47.02
43,135,12.416,36.01
43,136,17.116,54.77
43,137,15.818,50.62
43,138,18.696,59.83
43,139,6.661,17.32
43,140,10.14,26.36
43,141,15.788,45.78
43,142,15.512,49.64
43,143,16.487,42.87
43,144,9.521,27.61
43,145,4.622,13.4
43,146,12.743,33.13
43,147,13.122,38.05
43,148,17.166,54.93
43,149,20.519,59.5
43,150,14.314,37.22
43,151,15.278,39.72
43,152,2.703,8.65
43,153,5.138,14.9
43,154,21.557,68.98
43,155,9.862,31.56
43,156,13.673,43.75
43,157,5.642,14.67
43,158,18.211,47.35
43,159,8.412,26.92
43,160,7.547,19.62
43,161,24.478,70.99
43,162,2.004,5.81
43,163,21.685,69.39
43,164,19.897,63.67
43,165,13.584,43.47
43,166,18.14,47.16
43,167,19.986,63.95
43,168,23.308,67.59
43,169,9.415,30.13
43,170,11.159,35.71
43,171,15.35,44.52
43,172,14.273,45.67
43,173,3.82,12.22
43,174,14.84,43.04
43,175,17.107,44.48
43,176,23.288,74.52
43,177,20.507,65.62
43,178,12.888,33.51
43,179,24.968,64.92
43,180,15.069,39.18
43,181,18.755,54.39
43,182,14.789,38.45
43,183,13.008,41.63
43,184,5.177,15.01
43,185,15.419,44.72
43,186,18.02,57.66
43,187,2.138,6.2
43,188,17.479,55.93
43,189,17.182,49.83
43,190,21.403,62.07
43,191,3.994,11.58
43,192,18.621,54.0
43,193,6.533,18.94
43,194,14.975,38.94
43,195,11.965,31.11
43,196,2.287,6.63
43,197,19.386,62.04
43,198,6.756,21.62
43,199,14.506,42.07
43,200,17.593,45.74
44,0,8.124,23.56
44,1,4.838,12.58
44,2,12.027,34.88
44,3,2.686,6.98
44,4,3.17,8.24
44,5,17.422,50.52
44,6,7.719,24.7
44,7,7.772,22.54
44,8,21.081,54.81
44,9,12.809,40.99
44,10,15.68,45.47
44,11,9.993,31.98
44,12,3.933,11.4
44,13,7.886,20.5
44,14,14.521,42.11
44,15,13.79,44.13
44,16,8.553,22.24
44,17,8.26,21.48
44,18,16.227,47.06
44,19,1.773,4.61
44,20,12.878,33.48
44,21,8.434,26.99
44,22,1.528,3.97
44,23,10.303,29.88
44,24,16.167,51.73
44,25,12.165,38.93
44,26,9.622,27.9
44,27,13.104,38.0
44,28,13.425,42.96
44,29,10.457,33.46
44,30,14.776,42.85
44,31,14.824,42.99
44,32,8.936,25.92
44,33,11.64,30.26
44,34,12.564,32.67
44,35,2.717,7.06
44,36,15.326,39.85
44,37,1.857,5.94
44,38,2.788,8.92
44,39,17.24,49.99
44,40,16.337,52.28
44,41,16.889,48.98
44,42,15.585,45.2
44,43,13.78,44.1
44,45,9.532,27.64
44,46,17.113,54.76
44,47,15.575,40.5
44,48,18.057,57.78
44,49,11.257,32.65
44,50,10.424,27.1
44,51,10.328,26.85
44,52,10.67,34.14
44,53,7.719,22.38
44,54,14.807,47.38
44,55,16.685,48.39
44,56,3.52,9.15
44,57,16.448,52.63
44,58,1.503,3.91
44,59,2.383,7.63
44,60,17.213,55.08
44,61,8.487,22.07
44,62,1.31,4.19
44,63,0.933,2.42
44,64,20.006,52.02
44,65,16.546,47.98
44,66,14.615,42.38
44,67,2.458,7.86
44,68,8.951,25.96
44,69,16.603,43.17
44,70,16.599,48.14
44,71,10.656,27.71
44,72,14.965,43.4
44,73,0.514,1.64
44,74,11.215,35.89
44,75,17.586,56.27
44,76,10.609,30.76
44,77,14.91,43.24
44,78,13.869,36.06
44,79,16.935,44.03
44,80,8.274,23.99
44,81,12.533,36.35
44,82,14.013,36.43
44,83,11.603,30.17
44,84,16.443,52.62
44,85,9.768,28.33
44,86,15.096,43.78
44,87,11.42,29.69
44,88,6.964,20.19
44,89,13.694,35.6
44,90,2.817,8.17
44,91,15.205,44.1
44,92,12.632,36.63
44,93,9.485,30.35
44,94,14.028,36.47
44,95,13.453,43.05
44,96,14.879,43.15
44,97,14.807,38.5
44,98,20.616,53.6
44,99,10.408,30.18
44,100,12.866,37.31
44,101,15.432,44.75
44,102,1.773,5.14
44,103,13.594,43.5
44,104,18.156,52.65
44,105,14.837,47.48
44,106,11.722,30.48
44,107,1.53,3.98
44,108,12.022,34.86
44,109,18.158,47.21
44,110,9.077,26.32
44,111,12.598,36.54
44,112,9.724,25.28
44,113,17.634,56.43
44,114,18.249,47.45
44,115,9.784,25.44
44,116,8.723,27.91
44,117,15.854,45.98
44,118,1.402,3.65
44,119,8.348,24.21
44,120,8.705,22.63
44,121,9.829,28.5
44,122,16.672,53.35
44,123,12.436,39.79
44,124,16.299,52.16
44,125,15.99,41.57
44,126,13.44,43.01
44,127,15.265,48.85
44,128,8.726,27.92
44,129,2.585,6.72
44,130,3.427,9.94
44,131,17.233,44.81
44,132,4.866,14.11
44,133,2.776,8.88
44,134,21.25,61.63
44,135,12.743,36.96
44,136,3.377,10.81
44,137,2.876,9.2
44,138,9.44,30.21
44,139,10.401,27.04
44,140,15.201,39.52
44,141,2.021,5.86
44,142,2.559,8.19
44,143,18.669,48.54
44,144,14.35,41.62
44,145,9.166,26.58
44,146,17.309,45.0
44,147,16.023,46.47
44,148,3.479,11.13
44,149,14.209,41.21
44,150,16.19,42.09
44,151,19.103,49.67
44,152,12.056,38.58
44,153,9.073,26.31
44,154,11.676,37.36
44,155,14.617,46.77
44,156,14.949,47.84
44,157,8.539,22.2
44,158,9.325,24.24
44,159,6.5,20.8
44,160,6.233,16.21
44,161,15.89,46.08
44,162,12.679,36.77
44,163,14.04,44.93
44,164,12.568,40.22
44,165,18.066,57.81
44,166,9.896,25.73
44,167,11.297,36.15
44,168,14.611,42.37
44,169,12.097,38.71
44,170,18.673,59.75
44,171,1.916,5.56
44,172,1.387,4.44
44,173,13.609,43.55
44,174,2.523,7.32
44,175,22.276,57.92
44,176,15.261,48.84
44,177,10.815,34.61
44,178,15.627,40.63
44,179,14.86,38.64
44,180,1.295,3.37
44,181,12.215,35.42
44,182,1.369,3.56
44,183,14.792,47.34
44,184,9.812,28.46
44,185,2.023,5.87
44,186,4.251,13.6
44,187,15.637,45.35
44,188,5.373,17.19
44,189,3.403,9.87
44,190,11.836,34.33
44,191,10.364,30.06
44,192,12.006,34.82
44,193,8.264,23.97
44,194,1.58,4.11
44,195,13.749,35.75
44,196,12.446,36.09
44,197,5.645,18.06
44,198,10.186,32.59
44,199,0.739,2.14
44,200,4.451,11.57
45,0,7.477,19.44
45,1,14.367,33.04
45,2,8.779,22.83
45,3,11.32,26.04
45,4,10.877,25.02
45,5,10.266,26.69
45,6,3.558,10.32
45,7,2.234,5.81
45,8,15.295,35.18
45,9,4.092,11.87
45,10,16.325,42.45
45,11,1.92,5.57
45,12,12.62,32.81
45,13,2.373,5.46
45,14,10.29,26.75
45,15,16.307,47.29
45,16,17.298,39.79
45,17,3.736,8.59
45,18,10.875,28.28
45,19,10.999,25.3
45,20,18.122,41.68
45,21,4.017,11.65
45,22,10.348,23.8
45,23,13.187,34.29
45,24,13.001,37.7
45,25,15.963,46.29
45,26,15.378,39.98
45,27,18.112,47.09
45,28,17.137,49.7
45,29,16.46,47.73
45,30,10.949,28.47
45,31,8.406,21.85
45,32,0.596,1.55
45,33,2.263,5.21
45,34,4.208,9.68
45,35,10.256,23.59
45,36,10.867,25.0
45,37,11.349,32.91
45,38,11.678,33.87
45,39,10.326,26.85
45,40,7.072,20.51
45,41,12.128,31.53
45,42,10.429,27.11
45,43,4.817,13.97
45,44,9.532,27.64
45,46,11.956,34.67
45,47,10.836,24.92
45,48,13.27,38.48
45,49,2.741,7.13
45,50,15.021,34.55
45,51,5.535,12.73
45,52,16.061,46.58
45,53,2.111,5.49
45,54,18.179,52.72
45,55,10.997,28.59
45,56,12.347,28.4
45,57,12.244,35.51
45,58,11.035,25.38
45,59,11.527,33.43
45,60,12.166,35.28
45,61,17.658,40.61
45,62,10.319,29.93
45,63,10.438,24.01
45,64,13.977,32.15
45,65,17.955,46.68
45,66,19.108,49.68
45,67,7.638,22.15
45,68,13.184,34.28
45,69,12.107,27.84
45,70,12.887,33.51
45,71,1.126,2.59
45,72,11.512,29.93
45,73,9.124,26.46
45,74,15.028,43.58
45,75,12.665,36.73
45,76,4.267,11.1
45,77,20.046,52.12
45,78,15.363,35.33
45,79,10.891,25.05
45,80,14.542,37.81
45,81,6.699,17.42
45,82,9.247,21.27
45,83,15.089,34.7
45,84,20.298,58.86
45,85,13.428,34.91
45,86,8.379,21.78
45,87,4.157,9.56
45,88,3.123,8.12
45,89,11.022,25.35
45,90,11.852,30.81
45,91,10.424,27.1
45,92,3.587,9.33
45,93,13.241,38.4
45,94,7.402,17.03
45,95,5.501,15.95
45,96,7.802,20.28
45,97,10.158,23.36
45,98,14.587,33.55
45,99,2.747,7.14
45,100,3.428,8.91
45,101,8.698,22.61
45,102,10.842,28.19
45,103,16.57,48.05
45,104,13.619,35.41
45,105,17.557,50.91
45,106,2.38,5.47
45,107,8.293,19.07
45,108,15.996,41.59
45,109,13.067,30.05
45,110,0.842,2.19
45,111,16.987,44.17
45,112,1.95,4.48
45,113,12.464,36.15
45,114,13.476,31.0
45,115,0.825,1.9
45,116,13.574,39.36
45,117,10.564,27.47
45,118,10.932,25.14
45,119,2.622,6.82
45,120,4.183,9.62
45,121,1.218,3.17
45,122,11.313,32.81
45,123,7.632,22.13
45,124,12.673,36.75
45,125,20.176,46.4
45,126,10.452,30.31
45,127,11.381,33.0
45,128,1.202,3.49
45,129,11.353,26.11
45,130,12.684,32.98
45,131,12.693,29.19
45,132,14.352,37.31
45,133,12.305,35.68
45,134,14.991,38.98
45,135,8.906,23.16
45,136,12.908,37.43
45,137,11.941,34.63
45,138,13.915,40.35
45,139,6.724,15.46
45,140,8.306,19.1
45,141,11.468,29.82
45,142,11.614,33.68
45,143,14.09,32.41
45,144,7.451,19.37
45,145,2.106,5.47
45,146,11.011,25.33
45,147,10.69,27.79
45,148,13.007,37.72
45,149,16.102,41.87
45,150,11.606,26.69
45,151,13.451,30.94
45,152,2.555,7.41
45,153,0.477,1.24
45,154,16.777,48.65
45,155,7.817,22.67
45,156,10.669,30.94
45,157,3.647,8.39
45,158,13.443,30.92
45,159,5.856,16.98
45,160,3.641,8.37
45,161,19.846,51.6
45,162,4.752,12.36
45,163,17.113,49.63
45,164,15.316,44.42
45,165,11.9,34.51
45,166,13.415,30.85
45,167,15.266,44.27
45,168,18.647,48.48
45,169,6.232,18.07
45,170,10.819,31.38
45,171,10.896,28.33
45,172,10.287,29.83
45,173,6.761,19.61
45,174,10.226,26.59
45,175,15.998,36.8
45,176,18.703,54.24
45,177,15.727,45.61
45,178,10.359,23.83
45,179,20.203,46.47
45,180,10.778,24.79
45,181,14.239,37.02
45,182,10.364,23.84
45,183,10.112,29.32
45,184,0.9,2.34
45,185,10.951,28.47
45,186,13.764,39.92
45,187,6.296,16.37
45,188,12.735,36.93
45,189,12.897,33.53
45,190,16.64,43.26
45,191,3.769,9.8
45,192,14.089,36.63
45,193,1.719,4.47
45,194,10.91,25.09
45,195,8.918,20.51
45,196,4.703,12.23
45,197,15.171,44.0
45,198,2.913,8.45
45,199,10.272,26.71
45,200,13.715,31.54
46,0,9.1,26.39
46,1,20.807,54.1
46,2,5.177,15.01
46,3,19.751,51.35
46,4,15.995,41.59
46,5,3.894,11.29
46,6,15.247,48.79
46,7,13.713,39.77
46,8,3.982,10.35
46,9,14.372,45.99
46,10,9.68,28.07
46,11,13.74,43.97
46,12,21.042,61.02
46,13,13.98,36.35
46,14,2.685,7.79
46,15,12.043,38.54
46,16,20.85,54.21
46,17,15.582,40.51
46,18,1.081,3.13
46,19,17.523,45.56
46,20,16.409,42.66
46,21,15.896,50.87
46,22,18.564,48.27
46,23,11.493,33.33
46,24,3.352,10.73
46,25,13.48,43.14
46,26,15.588,45.2
46,27,16.101,46.69
46,28,13.935,44.59
46,29,16.435,52.59
46,30,2.767,8.02
46,31,3.717,10.78
46,32,12.125,35.16
46,33,10.684,27.78
46,34,14.877,38.68
46,35,19.277,50.12
46,36,1.899,4.94
46,37,18.755,60.02
46,38,17.473,55.91
46,39,3.396,9.85
46,40,9.692,31.01
46,41,0.699,2.03
46,42,1.6,4.64
46,43,14.293,45.74
46,44,17.113,54.76
46,45,11.956,34.67
46,47,1.559,4.05
46,48,1.355,4.34
46,49,9.384,27.21
46,50,14.051,36.53
46,51,17.463,45.4
46,52,15.474,49.52
46,53,11.689,33.9
46,54,14.072,45.03
46,55,1.187,3.44
46,56,20.633,53.65
46,57,1.648,5.27
46,58,18.217,47.36
46,59,17.71,56.67
46,60,0.255,0.82
46,61,25.277,65.72
46,62,16.967,54.29
46,63,17.641,45.87
46,64,3.08,8.01
46,65,11.488,33.31
46,66,16.044,46.53
46,67,14.682,46.98
46,68,13.04,37.82
46,69,1.161,3.02
46,70,2.49,7.22
46,71,11.79,30.65
46,72,3.069,8.9
46,73,17.021,54.47
46,74,13.117,41.98
46,75,0.75,2.4
46,76,7.846,22.75
46,77,17.477,50.68
46,78,10.369,26.96
46,79,1.729,4.5
46,80,15.813,45.86
46,81,18.259,52.95
46,82,3.126,8.13
46,83,12.745,33.14
46,84,15.992,51.18
46,85,12.445,36.09
46,86,3.959,11.48
46,87,15.657,40.71
46,88,14.3,41.47
46,89,4.441,11.55
46,90,17.747,51.47
46,91,1.909,5.53
46,92,13.621,39.5
46,93,12.512,40.04
46,94,4.666,12.13
46,95,7.031,22.5
46,96,4.687,13.59
46,97,2.309,6.0
46,98,3.629,9.44
46,99,9.217,26.73
46,100,12.48,36.19
46,101,3.761,10.91
46,102,17.257,50.05
46,103,12.738,40.76
46,104,1.806,5.24
46,105,12.91,41.31
46,106,10.557,27.45
46,107,15.606,40.57
46,108,13.712,39.76
46,109,1.126,2.93
46,110,12.751,36.98
46,111,14.701,42.63
46,112,10.087,26.23
46,113,0.536,1.71
46,114,1.551,4.03
46,115,12.674,32.95
46,116,13.838,44.28
46,117,1.404,4.07
46,118,18.232,47.4
46,119,14.458,41.93
46,120,16.1,41.86
46,121,10.742,31.15
46,122,0.668,2.14
46,123,4.822,15.43
46,124,2.599,8.32
46,125,16.333,42.47
46,126,4.276,13.68
46,127,2.443,7.82
46,128,11.4,36.48
46,129,19.676,51.16
46,130,20.436,59.26
46,131,1.183,3.07
46,132,21.372,61.98
46,133,19.345,61.9
46,134,4.355,12.63
46,135,4.396,12.75
46,136,19.688,63.0
46,137,19.981,63.94
46,138,13.516,43.25
46,139,18.675,48.56
46,140,4.178,10.86
46,141,18.185,52.74
46,142,19.67,62.94
46,143,2.197,5.71
46,144,4.783,13.87
46,145,14.061,40.78
46,146,2.142,5.57
46,147,1.268,3.68
46,148,19.941,63.81
46,149,11.17,32.39
46,150,1.185,3.08
46,151,2.04,5.31
46,152,12.006,38.42
46,153,12.205,35.39
46,154,15.478,49.53
46,155,4.434,14.19
46,156,2.306,7.38
46,157,15.545,40.42
46,158,12.974,33.73
46,159,17.169,54.94
46,160,14.353,37.32
46,161,15.825,45.89
46,162,15.612,45.28
46,163,13.124,42.0
46,164,11.925,38.16
46,165,1.963,6.28
46,166,12.28,31.93
46,167,13.396,42.87
46,168,15.181,44.02
46,169,5.819,18.62
46,170,5.623,17.99
46,171,17.188,49.84
46,172,18.437,59.0
46,173,17.818,57.02
46,174,15.854,45.98
46,175,5.312,13.81
46,176,14.464,46.28
46,177,14.731,47.14
46,178,1.624,4.22
46,179,17.856,46.43
46,180,17.808,46.3
46,181,10.683,30.98
46,182,16.971,44.13
46,183,2.322,7.43
46,184,11.056,32.06
46,185,17.159,49.76
46,186,20.157,64.5
46,187,13.821,40.08
46,188,16.28,52.1
46,189,19.375,56.19
46,190,15.039,43.61
46,191,15.601,45.24
46,192,10.719,31.09
46,193,11.37,32.97
46,194,18.668,48.54
46,195,3.419,8.89
46,196,15.73,45.62
46,197,21.433,68.59
46,198,9.107,29.14
46,199,17.666,51.23
46,200,21.385,55.6
47,0,7.543,17.35
47,1,19.248,38.5
47,2,3.618,8.32
47,3,18.221,36.44
47,4,14.436,28.87
47,5,4.366,10.04
47,6,14.011,36.43
47,7,12.473,28.69
47,8,5.539,11.08
47,9,13.56,35.26
47,10,8.902,20.47
47,11,12.677,32.96
47,12,19.506,44.86
47,13,12.75,25.5
47,14,1.14,2.62
47,15,10.979,28.55
47,16,19.345,38.69
47,17,14.38,28.76
47,18,1.06,2.44
47,19,15.967,31.93
47,20,15.18,30.36
47,21,14.703,38.23
47,22,17.033,34.07
47,23,10.128,23.3
47,24,2.884,7.5
47,25,12.254,31.86
47,26,14.19,32.64
47,27,14.894,34.26
47,28,12.801,33.28
47,29,15.067,39.18
47,30,1.424,3.28
47,31,3.119,7.17
47,32,10.952,25.19
47,33,9.777,19.55
47,34,14.028,28.06
47,35,17.769,35.54
47,36,0.45,0.9
47,37,17.206,44.74
47,38,15.914,41.38
47,39,3.866,8.89
47,40,9.483,24.66
47,41,1.368,3.15
47,42,0.693,1.59
47,43,13.58,35.31
47,44,15.575,40.5
47,45,10.836,24.92
47,46,1.559,4.05
47,48,2.57,6.68
47,49,8.389,19.29
47,50,12.704,25.41
47,51,16.37,32.74
47,52,14.129,36.74
47,53,10.388,23.89
47,54,13.054,33.94
47,55,1.713,3.94
47,56,19.095,38.19
47,57,1.477,3.84
47,58,16.666,33.33
47,59,16.151,41.99
47,60,1.638,4.26
47,61,23.72,47.44
47,62,15.413,40.07
47,63,16.092,32.18
47,64,4.613,9.23
47,65,10.756,24.74
47,66,14.948,34.38
47,67,13.151,34.19
47,68,11.61,26.7
47,69,1.27,2.54
47,70,2.316,5.33
47,71,10.783,21.57
47,72,1.953,4.49
47,73,15.492,40.28
47,74,11.825,30.75
47,75,2.033,5.29
47,76,6.623,15.23
47,77,16.356,37.62
47,78,9.337,18.67
47,79,2.33,4.66
47,80,14.357,33.02
47,81,17.304,39.8
47,82,1.676,3.35
47,83,11.482,22.96
47,84,15.05,39.13
47,85,11.056,25.43
47,86,3.518,8.09
47,87,14.689,29.38
47,88,13.01,29.92
47,89,3.111,6.22
47,90,16.188,37.23
47,91,0.418,0.96
47,92,12.809,29.46
47,93,11.107,28.88
47,94,3.888,7.78
47,95,6.313,16.41
47,96,4.222,9.71
47,97,0.777,1.55
47,98,5.178,10.36
47,99,8.09,18.61
47,100,11.714,26.94
47,101,3.45,7.94
47,102,15.701,36.11
47,103,11.643,30.27
47,104,2.825,6.5
47,105,11.93,31.02
47,106,9.658,19.32
47,107,14.072,28.14
47,108,12.472,28.69
47,109,2.586,5.17
47,110,11.603,26.69
47,111,13.489,31.02
47,112,8.921,17.84
47,113,2.064,5.37
47,114,2.777,5.55
47,115,11.59,23.18
47,116,12.402,32.25
47,117,0.881,2.03
47,118,16.683,33.37
47,119,13.265,30.51
47,120,14.922,29.84
47,121,9.619,22.12
47,122,1.316,3.42
47,123,3.411,8.87
47,124,2.23,5.8
47,125,15.338,30.68
47,126,2.835,7.37
47,127,1.322,3.44
47,128,10.184,26.48
47,129,18.143,36.29
47,130,18.887,43.44
47,131,1.872,3.74
47,132,19.814,45.57
47,133,17.789,46.25
47,134,5.891,13.55
47,135,2.842,6.54
47,136,18.13,47.14
47,137,18.439,47.94
47,138,12.114,31.5
47,139,17.554,35.11
47,140,3.798,7.6
47,141,16.629,38.25
47,142,18.13,47.14
47,143,3.324,6.65
47,144,4.14,9.52
47,145,12.93,29.74
47,146,2.871,5.74
47,147,0.971,2.23
47,148,18.384,47.8
47,149,10.166,23.38
47,150,0.77,1.54
47,151,3.596,7.19
47,152,11.154,29.0
47,153,11.046,25.41
47,154,14.192,36.9
47,155,3.849,10.01
47,156,0.816,2.12
47,157,14.362,28.72
47,158,11.564,23.13
47,159,15.849,41.21
47,160,13.018,26.04
47,161,14.841,34.14
47,162,14.755,33.94
47,163,12.061,31.36
47,164,10.747,27.94
47,165,3.131,8.14
47,166,10.898,21.8
47,167,12.108,31.48
47,168,14.111,32.46
47,169,4.61,11.99
47,170,6.238,16.22
47,171,15.631,35.95
47,172,16.906,43.95
47,173,16.965,44.11
47,174,14.296,32.88
47,175,6.862,13.72
47,176,13.475,35.03
47,177,13.403,34.85
47,178,0.868,1.74
47,179,16.718,33.44
47,180,16.256,32.51
47,181,9.472,21.79
47,182,15.417,30.83
47,183,0.803,2.09
47,184,9.942,22.87
47,185,15.601,35.88
47,186,18.598,48.35
47,187,13.328,30.65
47,188,14.745,38.34
47,189,17.816,40.98
47,190,13.77,31.67
47,191,14.55,33.46
47,192,9.488,21.82
47,193,10.106,23.24
47,194,17.125,34.25
47,195,1.998,4.0
47,196,14.848,34.15
47,197,19.875,51.68
47,198,7.939,20.64
47,199,16.121,37.08
47,200,19.833,39.67
48,0,9.964,28.89
48,1,21.575,56.1
48,2,6.032,17.49
48,3,20.717,53.86
48,4,16.757,43.57
48,5,5.001,14.5
48,6,16.522,52.87
48,7,14.985,43.46
48,8,3.343,8.69
48,9,15.727,50.33
48,10,9.25,26.83
48,11,15.069,48.22
48,12,21.989,63.77
48,13,15.257,39.67
48,14,3.54,10.27
48,15,11.871,37.99
48,16,21.33,55.46
48,17,16.872,43.87
48,18,2.419,7.02
48,19,18.367,47.76
48,20,16.403,42.65
48,21,17.189,55.0
48,22,19.531,50.78
48,23,11.728,34.01
48,24,3.024,9.68
48,25,13.491,43.17
48,26,15.85,45.96
48,27,16.068,46.6
48,28,13.825,44.24
48,29,16.637,53.24
48,30,3.338,9.68
48,31,5.072,14.71
48,32,13.423,38.93
48,33,12.034,31.29
48,34,16.231,42.2
48,35,20.3,52.78
48,36,2.743,7.13
48,37,19.649,62.88
48,38,18.253,58.41
48,39,4.531,13.14
48,40,10.965,35.09
48,41,1.203,3.49
48,42,2.848,8.26
48,43,15.646,50.07
48,44,18.057,57.78
48,45,13.27,38.48
48,46,1.355,4.34
48,47,2.57,6.68
48,49,10.721,31.09
48,50,14.234,37.01
48,51,18.787,48.85
48,52,15.644,50.06
48,53,12.929,37.49
48,54,13.827,44.24
48,55,2.505,7.26
48,56,21.573,56.09
48,57,1.716,5.49
48,58,19.103,49.67
48,59,18.519,59.26
48,60,1.118,3.58
48,61,26.099,67.86
48,62,17.836,57.07
48,63,18.541,48.21
48,64,2.893,7.52
48,65,10.987,31.86
48,66,15.873,46.03
48,67,15.651,50.08
48,68,13.378,38.8
48,69,1.458,3.79
48,70,2.125,6.16
48,71,13.128,34.13
48,72,3.371,9.78
48,73,17.993,57.58
48,74,13.224,42.32
48,75,0.61,1.95
48,76,9.119,26.44
48,77,17.328,50.25
48,78,10.183,26.48
48,79,2.954,7.68
48,80,16.189,46.95
48,81,19.607,56.86
48,82,4.244,11.03
48,83,12.813,33.31
48,84,15.652,50.09
48,85,12.712,36.87
48,86,5.308,15.39
48,87,17.003,44.21
48,88,15.548,45.09
48,89,4.817,12.52
48,90,18.529,53.74
48,91,2.982,8.65
48,92,14.976,43.43
48,93,12.808,40.99
48,94,6.017,15.65
48,95,8.386,26.84
48,96,6.035,17.5
48,97,3.343,8.69
48,98,3.274,8.51
48,99,10.526,30.52
48,100,13.835,40.12
48,101,5.1,14.79
48,102,18.098,52.49
48,103,12.594,40.3
48,104,0.523,1.52
48,105,12.635,40.43
48,106,11.907,30.96
48,107,16.567,43.07
48,108,13.738,39.84
48,109,0.578,1.5
48,110,14.057,40.77
48,111,14.684,42.58
48,112,11.385,29.6
48,113,0.957,3.06
48,114,0.209,0.54
48,115,13.998,36.39
48,116,14.184,45.39
48,117,2.708,7.85
48,118,19.128,49.73
48,119,15.75,45.68
48,120,17.399,45.24
48,121,12.054,34.96
48,122,2.023,6.47
48,123,5.977,19.13
48,124,2.369,7.58
48,125,16.047,41.72
48,126,4.821,15.43
48,127,2.884,9.23
48,128,12.681,40.58
48,129,20.633,53.65
48,130,21.331,61.86
48,131,0.856,2.23
48,132,22.185,64.34
48,133,20.195,64.62
48,134,4.043,11.73
48,135,5.325,15.44
48,136,20.508,65.63
48,137,20.909,66.91
48,138,13.797,44.15
48,139,19.993,51.98
48,140,5.521,14.35
48,141,19.03,55.19
48,142,20.604,65.93
48,143,0.842,2.19
48,144,6.138,17.8
48,145,15.373,44.58
48,146,3.254,8.46
48,147,2.591,7.51
48,148,20.771,66.47
48,149,10.942,31.73
48,150,1.876,4.88
48,151,1.823,4.74
48,152,13.36,42.75
48,153,13.507,39.17
48,154,15.559,49.79
48,155,5.789,18.52
48,156,3.11,9.95
48,157,16.841,43.79
48,158,13.276,34.52
48,159,18.4,58.88
48,160,15.573,40.49
48,161,15.53,45.04
48,162,16.967,49.2
48,163,12.937,41.4
48,164,11.891,38.05
48,165,2.761,8.83
48,166,12.538,32.6
48,167,13.494,43.18
48,168,14.984,43.45
48,169,7.091,22.69
48,170,6.58,21.06
48,171,18.02,52.26
48,172,19.401,62.08
48,173,19.173,61.35
48,174,16.667,48.33
48,175,4.85,12.61
48,176,14.184,45.39
48,177,14.881,47.62
48,178,2.911,7.57
48,179,17.725,46.09
48,180,18.689,48.59
48,181,10.707,31.05
48,182,17.837,46.38
48,183,3.372,10.79
48,184,12.371,35.87
48,185,17.984,52.15
48,186,20.932,66.98
48,187,15.148,43.93
48,188,16.882,54.02
48,189,20.173,58.5
48,190,15.098,43.79
48,191,16.933,49.11
48,192,10.768,31.23
48,193,12.629,36.63
48,194,19.594,50.94
48,195,4.562,11.86
48,196,17.083,49.54
48,197,22.174,70.96
48,198,10.403,33.29
48,199,18.581,53.89
48,200,22.259,57.87
49,0,6.902,17.94
49,1,15.986,36.77
49,2,6.94,18.05
49,3,13.368,30.75
49,4,11.953,27.49
49,5,7.525,19.56
49,6,6.286,18.23
49,7,4.872,12.67
49,8,12.591,28.96
49,9,5.335,15.47
49,10,14.873,38.67
49,11,4.373,12.68
49,12,14.704,38.23
49,13,5.061,11.64
49,14,7.995,20.79
49,15,15.362,44.55
49,16,18.279,42.04
49,17,6.476,14.9
49,18,8.306,21.59
49,19,12.495,28.74
49,20,17.852,41.06
49,21,6.752,19.58
49,22,12.3,28.29
49,23,12.61,32.79
49,24,10.79,31.29
49,25,15.403,44.67
49,26,15.433,40.13
49,27,17.772,46.21
49,28,16.476,47.78
49,29,16.516,47.9
49,30,8.707,22.64
49,31,5.746,14.94
49,32,3.106,8.08
49,33,1.509,3.47
49,34,5.73,13.18
49,35,12.431,28.59
49,36,8.48,19.5
49,37,13.114,38.03
49,38,13.003,37.71
49,39,7.588,19.73
49,40,5.128,14.87
49,41,9.62,25.01
49,42,7.914,20.58
49,43,5.605,16.26
49,44,11.257,32.65
49,45,2.741,7.13
49,46,9.384,27.21
49,47,8.389,19.29
49,48,10.721,31.09
49,50,14.763,33.95
49,51,8.106,18.64
49,52,15.959,46.28
49,53,3.616,9.4
49,54,17.363,50.35
49,55,8.369,21.76
49,56,14.388,33.09
49,57,9.841,28.54
49,58,12.722,29.26
49,59,12.954,37.57
49,60,9.606,27.86
49,61,19.651,45.2
49,62,11.811,34.25
49,63,12.101,27.83
49,64,11.265,25.91
49,65,16.617,43.2
49,66,18.567,48.27
49,67,9.042,26.22
49,68,12.996,33.79
49,69,9.65,22.2
49,70,10.56,27.45
49,71,2.407,5.54
49,72,9.323,24.24
49,73,10.921,31.67
49,74,14.544,42.18
49,75,10.112,29.32
49,76,2.355,6.12
49,77,19.653,51.1
49,78,14.2,32.66
49,79,8.216,18.9
49,80,14.814,38.52
49,81,8.915,23.18
49,82,6.898,15.87
49,83,14.506,33.36
49,84,19.52,56.61
49,85,13.048,33.92
49,86,5.678,14.76
49,87,6.301,14.49
49,88,5.687,14.79
49,89,9.08,20.88
49,90,13.215,34.36
49,91,7.99,20.77
49,92,4.607,11.98
49,93,12.909,37.44
49,94,4.749,10.92
49,95,2.763,8.01
49,96,5.076,13.2
49,97,7.77,17.87
49,98,11.871,27.3
49,99,1.044,2.71
49,100,3.708,9.64
49,101,5.989,15.57
49,102,12.297,31.97
49,103,15.736,45.64
49,104,11.103,28.87
49,105,16.592,48.12
49,106,1.43,3.29
49,107,9.847,22.65
49,108,15.485,40.26
49,109,10.476,24.09
49,110,3.583,9.32
49,111,16.53,42.98
49,112,1.534,3.53
49,113,9.876,28.64
49,114,10.925,25.13
49,115,3.348,7.7
49,116,13.522,39.21
49,117,8.018,20.85
49,118,12.648,29.09
49,119,5.363,13.94
49,120,6.905,15.88
49,121,1.679,4.36
49,122,8.727,25.31
49,123,5.456,15.82
49,124,10.374,30.09
49,125,19.498,44.84
49,126,8.478,24.59
49,127,9.096,26.38
49,128,2.749,7.97
49,129,13.372,30.76
49,130,14.593,37.94
49,131,10.206,23.47
49,132,16.121,41.91
49,133,14.008,40.62
49,134,12.259,31.87
49,135,6.86,17.84
49,136,14.565,42.24
49,137,13.903,40.32
49,138,13.721,39.79
49,139,9.343,21.49
49,140,5.588,12.85
49,141,13.044,33.91
49,142,13.569,39.35
49,143,11.555,26.58
49,144,4.752,12.36
49,145,4.797,12.47
49,146,8.307,19.11
49,147,8.131,21.14
49,148,14.709,42.66
49,149,14.999,39.0
49,150,9.153,21.05
49,151,10.779,24.79
49,152,2.934,8.51
49,153,3.114,8.1
49,154,16.541,47.97
49,155,5.12,14.85
49,156,8.335,24.17
49,157,6.379,14.67
49,158,13.194,30.35
49,159,8.533,24.74
49,160,6.054,13.92
49,161,19.116,49.7
49,162,6.433,16.73
49,163,16.272,47.19
49,164,14.506,42.07
49,165,9.197,26.67
49,166,12.996,29.89
49,167,14.807,42.94
49,168,17.995,46.79
49,169,3.916,11.36
49,170,8.136,23.59
49,171,12.318,32.03
49,172,12.218,35.43
49,173,8.631,25.03
49,174,11.405,29.65
49,175,13.263,30.51
49,176,17.88,51.85
49,177,15.506,44.97
49,178,7.826,18.0
49,179,19.867,45.69
49,180,12.408,28.54
49,181,13.313,34.61
49,182,11.847,27.25
49,183,7.72,22.39
49,184,1.901,4.94
49,185,12.352,32.11
49,186,15.349,44.51
49,187,6.2,16.12
49,188,13.496,39.14
49,189,14.471,37.62
49,190,16.326,42.45
49,191,6.222,16.18
49,192,13.193,34.3
49,193,3.079,8.01
49,194,12.755,29.34
49,195,6.581,15.14
49,196,6.499,16.9
49,197,16.77,48.63
49,198,1.392,4.04
49,199,11.981,31.15
49,200,15.634,35.96
50,0,7.863,18.08
50,1,10.677,21.35
50,2,9.817,22.58
50,3,12.509,25.02
50,4,7.312,14.62
50,5,16.619,38.22
50,6,15.622,40.62
50,7,14.685,33.78
50,8,17.552,35.1
50,9,19.112,49.69
50,10,7.043,16.2
50,11,16.572,43.09
50,12,13.194,30.35
50,13,14.965,29.93
50,14,11.641,26.77
50,15,4.057,10.55
50,16,7.973,15.95
50,17,16.247,32.49
50,18,13.744,31.61
50,19,9.265,18.53
50,20,3.107,6.21
50,21,16.555,43.04
50,22,11.695,23.39
50,23,2.583,5.94
50,24,11.298,29.37
50,25,1.879,4.89
50,26,1.805,4.15
50,27,3.1,7.13
50,28,3.045,7.92
50,29,2.406,6.26
50,30,11.315,26.03
50,31,14.178,32.61
50,32,14.594,33.57
50,33,16.032,32.06
50,34,19.192,38.38
50,35,13.065,26.13
50,36,12.269,24.54
50,37,10.764,27.99
50,38,8.393,21.82
50,39,16.194,37.25
50,40,19.177,49.86
50,41,13.468,30.98
50,42,13.172,30.3
50,43,19.792,51.46
50,44,10.424,27.1
50,45,15.021,34.55
50,46,14.051,36.53
50,47,12.704,25.41
50,48,14.234,37.01
50,49,14.763,33.95
50,51,18.776,37.55
50,52,1.425,3.7
50,53,13.006,29.91
50,54,4.445,11.56
50,55,14.393,33.1
50,56,12.785,25.57
50,57,12.593,32.74
50,58,10.282,20.56
50,59,8.919,23.19
50,60,13.988,36.37
50,61,15.1,30.2
50,62,9.267,24.1
50,63,10.113,20.23
50,64,17.037,34.07
50,65,7.043,16.2
50,66,4.329,9.96
50,67,9.559,24.85
50,68,1.845,4.24
50,69,13.006,26.01
50,70,12.14,27.92
50,71,15.904,31.81
50,72,10.993,25.28
50,73,10.787,28.05
50,74,1.242,3.23
50,75,14.079,36.61
50,76,12.636,29.06
50,77,5.046,11.6
50,78,5.075,10.15
50,79,14.958,29.92
50,80,2.87,6.6
50,81,20.77,47.77
50,82,12.004,24.01
50,83,1.784,3.57
50,84,6.033,15.68
50,85,1.776,4.09
50,86,14.662,33.72
50,87,18.73,37.46
50,88,14.386,33.09
50,89,9.619,19.24
50,90,8.595,19.77
50,91,12.562,28.89
50,92,18.578,42.73
50,93,1.865,4.85
50,94,14.01,28.02
50,95,15.198,39.52
50,96,14.956,34.4
50,97,12.227,24.45
50,98,17.492,34.98
50,99,13.739,31.6
50,100,18.126,41.69
50,101,14.867,34.19
50,102,9.062,20.84
50,103,3.558,9.25
50,104,14.021,32.25
50,105,4.751,12.35
50,106,16.021,32.04
50,107,9.861,19.72
50,108,1.666,3.83
50,109,14.644,29.29
50,110,15.169,34.89
50,111,2.204,5.07
50,112,13.747,27.49
50,113,14.393,37.42
50,114,14.346,28.69
50,115,15.733,31.47
50,116,1.721,4.47
50,117,13.464,30.97
50,118,10.431,20.86
50,119,15.66,36.02
50,120,16.874,33.75
50,121,14.395,33.11
50,122,14.012,36.43
50,123,11.514,29.94
50,124,11.874,30.87
50,125,5.635,11.27
50,126,9.879,25.69
50,127,11.609,30.18
50,128,13.819,35.93
50,129,12.331,24.66
50,130,12.003,27.61
50,131,13.432,26.86
50,132,11.674,26.85
50,133,10.585,27.52
50,134,18.258,41.99
50,135,10.59,24.36
50,136,10.445,27.16
50,137,12.122,31.52
50,138,1.129,2.93
50,139,19.353,38.71
50,140,14.923,29.85
50,141,9.712,22.34
50,142,11.987,31.17
50,143,14.411,28.82
50,144,14.472,33.29
50,145,16.091,37.01
50,146,15.493,30.99
50,147,13.607,31.3
50,148,10.756,27.97
50,149,4.894,11.26
50,150,12.866,25.73
50,151,15.938,31.88
50,152,17.21,44.75
50,153,14.78,33.99
50,154,1.779,4.62
50,155,14.499,37.7
50,156,11.889,30.91
50,157,16.447,32.89
50,158,1.581,3.16
50,159,15.689,40.79
50,160,13.777,27.55
50,161,5.486,12.62
50,162,19.648,45.19
50,163,3.867,10.06
50,164,3.061,7.96
50,165,15.835,41.17
50,166,1.886,3.77
50,167,1.116,2.9
50,168,4.198,9.66
50,169,12.488,32.47
50,170,18.445,47.96
50,171,8.899,20.47
50,172,11.561,30.06
50,173,21.362,55.54
50,174,7.901,18.17
50,175,19.082,38.16
50,176,4.867,12.65
50,177,0.757,1.97
50,178,13.317,26.63
50,179,5.183,10.37
50,180,9.957,19.91
50,181,3.747,8.62
50,182,9.22,18.44
50,183,12.253,31.86
50,184,14.621,33.63
50,185,8.792,20.22
50,186,10.249,26.65
50,187,20.888,48.04
50,188,5.511,14.33
50,189,9.94,22.86
50,190,1.63,3.75
50,191,17.899,41.17
50,192,3.618,8.32
50,193,13.307,30.61
50,194,11.161,22.32
50,195,11.969,23.94
50,196,19.534,44.93
50,197,10.873,28.27
50,198,13.383,34.8
50,199,10.353,23.81
50,200,12.449,24.9
51,0,12.143,27.93
51,1,14.74,29.48
51,2,14.18,32.61
51,3,10.848,21.7
51,4,12.882,25.76
51,5,15.456,35.55
51,6,3.162,8.22
51,7,4.377,10.07
51,8,20.669,41.34
51,9,4.586,11.92
51,10,21.333,49.07
51,11,3.732,9.7
51,12,11.842,27.24
51,13,4.064,8.13
51,14,15.816,36.38
51,15,20.828,54.15
51,16,18.879,37.76
51,17,2.545,5.09
51,18,16.382,37.68
51,19,12.095,24.19
51,20,21.757,43.51
51,21,2.224,5.78
51,22,10.345,20.69
51,23,17.428,40.08
51,24,18.5,48.1
51,25,20.058,52.15
51,26,18.679,42.96
51,27,21.842,50.24
51,28,21.312,55.41
51,29,19.7,51.22
51,30,16.464,37.87
51,31,13.851,31.86
51,32,5.482,12.61
51,33,6.999,14.0
51,34,3.997,7.99
51,35,9.535,19.07
51,36,16.402,32.8
51,37,11.712,30.45
51,38,13.062,33.96
51,39,15.588,35.85
51,40,10.885,28.3
51,41,17.655,40.61
51,42,15.952,36.69
51,43,5.498,14.3
51,44,10.328,26.85
51,45,5.535,12.73
51,46,17.463,45.4
51,47,16.37,32.74
51,48,18.787,48.85
51,49,8.106,18.64
51,50,18.776,37.55
51,52,19.552,50.83
51,53,6.541,15.05
51,54,22.505,58.51
51,55,16.471,37.88
51,56,11.747,23.49
51,57,17.778,46.22
51,58,11.654,23.31
51,59,12.704,33.03
51,60,17.678,45.96
51,61,16.704,33.41
51,62,11.536,29.99
51,63,11.22,22.44
51,64,19.333,38.67
51,65,22.832,52.51
51,66,23.072,53.06
51,67,9.623,25.02
51,68,16.955,39.0
51,69,17.64,35.28
51,70,18.414,42.35
51,71,5.728,11.46
51,72,17.011,39.12
51,73,9.816,25.52
51,74,19.071,49.58
51,75,18.18,47.27
51,76,9.79,22.52
51,77,23.783,54.7
51,78,20.13,40.26
51,79,16.32,32.64
51,80,17.567,40.4
51,81,2.205,5.07
51,82,14.78,29.56
51,83,19.247,38.49
51,84,24.525,63.76
51,85,17.424,40.07
51,86,13.773,31.68
51,87,2.451,4.9
51,88,4.426,10.18
51,89,16.433,32.87
51,90,13.128,30.19
51,91,15.958,36.7
51,92,5.034,11.58
51,93,17.189,44.69
51,94,12.854,25.71
51,95,10.737,27.92
51,96,13.143,30.23
51,97,15.692,31.38
51,98,19.929,39.86
51,99,8.28,19.04
51,100,6.108,14.05
51,101,14.075,32.37
51,102,12.057,27.73
51,103,20.963,54.5
51,104,19.145,44.03
51,105,22.065,57.37
51,106,7.139,14.28
51,107,9.784,19.57
51,108,20.031,46.07
51,109,18.566,37.13
51,110,4.798,11.04
51,111,20.915,48.1
51,112,7.469,14.94
51,113,17.964,46.71
51,114,18.992,37.98
51,115,4.789,9.58
51,116,17.138,44.56
51,117,16.079,36.98
51,118,11.492,22.98
51,119,3.382,7.78
51,120,1.905,3.81
51,121,6.752,15.53
51,122,16.812,43.71
51,123,13.15,34.19
51,124,18.195,47.31
51,125,24.283,48.57
51,126,15.883,41.3
51,127,16.903,43.95
51,128,6.332,16.46
51,129,10.967,21.93
51,130,12.447,28.63
51,131,18.224,36.45
51,132,14.327,32.95
51,133,12.695,33.01
51,134,20.272,46.63
51,135,14.381,33.08
51,136,13.345,34.7
51,137,11.646,30.28
51,138,17.649,45.89
51,139,1.282,2.56
51,140,13.665,27.33
51,141,12.301,28.29
51,142,11.387,29.61
51,143,19.612,39.22
51,144,12.851,29.56
51,145,3.464,7.97
51,146,16.392,32.78
51,147,16.201,37.26
51,148,13.313,34.61
51,149,20.793,47.82
51,150,17.139,34.28
51,151,18.881,37.76
51,152,6.016,15.64
51,153,5.362,12.33
51,154,20.419,53.09
51,155,13.219,34.37
51,156,16.199,42.12
51,157,2.383,4.77
51,158,17.276,34.55
51,159,3.896,10.13
51,160,4.999,10.0
51,161,24.027,55.26
51,162,3.558,8.18
51,163,21.496,55.89
51,164,19.724,51.28
51,165,17.281,44.93
51,166,17.459,34.92
51,167,19.266,50.09
51,168,22.762,52.35
51,169,11.766,30.59
51,170,15.679,40.77
51,171,12.177,28.01
51,172,10.36,26.94
51,173,3.419,8.89
51,174,12.129,27.9
51,175,21.252,42.5
51,176,23.023,59.86
51,177,19.397,50.43
51,178,15.878,31.76
51,179,23.858,47.72
51,180,11.583,23.17
51,181,18.808,43.26
51,182,11.595,23.19
51,183,15.646,40.68
51,184,6.428,14.78
51,185,12.271,28.22
51,186,14.285,37.14
51,187,7.615,17.51
51,188,15.103,39.27
51,189,13.543,31.15
51,190,20.395,46.91
51,191,1.935,4.45
51,192,18.633,42.86
51,193,6.582,15.14
51,194,11.121,22.24
51,195,14.451,28.9
51,196,3.258,7.49
51,197,15.519,40.35
51,198,8.444,21.95
51,199,10.962,25.21
51,200,13.328,26.66
52,0,9.085,26.35
52,1,10.268,26.7
52,2,11.219,32.54
52,3,12.53,32.58
52,4,7.501,19.5
52,5,18.033,52.3
52,6,16.42,52.54
52,7,15.576,45.17
52,8,18.955,49.28
52,9,20.146,64.47
52,10,8.147,23.63
52,11,17.539,56.13
52,12,13.082,37.94
52,13,15.845,41.2
52,14,13.065,37.89
52,15,4.99,15.97
52,16,6.993,18.18
52,17,17.047,44.32
52,18,15.168,43.99
52,19,9.332,24.26
52,20,2.239,5.82
52,21,17.343,55.5
52,22,11.823,30.74
52,23,4.006,11.62
52,24,12.694,40.62
52,25,2.684,8.59
52,26,1.086,3.15
52,27,2.434,7.06
52,28,3.471,11.11
52,29,1.054,3.37
52,30,12.74,36.94
52,31,15.576,45.17
52,32,15.609,45.27
52,33,17.185,44.68
52,34,20.194,52.5
52,35,13.215,34.36
52,36,13.693,35.6
52,37,10.764,34.45
52,38,8.374,26.8
52,39,17.61,51.07
52,40,20.472,65.51
52,41,14.888,43.18
52,42,14.596,42.33
52,43,20.861,66.76
52,44,10.67,34.14
52,45,16.061,46.58
52,46,15.474,49.52
52,47,14.129,36.74
52,48,15.644,50.06
52,49,15.959,46.28
52,50,1.425,3.7
52,51,19.552,50.83
52,53,14.008,40.62
52,54,4.792,15.34
52,55,15.818,45.87
52,56,12.693,33.0
52,57,14.009,44.83
52,58,10.326,26.85
52,59,8.911,28.52
52,60,15.409,49.31
52,61,14.515,37.74
52,62,9.438,30.2
52,63,10.242,26.63
52,64,18.454,47.98
52,65,7.892,22.89
52,66,3.986,11.56
52,67,10.12,32.39
52,68,2.968,8.61
52,69,14.424,37.5
52,70,13.543,39.28
52,71,16.985,44.16
52,72,12.414,36.0
52,73,11.077,35.45
52,74,2.482,7.94
52,75,15.496,49.59
52,76,13.887,40.27
52,77,4.291,12.45
52,78,6.243,16.23
52,79,16.382,42.59
52,80,2.489,7.22
52,81,21.597,62.63
52,82,13.42,34.89
52,83,2.979,7.75
52,84,5.93,18.97
52,85,3.152,9.14
52,86,16.057,46.57
52,87,19.652,51.1
52,88,15.211,44.11
52,89,11.043,28.71
52,90,8.542,24.77
52,91,13.986,40.56
52,92,19.639,56.95
52,93,3.189,10.2
52,94,15.387,40.01
52,95,16.51,52.83
52,96,16.338,47.38
52,97,13.65,35.49
52,98,18.905,49.15
52,99,14.925,43.28
52,100,19.241,55.8
52,101,16.267,47.18
52,102,9.159,26.56
52,103,4.358,13.94
52,104,15.423,44.73
52,105,5.408,17.3
52,106,17.181,44.67
52,107,10.302,26.79
52,108,2.4,6.96
52,109,16.058,41.75
52,110,16.156,46.85
52,111,2.261,6.56
52,112,14.881,38.69
52,113,15.813,50.6
52,114,15.753,40.96
52,115,16.746,43.54
52,116,2.487,7.96
52,117,14.888,43.18
52,118,10.488,27.27
52,119,16.53,47.94
52,120,17.662,45.92
52,121,15.501,44.95
52,122,15.437,49.4
52,123,12.895,41.26
52,124,13.28,42.5
52,125,5.388,14.01
52,126,11.304,36.17
52,127,13.031,41.7
52,128,14.865,47.57
52,129,12.346,32.1
52,130,11.851,34.37
52,131,14.846,38.6
52,132,11.302,32.78
52,133,10.455,33.46
52,134,19.672,57.05
52,135,11.999,34.8
52,136,10.231,32.74
52,137,12.063,38.6
52,138,2.258,7.22
52,139,20.056,52.15
52,140,16.316,42.42
52,141,9.7,28.13
52,142,11.965,38.29
52,143,15.807,41.1
52,144,15.848,45.96
52,145,17.012,49.34
52,146,16.916,43.98
52,147,15.032,43.59
52,148,10.534,33.71
52,149,5.929,17.19
52,150,14.289,37.15
52,151,17.354,45.12
52,152,18.321,58.63
52,153,15.794,45.8
52,154,1.027,3.29
52,155,15.883,50.83
52,156,13.314,42.6
52,157,17.261,44.88
52,158,2.815,7.32
52,159,16.304,52.17
52,160,14.571,37.88
52,161,5.372,15.58
52,162,20.62,59.8
52,163,4.52,14.46
52,164,4.193,13.42
52,165,17.26,55.23
52,166,3.282,8.53
52,167,2.251,7.2
52,168,4.168,12.09
52,169,13.828,44.25
52,170,19.853,63.53
52,171,8.992,26.08
52,172,11.696,37.43
52,173,22.26,71.23
52,174,8.167,23.68
52,175,20.489,53.27
52,176,5.106,16.34
52,177,0.788,2.52
52,178,14.741,38.33
52,179,4.317,11.23
52,180,10.041,26.11
52,181,5.067,14.69
52,182,9.386,24.4
52,183,13.676,43.76
52,184,15.712,45.57
52,185,8.88,25.75
52,186,9.911,31.72
52,187,22.035,63.9
52,188,5.438,17.4
52,189,9.72,28.19
52,190,1.347,3.91
52,191,18.782,54.47
52,192,4.958,14.38
52,193,14.342,41.59
52,194,11.219,29.17
52,195,13.38,34.79
52,196,20.491,59.42
52,197,10.362,33.16
52,198,14.571,46.63
52,199,10.5,30.45
52,200,12.185,31.68
53,0,5.704,14.83
53,1,12.512,28.78
53,2,7.752,20.16
53,3,9.755,22.44
53,4,8.815,20.27
53,5,10.691,27.8
53,6,3.705,10.74
53,7,2.208,5.74
53,8,15.326,35.25
53,9,6.146,17.82
53,10,14.815,38.52
53,11,3.587,10.4
53,12,11.089,28.83
53,13,2.516,5.79
53,14,9.655,25.1
53,15,14.523,42.12
53,16,15.234,35.04
53,17,4.174,9.6
53,18,10.632,27.64
53,19,9.073,20.87
53,20,16.098,37.03
53,21,4.518,13.1
53,22,8.698,20.01
53,23,11.284,29.34
53,24,12.189,35.35
53,25,14.031,40.69
53,26,13.301,34.58
53,27,16.104,41.87
53,28,15.233,44.17
53,29,14.38,41.7
53,30,10.229,26.59
53,31,8.449,21.97
53,32,1.605,4.17
53,33,3.947,9.08
53,34,6.188,14.23
53,35,8.818,20.28
53,36,10.332,23.76
53,37,9.568,27.75
53,38,9.688,28.1
53,39,10.651,27.69
53,40,8.624,25.01
53,41,11.74,30.52
53,42,10.099,26.26
53,43,6.917,20.06
53,44,7.719,22.38
53,45,2.111,5.49
53,46,11.689,33.9
53,47,10.388,23.89
53,48,12.929,37.49
53,49,3.616,9.4
53,50,13.006,29.91
53,51,6.541,15.05
53,52,14.008,40.62
53,54,16.327,47.35
53,55,10.875,28.28
53,56,10.776,24.79
53,57,11.691,33.9
53,58,9.206,21.17
53,59,9.574,27.77
53,60,11.871,34.43
53,61,16.052,36.92
53,62,8.388,24.32
53,63,8.592,19.76
53,64,14.063,32.34
53,65,16.359,42.53
53,66,17.154,44.6
53,67,5.651,16.39
53,68,11.163,29.03
53,69,11.636,26.76
53,70,12.218,31.77
53,71,3.175,7.3
53,72,10.713,27.85
53,73,7.355,21.33
53,74,13.078,37.93
53,75,12.347,35.81
53,76,3.884,10.1
53,77,18.045,46.92
53,78,13.695,31.5
53,79,10.894,25.06
53,80,12.441,32.35
53,81,8.144,21.17
53,82,8.722,20.06
53,83,13.171,30.29
53,84,18.419,53.42
53,85,11.457,29.79
53,86,8.547,22.22
53,87,5.818,13.38
53,88,2.623,6.82
53,89,9.992,22.98
53,90,9.876,25.68
53,91,9.97,25.92
53,92,5.685,14.78
53,93,11.258,32.65
53,94,7.479,17.2
53,95,6.143,17.81
53,96,8.103,21.07
53,97,9.647,22.19
53,98,14.686,33.78
53,99,2.954,7.68
53,100,5.512,14.33
53,101,8.887,23.11
53,102,8.897,23.13
53,103,14.736,42.73
53,104,13.213,34.35
53,105,15.771,45.74
53,106,4.02,9.25
53,107,6.377,14.67
53,108,14.048,36.53
53,109,12.815,29.47
53,110,2.167,5.63
53,111,15.017,39.04
53,112,2.11,4.85
53,113,12.219,35.43
53,114,13.137,30.22
53,115,2.739,6.3
53,116,11.521,33.41
53,117,10.286,26.74
53,118,9.119,20.97
53,119,3.165,8.23
53,120,4.79,11.02
53,121,2.111,5.49
53,122,11.089,32.16
53,123,7.001,20.3
53,124,11.972,34.72
53,125,18.262,42.0
53,126,9.471,27.47
53,127,10.698,31.02
53,128,1.034,3.0
53,129,9.762,22.45
53,130,11.006,28.62
53,131,12.258,28.19
53,132,12.582,32.71
53,133,10.49,30.42
53,134,15.178,39.46
53,135,8.062,20.96
53,136,11.069,32.1
53,137,10.303,29.88
53,138,11.892,34.49
53,139,7.543,17.35
53,140,8.548,19.66
53,141,9.581,24.91
53,142,9.97,28.91
53,143,13.71,31.53
53,144,7.653,19.9
53,145,3.253,8.46
53,146,11.113,25.56
53,147,10.432,27.12
53,148,11.193,32.46
53,149,14.396,37.43
53,150,11.142,25.63
53,151,13.394,30.81
53,152,4.613,13.38
53,153,1.79,4.65
53,154,14.749,42.77
53,155,7.994,23.18
53,156,10.069,29.2
53,157,4.234,9.74
53,158,11.436,26.3
53,159,5.481,15.9
53,160,2.697,6.2
53,161,17.952,46.68
53,162,6.648,17.29
53,163,15.277,44.3
53,164,13.483,39.1
53,165,11.981,34.74
53,166,11.456,26.35
53,167,13.306,38.59
53,168,16.73,43.5
53,169,5.882,17.06
53,170,11.57,33.55
53,171,8.938,23.24
53,172,8.62,25.0
53,173,8.478,24.59
53,174,8.186,21.28
53,175,16.21,37.28
53,176,16.85,48.87
53,177,13.7,39.73
53,178,10.064,23.15
53,179,18.188,41.83
53,180,8.916,20.51
53,181,12.467,32.41
53,182,8.429,19.39
53,183,9.609,27.87
53,184,2.119,5.51
53,185,8.985,23.36
53,186,11.89,34.48
53,187,8.386,21.8
53,188,10.633,30.84
53,189,11.015,28.64
53,190,14.632,38.04
53,191,5.14,13.37
53,192,12.305,31.99
53,193,0.547,1.42
53,194,9.181,21.12
53,195,8.395,19.31
53,196,6.548,17.02
53,197,13.308,38.59
53,198,2.859,8.29
53,199,8.452,21.98
53,200,12.046,27.71
54,0,10.705,31.04
54,1,15.014,39.04
54,2,11.174,32.41
54,3,16.95,44.07
54,4,11.734,30.51
54,5,17.364,50.36
54,6,19.348,61.91
54,7,18.238,52.89
54,8,16.895,43.93
54,9,22.213,71.08
54,10,4.774,13.84
54,11,19.904,63.69
54,12,17.636,51.15
54,13,18.537,48.2
54,14,12.202,35.39
54,15,2.113,6.76
54,16,11.663,30.32
54,17,19.96,51.9
54,18,14.104,40.9
54,19,13.705,35.63
54,20,3.642,9.47
54,21,20.286,64.92
54,22,16.116,41.9
54,23,5.078,14.73
54,24,10.823,34.63
54,25,2.642,8.46
54,26,5.816,16.87
54,27,3.178,9.22
54,28,1.4,4.48
54,29,5.648,18.07
54,30,11.645,33.77
54,31,15.316,44.42
54,32,17.839,51.73
54,33,18.777,48.82
54,34,22.385,58.2
54,35,17.475,45.44
54,36,12.607,32.78
54,37,15.209,48.67
54,38,12.838,41.08
54,39,16.882,48.96
54,40,21.127,67.61
54,41,13.396,38.85
54,42,13.665,39.63
54,43,22.766,72.85
54,44,14.807,47.38
54,45,18.179,52.72
54,46,14.072,45.03
54,47,13.054,33.94
54,48,13.827,44.24
54,49,17.363,50.35
54,50,4.445,11.56
54,51,22.505,58.51
54,52,4.792,15.34
54,53,16.327,47.35
54,55,14.745,42.76
54,56,17.229,44.8
54,57,12.441,39.81
54,58,14.723,38.28
54,59,13.364,42.77
54,60,13.934,44.59
54,61,19.307,50.2
54,62,13.685,43.79
54,63,14.538,37.8
54,64,16.717,43.47
54,65,3.665,10.63
54,66,2.173,6.3
54,67,13.725,43.92
54,68,5.891,17.08
54,69,12.919,33.59
54,70,11.734,34.03
54,71,18.916,49.18
54,72,11.117,32.24
54,73,15.146,48.47
54,74,3.612,11.56
54,75,13.864,44.36
54,76,15.054,43.66
54,77,3.632,10.53
54,78,3.717,9.67
54,79,15.379,39.99
54,80,7.156,20.75
54,81,24.375,70.69
54,82,12.917,33.58
54,83,3.307,8.6
54,84,2.16,6.91
54,85,5.193,15.06
54,86,15.818,45.87
54,87,22.144,57.58
54,88,18.079,52.43
54,89,10.054,26.14
54,90,13.039,37.81
54,91,13.053,37.85
54,92,21.602,62.65
54,93,5.459,17.47
54,94,15.438,40.14
54,95,17.143,54.86
54,96,16.285,47.23
54,97,12.815,33.32
54,98,17.046,44.32
54,99,16.413,47.6
54,100,20.969,60.81
54,101,15.939,46.22
54,102,13.497,39.14
54,103,1.627,5.21
54,104,13.474,39.07
54,105,1.216,3.89
54,106,18.737,48.72
54,107,14.13,36.74
54,108,2.795,8.11
54,109,14.342,37.29
54,110,18.476,53.58
54,111,2.533,7.35
54,112,16.63,43.24
54,113,14.269,45.66
54,114,13.878,36.08
54,115,18.956,49.28
54,116,6.095,19.5
54,117,13.918,40.36
54,118,14.87,38.66
54,119,19.242,55.8
54,120,20.603,53.57
54,121,17.359,50.34
54,122,14.242,45.58
54,123,13.023,41.67
54,124,11.541,36.93
54,125,2.292,5.96
54,126,10.527,33.69
54,127,11.767,37.65
54,128,16.994,54.38
54,129,16.773,43.61
54,130,16.44,47.68
54,131,13.162,34.22
54,132,16.034,46.5
54,133,15.023,48.07
54,134,17.804,51.63
54,135,11.762,34.11
54,136,14.866,47.57
54,137,16.567,53.02
54,138,5.367,17.18
54,139,23.206,60.33
54,140,16.11,41.89
54,141,14.157,41.06
54,142,16.432,52.58
54,143,13.739,35.72
54,144,15.888,46.07
54,145,19.546,56.68
54,146,15.917,41.38
54,147,14.024,40.67
54,148,15.175,48.56
54,149,2.902,8.41
54,150,12.951,33.67
54,151,15.646,40.68
54,152,20.087,64.28
54,153,18.02,52.26
54,154,3.878,12.41
54,155,15.812,50.6
54,156,12.304,39.37
54,157,20.131,52.34
54,158,5.521,14.36
54,159,19.708,63.07
54,160,17.542,45.61
54,161,1.819,5.28
54,162,22.921,66.47
54,163,1.093,3.5
54,164,2.869,9.18
54,165,16.017,51.26
54,166,5.118,13.31
54,167,3.51,11.23
54,168,1.252,3.63
54,169,14.337,45.88
54,170,19.248,61.59
54,171,13.335,38.67
54,172,15.98,51.14
54,173,24.804,79.37
54,174,12.294,35.65
54,175,18.454,47.98
54,176,0.524,1.68
54,177,4.273,13.67
54,178,13.835,35.97
54,179,4.072,10.59
54,180,14.393,37.42
54,181,4.064,11.78
54,182,13.639,35.46
54,183,12.857,41.14
54,184,17.63,51.13
54,185,13.229,38.36
54,186,14.623,46.79
54,187,23.56,68.32
54,188,9.947,31.83
54,189,14.358,41.64
54,190,3.451,10.01
54,191,21.414,62.1
54,192,4.172,12.1
54,193,16.528,47.93
54,194,15.599,40.56
54,195,12.996,33.79
54,196,22.847,66.26
54,197,15.141,48.45
54,198,16.065,51.41
54,199,14.772,42.84
54,200,16.858,43.83
55,0,8.828,22.95
55,1,20.562,47.29
55,2,5.022,13.06
55,3,19.288,44.36
55,4,15.775,36.28
55,5,2.819,7.33
55,6,14.36,41.65
55,7,12.835,33.37
55,8,4.487,10.32
55,9,13.263,38.46
55,10,10.508,27.32
55,11,12.74,36.95
55,12,20.597,53.55
55,13,13.092,30.11
55,14,2.757,7.17
55,15,12.678,36.77
55,16,20.893,48.05
55,17,14.668,33.74
55,18,0.654,1.7
55,19,17.207,39.58
55,20,16.891,38.85
55,21,14.974,43.43
55,22,18.102,41.64
55,23,11.813,30.71
55,24,4.275,12.4
55,25,13.966,40.5
55,26,15.853,41.22
55,27,16.606,43.18
55,28,14.51,42.08
55,29,16.746,48.56
55,30,3.136,8.15
55,31,2.634,6.85
55,32,11.202,29.12
55,33,9.621,22.13
55,34,13.779,31.69
55,35,18.745,43.11
55,36,2.161,4.97
55,37,18.378,53.3
55,38,17.227,49.96
55,39,2.312,6.01
55,40,8.506,24.67
55,41,1.764,4.59
55,42,1.247,3.24
55,43,13.156,38.15
55,44,16.685,48.39
55,45,10.997,28.59
55,46,1.187,3.44
55,47,1.713,3.94
55,48,2.505,7.26
55,49,8.369,21.76
55,50,14.393,33.1
55,51,16.471,37.88
55,52,15.818,45.87
55,53,10.875,28.28
55,54,14.745,42.76
55,56,20.197,46.45
55,57,2.583,7.49
55,58,17.851,41.06
55,59,17.431,50.55
55,60,1.442,4.18
55,61,24.963,57.41
55,62,16.625,48.21
55,63,17.261,39.7
55,64,3.325,7.65
55,65,12.346,32.1
55,66,16.654,43.3
55,67,14.234,41.28
55,68,13.255,34.46
55,69,2.12,4.88
55,70,3.493,9.08
55,71,10.768,24.77
55,72,3.629,9.43
55,73,16.56,48.02
55,74,13.529,39.23
55,75,1.92,5.57
55,76,6.997,18.19
55,77,18.065,46.97
55,78,11.028,25.36
55,79,0.648,1.49
55,80,15.975,41.53
55,81,17.197,44.71
55,82,2.741,6.3
55,83,13.191,30.34
55,84,16.724,48.5
55,85,12.728,33.09
55,86,2.818,7.33
55,87,14.604,33.59
55,88,13.463,35.0
55,89,4.821,11.09
55,90,17.498,45.49
55,91,1.836,4.77
55,92,12.514,32.54
55,93,12.77,37.03
55,94,3.62,8.33
55,95,5.922,17.17
55,96,3.539,9.2
55,97,2.198,5.06
55,98,3.941,9.06
55,99,8.282,21.53
55,100,11.361,29.54
55,101,2.597,6.75
55,102,16.945,44.06
55,103,13.348,38.71
55,104,2.982,7.75
55,105,13.612,39.47
55,106,9.491,21.83
55,107,15.163,34.87
55,108,14.183,36.88
55,109,2.142,4.93
55,110,11.808,30.7
55,111,15.201,39.52
55,112,9.172,21.1
55,113,1.567,4.54
55,114,2.687,6.18
55,115,11.691,26.89
55,116,14.041,40.72
55,117,0.946,2.46
55,118,17.855,41.07
55,119,13.541,35.21
55,120,15.166,34.88
55,121,9.793,25.46
55,122,0.597,1.73
55,123,4.254,12.34
55,124,3.534,10.25
55,125,17.026,39.16
55,126,4.514,13.09
55,127,2.979,8.64
55,128,10.514,30.49
55,129,19.222,44.21
55,130,20.052,52.13
55,131,2.336,5.37
55,132,21.076,54.8
55,133,19.015,55.14
55,134,4.567,11.87
55,135,4.19,10.89
55,136,19.39,56.23
55,137,19.56,56.73
55,138,13.777,39.95
55,139,17.699,40.71
55,140,3.02,6.94
55,141,17.864,46.45
55,142,19.243,55.81
55,143,3.34,7.68
55,144,3.682,9.57
55,145,13.102,34.06
55,146,1.174,2.7
55,147,0.79,2.05
55,148,19.632,56.93
55,149,11.852,30.81
55,150,1.875,4.31
55,151,2.523,5.8
55,152,10.917,31.66
55,153,11.271,29.3
55,154,15.896,46.1
55,155,3.323,9.64
55,156,2.515,7.29
55,157,14.616,33.62
55,158,13.222,30.41
55,159,16.353,47.42
55,160,13.562,31.19
55,161,16.526,42.97
55,162,14.516,37.74
55,163,13.761,39.91
55,164,12.459,36.13
55,165,1.49,4.32
55,166,12.573,28.92
55,167,13.813,40.06
55,168,15.813,41.11
55,169,4.999,14.5
55,170,4.637,13.45
55,171,16.886,43.9
55,172,17.98,52.14
55,173,16.717,48.48
55,174,15.58,40.51
55,175,5.591,12.86
55,176,15.16,43.96
55,177,15.097,43.78
55,178,1.135,2.61
55,179,18.429,42.39
55,180,17.448,40.13
55,181,11.185,29.08
55,182,16.634,38.26
55,183,2.182,6.33
55,184,10.099,26.26
55,185,16.865,43.85
55,186,19.906,57.73
55,187,12.645,32.88
55,188,16.225,47.05
55,189,19.101,49.66
55,190,15.477,40.24
55,191,14.59,37.93
55,192,11.2,29.12
55,193,10.524,27.36
55,194,18.254,41.98
55,195,2.961,6.81
55,196,14.642,38.07
55,197,21.215,61.52
55,198,8.201,23.78
55,199,17.268,44.9
55,200,21.023,48.35
56,0,11.629,26.75
56,1,3.461,6.92
56,2,15.542,35.75
56,3,1.027,2.05
56,4,5.68,11.36
56,5,20.863,47.98
56,6,9.813,25.51
56,7,10.318,23.73
56,8,24.6,49.2
56,9,15.08,39.21
56,10,18.714,43.04
56,11,12.401,32.24
56,12,0.437,1.01
56,13,10.348,20.7
56,14,18.039,41.49
56,15,16.51,42.93
56,16,8.476,16.95
56,17,10.226,20.45
56,18,19.744,45.41
56,19,3.653,7.31
56,20,14.758,29.52
56,21,10.296,26.77
56,22,2.13,4.26
56,23,13.183,30.32
56,24,19.637,51.06
56,25,14.635,38.05
56,26,11.607,26.7
56,27,15.064,34.65
56,28,15.829,41.15
56,29,12.223,31.78
56,30,18.286,42.06
56,31,18.292,42.07
56,32,11.763,27.05
56,33,14.564,29.13
56,34,14.727,29.45
56,35,2.237,4.47
56,36,18.844,37.69
56,37,2.118,5.51
56,38,4.398,11.44
56,39,20.698,47.61
56,40,19.355,50.32
56,41,20.407,46.94
56,42,19.103,43.94
56,43,16.093,41.84
56,44,3.52,9.15
56,45,12.347,28.4
56,46,20.633,53.65
56,47,19.095,38.19
56,48,21.573,56.09
56,49,14.388,33.09
56,50,12.785,25.57
56,51,11.747,23.49
56,52,12.693,33.0
56,53,10.776,24.79
56,54,17.229,44.8
56,55,20.197,46.45
56,57,19.958,51.89
56,58,2.674,5.35
56,59,3.884,10.1
56,60,20.733,53.91
56,61,5.311,10.62
56,62,3.944,10.25
56,63,3.116,6.23
56,64,23.52,47.04
56,65,19.393,44.6
56,66,16.669,38.34
56,67,5.963,15.5
56,68,11.602,26.68
56,69,20.119,40.24
56,70,20.092,46.21
56,71,13.438,26.88
56,72,18.461,42.46
56,73,3.651,9.49
56,74,13.76,35.77
56,75,21.105,54.87
56,76,13.981,32.16
56,77,16.689,38.39
56,78,16.818,33.64
56,79,20.438,40.88
56,80,10.204,23.47
56,81,13.886,31.94
56,82,17.531,35.06
56,83,14.212,28.42
56,84,18.62,48.41
56,85,12.497,28.74
56,86,18.547,42.66
56,87,13.376,26.75
56,88,9.42,21.67
56,89,17.17,34.34
56,90,4.19,9.64
56,91,18.725,43.07
56,92,15.044,34.6
56,93,12.217,31.76
56,94,17.471,34.94
56,95,16.745,43.54
56,96,18.299,42.09
56,97,18.327,36.65
56,98,24.131,48.26
56,99,13.621,31.33
56,100,15.481,35.61
56,101,18.886,43.44
56,102,3.906,8.98
56,103,16.204,42.13
56,104,21.668,49.84
56,105,17.445,45.36
56,106,14.663,29.33
56,107,5.034,10.07
56,108,14.446,33.23
56,109,21.677,43.35
56,110,11.755,27.04
56,111,14.835,34.12
56,112,12.862,25.72
56,113,21.154,55.0
56,114,21.765,43.53
56,115,12.435,24.87
56,116,11.196,29.11
56,117,19.371,44.55
56,118,2.583,5.17
56,119,10.643,24.48
56,120,10.5,21.0
56,121,12.848,29.55
56,122,20.19,52.49
56,123,15.945,41.46
56,124,19.791,51.46
56,125,18.076,36.15
56,126,16.933,44.03
56,127,18.773,48.81
56,128,11.723,30.48
56,129,1.018,2.04
56,130,0.968,2.23
56,131,20.748,41.5
56,132,2.714,6.24
56,133,2.245,5.84
56,134,24.761,56.95
56,135,16.262,37.4
56,136,2.602,6.76
56,137,0.707,1.84
56,138,11.953,31.08
56,139,11.436,22.87
56,140,18.64,37.28
56,141,3.103,7.14
56,142,0.974,2.53
56,143,22.179,44.36
56,144,17.777,40.89
56,145,11.527,26.51
56,146,20.803,41.61
56,147,19.54,44.94
56,148,2.355,6.12
56,149,17.055,39.23
56,150,19.708,39.42
56,151,22.621,45.24
56,152,14.758,38.37
56,153,11.871,27.3
56,154,13.72,35.67
56,155,18.056,46.95
56,156,18.466,48.01
56,157,10.509,21.02
56,158,11.967,23.93
56,159,7.913,20.57
56,160,8.765,17.53
56,161,18.062,41.54
56,162,14.688,33.78
56,163,16.595,43.15
56,164,15.306,39.8
56,165,21.57,56.08
56,166,12.65,25.3
56,167,13.786,35.84
56,168,16.83,38.71
56,169,15.555,40.44
56,170,22.051,57.33
56,171,4.048,9.31
56,172,2.237,5.82
56,173,15.164,39.43
56,174,5.358,12.32
56,175,25.788,51.58
56,176,17.636,45.85
56,177,13.019,33.85
56,178,19.143,38.29
56,179,16.552,33.1
56,180,3.079,6.16
56,181,15.147,34.84
56,182,3.964,7.93
56,183,18.312,47.61
56,184,12.777,29.39
56,185,4.136,9.51
56,186,3.319,8.63
56,187,18.097,41.62
56,188,7.292,18.96
56,189,3.085,7.1
56,190,13.984,32.16
56,191,12.313,28.32
56,192,14.939,34.36
56,193,11.32,26.04
56,194,1.994,3.99
56,195,17.266,34.53
56,196,14.42,33.17
56,197,4.095,10.65
56,198,13.432,34.92
56,199,3.02,6.95
56,200,1.588,3.18
57,0,8.331,24.16
57,1,19.887,51.71
57,2,4.433,12.85
57,3,19.119,49.71
57,4,15.069,39.18
57,5,5.402,15.66
57,6,15.349,49.12
57,7,13.812,40.06
57,8,5.047,13.12
57,9,15.033,48.11
57,10,8.032,23.29
57,11,14.102,45.13
57,12,20.378,59.09
57,13,14.097,36.65
57,14,2.052,5.95
57,15,10.427,33.37
57,16,19.619,51.01
57,17,15.739,40.92
57,18,2.086,6.05
57,19,16.707,43.44
57,20,14.855,38.62
57,21,16.066,51.41
57,22,17.935,46.63
57,23,10.064,29.19
57,24,1.713,5.48
57,25,11.931,38.18
57,26,14.182,41.13
57,27,14.536,42.15
57,28,12.339,39.49
57,29,14.991,47.97
57,30,1.673,4.85
57,31,4.564,13.24
57,32,12.335,35.77
57,33,11.243,29.23
57,34,15.498,40.3
57,35,18.745,48.74
57,36,1.377,3.58
57,37,18.01,57.63
57,38,16.57,53.02
57,39,4.894,14.19
57,40,10.873,34.79
57,41,0.957,2.78
57,42,2.09,6.06
57,43,15.057,48.18
57,44,16.448,52.63
57,45,12.244,35.51
57,46,1.648,5.27
57,47,1.477,3.84
57,48,1.716,5.49
57,49,9.841,28.54
57,50,12.593,32.74
57,51,17.778,46.22
57,52,14.009,44.83
57,53,11.691,33.9
57,54,12.441,39.81
57,55,2.583,7.49
57,56,19.958,51.89
57,58,17.46,45.4
57,59,16.845,53.9
57,60,1.493,4.78
57,61,24.425,63.5
57,62,16.187,51.8
57,63,16.906,43.96
57,64,4.446,11.56
57,65,9.844,28.55
57,66,14.432,41.85
57,67,14.064,45.0
57,68,11.687,33.89
57,69,0.489,1.27
57,70,0.918,2.66
57,71,12.228,31.79
57,72,1.658,4.81
57,73,16.402,52.49
57,74,11.614,37.17
57,75,1.488,4.76
57,76,8.0,23.2
57,77,15.873,46.03
57,78,8.748,22.74
57,79,3.22,8.37
57,80,14.491,42.02
57,81,18.753,54.38
57,82,3.001,7.8
57,83,11.221,29.17
57,84,14.349,45.92
57,85,11.04,32.01
57,86,4.933,14.31
57,87,16.139,41.96
57,88,14.313,41.51
57,89,3.104,8.07
57,90,16.846,48.85
57,91,1.855,5.38
57,92,14.282,41.42
57,93,11.127,35.61
57,94,5.363,13.94
57,95,7.789,24.92
57,96,5.652,16.39
57,97,2.086,5.42
57,98,4.904,12.75
57,99,9.503,27.56
57,100,13.19,38.25
57,101,4.827,14.0
57,102,16.437,47.67
57,103,11.131,35.62
57,104,1.712,4.96
57,105,11.274,36.08
57,106,11.125,28.93
57,107,14.972,38.93
57,108,12.17,35.29
57,109,2.055,5.34
57,110,12.996,37.69
57,111,13.141,38.11
57,112,10.314,26.82
57,113,1.842,5.89
57,114,1.876,4.88
57,115,13.009,33.82
57,116,12.492,39.97
57,117,2.144,6.22
57,118,17.49,45.47
57,119,14.631,42.43
57,120,16.294,42.36
57,121,11.028,31.98
57,122,1.992,6.38
57,123,4.692,15.02
57,124,0.961,3.08
57,125,14.697,38.21
57,126,3.116,9.97
57,127,1.192,3.81
57,128,11.546,36.95
57,129,19.03,49.48
57,130,19.691,57.11
57,131,0.864,2.25
57,132,20.51,59.48
57,133,18.535,59.31
57,134,5.669,16.44
57,135,3.798,11.01
57,136,18.837,60.28
57,137,19.287,61.72
57,138,12.121,38.79
57,139,18.949,49.27
57,140,5.201,13.52
57,141,17.37,50.37
57,142,18.987,60.76
57,143,2.221,5.77
57,144,5.602,16.25
57,145,14.327,41.55
57,146,3.704,9.63
57,147,2.135,6.19
57,148,19.103,61.13
57,149,9.541,27.67
57,150,0.783,2.04
57,151,3.346,8.7
57,152,12.625,40.4
57,153,12.436,36.07
57,154,13.964,44.69
57,155,5.3,16.96
57,156,1.626,5.2
57,157,15.731,40.9
57,158,11.594,30.14
57,159,17.119,54.78
57,160,14.281,37.13
57,161,14.188,41.14
57,162,16.223,47.05
57,163,11.506,36.82
57,164,10.355,33.14
57,165,3.611,11.56
57,166,10.868,28.26
57,167,11.889,38.04
57,168,13.562,39.33
57,169,6.013,19.24
57,170,7.2,23.04
57,171,16.355,47.43
57,172,17.803,56.97
57,173,18.433,58.98
57,174,14.996,43.49
57,175,6.529,16.98
57,176,12.828,41.05
57,177,13.254,42.41
57,178,2.239,5.82
57,179,16.257,42.27
57,180,17.045,44.32
57,181,9.135,26.49
57,182,16.186,42.08
57,183,2.133,6.83
57,184,11.354,32.93
57,185,16.317,47.32
57,186,19.246,61.59
57,187,14.789,42.89
57,188,15.167,48.54
57,189,18.494,53.63
57,190,13.514,39.19
57,191,15.976,46.33
57,192,9.183,26.63
57,193,11.439,33.17
57,194,17.972,46.73
57,195,3.331,8.66
57,196,16.313,47.31
57,197,20.478,65.53
57,198,9.336,29.87
57,199,16.955,49.17
57,200,20.608,53.58
58,0,9.139,21.02
58,1,3.335,6.67
58,2,13.075,30.07
58,3,2.228,4.46
58,4,3.041,6.08
58,5,18.72,43.06
58,6,9.157,23.81
58,7,9.266,21.31
58,8,22.197,44.39
58,9,14.289,37.15
58,10,16.049,36.91
58,11,11.481,29.85
58,12,3.11,7.15
58,13,9.372,18.74
58,14,15.585,35.85
58,15,13.905,36.15
58,16,7.322,14.64
58,17,9.68,19.36
58,18,17.368,39.95
58,19,1.019,2.04
58,20,12.47,24.94
58,21,9.836,25.57
58,22,1.597,3.19
58,23,10.535,24.23
58,24,17.063,44.36
58,25,12.102,31.47
58,26,9.247,21.27
58,27,12.74,29.3
58,28,13.324,34.64
58,29,9.971,25.93
58,30,15.789,36.31
58,31,16.094,37.02
58,32,10.439,24.01
58,33,13.134,26.27
58,34,14.032,28.06
58,35,2.972,5.94
58,36,16.393,32.79
58,37,0.565,1.47
58,38,1.969,5.12
58,39,18.517,42.59
58,40,17.815,46.32
58,41,17.954,41.29
58,42,16.72,38.46
58,43,15.265,39.69
58,44,1.503,3.91
58,45,11.035,25.38
58,46,18.217,47.36
58,47,16.666,33.33
58,48,19.103,49.67
58,49,12.722,29.26
58,50,10.282,20.56
58,51,11.654,23.31
58,52,10.326,26.85
58,53,9.206,21.17
58,54,14.723,38.28
58,55,17.851,41.06
58,56,2.674,5.35
58,57,17.46,45.4
58,59,1.436,3.73
58,60,18.303,47.59
58,61,7.154,14.31
58,62,1.292,3.36
58,63,0.625,1.25
58,64,21.161,42.32
58,65,16.762,38.55
58,66,14.31,32.91
58,67,3.773,9.81
58,68,9.0,20.7
58,69,17.645,35.29
58,70,17.551,40.37
58,71,12.159,24.32
58,72,15.929,36.64
58,73,1.949,5.07
58,74,11.199,29.12
58,75,18.655,48.5
58,76,11.981,27.56
58,77,14.461,33.26
58,78,14.164,28.33
58,79,18.133,36.27
58,80,7.854,18.06
58,81,13.858,31.87
58,82,15.147,30.29
58,83,11.633,23.27
58,84,16.215,42.16
58,85,9.879,22.72
58,86,16.387,37.69
58,87,12.855,25.71
58,88,8.446,19.43
58,89,14.607,29.21
58,90,1.855,4.27
58,91,16.31,37.51
58,92,14.124,32.48
58,93,9.597,24.95
58,94,15.331,30.66
58,95,14.861,38.64
58,96,16.204,37.27
58,97,15.909,31.82
58,98,21.764,43.53
58,99,11.854,27.26
58,100,14.368,33.05
58,101,16.718,38.45
58,102,1.249,2.87
58,103,13.631,35.44
58,104,19.172,44.1
58,105,14.876,38.68
58,106,13.216,26.43
58,107,2.892,5.78
58,108,11.929,27.44
58,109,19.236,38.47
58,110,10.579,24.33
58,111,12.391,28.5
58,112,11.191,22.38
58,113,18.73,48.7
58,114,19.29,38.58
58,115,11.286,22.57
58,116,8.644,22.47
58,117,16.996,39.09
58,118,0.182,0.36
58,119,9.818,22.58
58,120,10.096,20.19
58,121,11.316,26.03
58,122,17.805,46.29
58,123,13.624,35.42
58,124,17.248,44.84
58,125,15.709,31.42
58,126,14.4,37.44
58,127,16.27,42.3
58,128,10.218,26.57
58,129,2.052,4.1
58,130,2.233,5.13
58,131,18.266,36.53
58,132,3.408,7.84
58,133,1.286,3.34
58,134,22.417,51.56
58,135,13.825,31.8
58,136,1.874,4.87
58,137,1.967,5.11
58,138,9.393,24.42
58,139,11.635,23.27
58,140,16.505,33.01
58,141,0.717,1.65
58,142,1.754,4.56
58,143,19.68,39.36
58,144,15.669,36.04
58,145,10.647,24.49
58,146,18.526,37.05
58,147,17.167,39.48
58,148,1.988,5.17
58,149,14.42,33.17
58,150,17.25,34.5
58,151,20.228,40.46
58,152,13.56,35.26
58,153,10.576,24.33
58,154,11.351,29.51
58,155,15.923,41.4
58,156,16.006,41.62
58,157,9.962,19.92
58,158,9.369,18.74
58,159,7.778,20.22
58,160,7.72,15.44
58,161,15.658,36.01
58,162,14.126,32.49
58,163,14.04,36.5
58,164,12.694,33.0
58,165,19.26,50.08
58,166,10.027,20.05
58,167,11.243,29.23
58,168,14.401,33.12
58,169,13.387,34.81
58,170,20.024,52.06
58,171,1.403,3.23
58,172,1.502,3.91
58,173,14.981,38.95
58,174,2.685,6.18
58,175,23.435,46.87
58,176,15.148,39.39
58,177,10.578,27.5
58,178,16.772,33.54
58,179,14.366,28.73
58,180,0.418,0.84
58,181,12.494,28.74
58,182,1.305,2.61
58,183,15.897,41.33
58,184,11.306,26.0
58,185,1.502,3.45
58,186,2.755,7.16
58,187,17.134,39.41
58,188,4.891,12.72
58,189,1.926,4.43
58,190,11.572,26.62
58,191,11.794,27.13
58,192,12.285,28.25
58,193,9.75,22.43
58,194,0.894,1.79
58,195,14.898,29.8
58,196,13.887,31.94
58,197,4.142,10.77
58,198,11.621,30.21
58,199,0.765,1.76
58,200,3.171,6.34
59,0,8.616,24.99
59,1,3.162,8.22
59,2,12.535,36.35
59,3,3.619,9.41
59,4,1.888,4.91
59,5,18.504,53.66
59,6,10.028,32.09
59,7,9.944,28.84
59,8,21.689,56.39
59,9,15.015,48.05
59,10,14.898,43.21
59,11,12.181,38.98
59,12,4.304,12.48
59,13,10.088,26.23
59,14,15.044,43.63
59,15,12.628,40.41
59,16,6.174,16.05
59,17,10.588,27.53
59,18,16.915,49.05
59,19,0.61,1.59
59,20,11.043,28.71
59,21,10.776,34.48
59,22,3.014,7.84
59,23,9.337,27.08
59,24,16.324,52.24
59,25,10.759,34.43
59,26,7.83,22.71
59,27,11.319,32.82
59,28,11.964,38.29
59,29,8.539,27.32
59,30,15.184,44.03
59,31,15.843,45.94
59,32,10.936,31.72
59,33,13.519,35.15
59,34,14.806,38.5
59,35,4.402,11.45
59,36,15.85,41.21
59,37,1.855,5.94
59,38,0.537,1.72
59,39,18.267,52.97
59,40,18.08,57.86
59,41,17.399,50.46
59,42,16.262,47.16
59,43,15.964,51.08
59,44,2.383,7.63
59,45,11.527,33.43
59,46,17.71,56.67
59,47,16.151,41.99
59,48,18.519,59.26
59,49,12.954,37.57
59,50,8.919,23.19
59,51,12.704,33.03
59,52,8.911,28.52
59,53,9.574,27.77
59,54,13.364,42.77
59,55,17.431,50.55
59,56,3.884,10.1
59,57,16.845,53.9
59,58,1.436,3.73
59,60,17.778,56.89
59,61,7.58,19.71
59,62,1.225,3.92
59,63,1.563,4.06
59,64,20.71,53.85
59,65,15.523,45.02
59,66,12.897,37.4
59,67,3.929,12.57
59,68,7.722,22.39
59,69,17.063,44.36
59,70,16.867,48.91
59,71,12.652,32.89
59,72,15.268,44.28
59,73,2.897,9.27
59,74,9.877,31.61
59,75,18.102,57.93
59,76,11.96,34.68
59,77,13.028,37.78
59,78,12.978,33.74
59,79,17.758,46.17
59,80,6.432,18.65
59,81,14.908,43.23
59,82,14.699,38.22
59,83,10.328,26.85
59,84,14.814,47.41
59,85,8.623,25.01
59,86,16.171,46.9
59,87,13.722,35.68
59,88,9.187,26.64
59,89,13.902,36.14
59,90,0.445,1.29
59,91,15.814,45.86
59,92,14.787,42.88
59,93,8.344,26.7
59,94,15.142,39.37
59,95,14.901,47.68
59,96,16.05,46.55
59,97,15.411,40.07
59,98,21.301,55.38
59,99,12.025,34.87
59,100,14.926,43.28
59,101,16.493,47.83
59,102,0.69,2.0
59,103,12.32,39.43
59,104,18.552,53.8
59,105,13.562,43.4
59,106,13.588,35.33
59,107,3.242,8.43
59,108,10.576,30.67
59,109,18.691,48.6
59,110,11.16,32.36
59,111,11.002,31.9
59,112,11.444,29.75
59,113,18.21,58.27
59,114,18.7,48.62
59,115,11.868,30.86
59,116,7.313,23.4
59,117,16.547,47.99
59,118,1.61,4.19
59,119,10.597,30.73
59,120,11.054,28.74
59,121,11.664,33.83
59,122,17.339,55.49
59,123,13.264,42.45
59,124,16.563,53.0
59,125,14.298,37.17
59,126,13.747,43.99
59,127,15.654,50.09
59,128,10.606,33.94
59,129,3.435,8.93
59,130,3.196,9.27
59,131,17.672,45.95
59,132,3.666,10.63
59,133,1.809,5.79
59,134,21.978,63.74
59,135,13.319,38.62
59,136,1.994,6.38
59,137,3.207,10.26
59,138,8.07,25.83
59,139,12.782,33.23
59,140,16.312,42.41
59,141,0.794,2.3
59,142,3.07,9.82
59,143,19.053,49.54
59,144,15.508,44.97
59,145,11.382,33.01
59,146,18.178,47.26
59,147,16.718,48.48
59,148,2.272,7.27
59,149,13.188,38.24
59,150,16.694,43.4
59,151,19.74,51.32
59,152,14.079,45.05
59,153,11.088,32.16
59,154,9.937,31.8
59,155,15.737,50.36
59,156,15.454,49.45
59,157,10.863,28.24
59,158,8.086,21.02
59,159,8.883,28.43
59,160,8.447,21.96
59,161,14.257,41.34
59,162,14.961,43.39
59,163,12.714,40.69
59,164,11.427,36.57
59,165,18.873,60.39
59,166,8.78,22.83
59,167,9.907,31.7
59,168,13.007,37.72
59,169,13.191,42.21
59,170,19.905,63.7
59,171,0.637,1.85
59,172,2.907,9.3
59,173,15.964,51.08
59,174,1.856,5.38
59,175,22.982,59.75
59,176,13.78,44.1
59,177,9.186,29.39
59,178,16.327,42.45
59,179,12.931,33.62
59,180,1.247,3.24
59,181,11.307,32.79
59,182,1.174,3.05
59,183,15.404,49.29
59,184,11.693,33.91
59,185,0.607,1.76
59,186,2.501,8.0
59,187,17.747,51.47
59,188,3.474,11.12
59,189,1.67,4.84
59,190,10.171,29.49
59,191,12.676,36.76
59,192,11.1,32.19
59,193,10.105,29.31
59,194,2.327,6.05
59,195,14.471,37.63
59,196,14.738,42.74
59,197,3.888,12.44
59,198,11.761,37.64
59,199,1.846,5.35
59,200,3.901,10.14
60,0,9.176,26.61
60,1,20.867,54.25
60,2,5.243,15.21
60,3,19.858,51.63
60,4,16.051,41.73
60,5,4.133,11.99
60,6,15.442,49.41
60,7,13.907,40.33
60,8,3.914,10.18
60,9,14.612,46.76
60,10,9.51,27.58
60,11,13.958,44.67
60,12,21.144,61.32
60,13,14.175,36.86
60,14,2.735,7.93
60,15,11.916,38.13
60,16,20.848,54.2
60,17,15.783,41.04
60,18,1.302,3.77
60,19,17.599,45.76
60,20,16.313,42.41
60,21,16.098,51.51
60,22,18.67,48.54
60,23,11.437,33.17
60,24,3.175,10.16
60,25,13.385,42.83
60,26,15.54,45.07
60,27,16.0,46.4
60,28,13.819,44.22
60,29,16.377,52.41
60,30,2.747,7.97
60,31,3.957,11.48
60,32,12.328,35.75
60,33,10.916,28.38
60,34,15.114,39.3
60,35,19.398,50.43
60,36,1.934,5.03
60,37,18.843,60.3
60,38,17.534,56.11
60,39,3.638,10.55
60,40,9.947,31.83
60,41,0.539,1.56
60,42,1.772,5.14
60,43,14.538,46.52
60,44,17.213,55.08
60,45,12.166,35.28
60,46,0.255,0.82
60,47,1.638,4.26
60,48,1.118,3.58
60,49,9.606,27.86
60,50,13.988,36.37
60,51,17.678,45.96
60,52,15.409,49.31
60,53,11.871,34.43
60,54,13.934,44.59
60,55,1.442,4.18
60,56,20.733,53.91
60,57,1.493,4.78
60,58,18.303,47.59
60,59,17.778,56.89
60,61,25.35,65.91
60,62,17.048,54.56
60,63,17.73,46.1
60,64,3.087,8.03
60,65,11.309,32.8
60,66,15.919,46.17
60,67,14.788,47.32
60,68,13.005,37.72
60,69,1.017,2.65
60,70,2.296,6.66
60,71,12.013,31.23
60,72,2.995,8.69
60,73,17.128,54.81
60,74,13.039,41.73
60,75,0.508,1.63
60,76,8.039,23.31
60,77,17.357,50.34
60,78,10.238,26.62
60,79,1.978,5.14
60,80,15.788,45.78
60,81,18.489,53.62
60,82,3.258,8.47
60,83,12.659,32.91
60,84,15.841,50.69
60,85,12.396,35.95
60,86,4.207,12.2
60,87,15.885,41.3
60,88,14.485,42.01
60,89,4.395,11.43
60,90,17.809,51.65
60,91,2.016,5.85
60,92,13.861,40.2
60,93,12.469,39.9
60,94,4.899,12.74
60,95,7.272,23.27
60,96,4.936,14.32
60,97,2.408,6.26
60,98,3.612,9.39
60,99,9.425,27.33
60,100,12.722,36.89
60,101,4.013,11.64
60,102,17.333,50.26
60,103,12.616,40.37
60,104,1.556,4.51
60,105,12.767,40.85
60,106,10.789,28.05
60,107,15.709,40.84
60,108,13.62,39.5
60,109,0.962,2.5
60,110,12.958,37.58
60,111,14.602,42.35
60,112,10.291,26.76
60,113,0.436,1.4
60,114,1.319,3.43
60,115,12.89,33.51
60,116,13.806,44.18
60,117,1.603,4.65
60,118,18.321,47.63
60,119,14.66,42.51
60,120,16.304,42.39
60,121,10.951,31.76
60,122,0.913,2.92
60,123,4.972,15.91
60,124,2.425,7.76
60,125,16.19,42.09
60,126,4.265,13.65
60,127,2.387,7.64
60,128,11.597,37.11
60,129,19.78,51.43
60,130,20.525,59.52
60,131,0.944,2.46
60,132,21.442,62.18
60,133,19.423,62.15
60,134,4.352,12.62
60,135,4.478,12.99
60,136,19.759,63.23
60,137,20.078,64.25
60,138,13.47,43.11
60,139,18.888,49.11
60,140,4.429,11.51
60,141,18.261,52.96
60,142,19.768,63.26
60,143,1.959,5.09
60,144,5.025,14.57
60,145,14.271,41.39
60,146,2.377,6.18
60,147,1.478,4.29
60,148,20.015,64.05
60,149,11.033,32.0
60,150,1.146,2.98
60,151,2.016,5.24
60,152,12.243,39.18
60,153,12.41,35.99
60,154,15.397,49.27
60,155,4.678,14.97
60,156,2.337,7.48
60,157,15.748,40.95
60,158,12.933,33.62
60,159,17.349,55.52
60,160,14.529,37.78
60,161,15.681,45.47
60,162,15.849,45.96
60,163,12.995,41.58
60,164,11.821,37.83
60,165,2.14,6.85
60,166,12.23,31.8
60,167,13.317,42.61
60,168,15.052,43.65
60,169,6.011,19.23
60,170,5.846,18.71
60,171,17.261,50.06
60,172,18.543,59.34
60,173,18.056,57.78
60,174,15.922,46.17
60,175,5.286,13.74
60,176,14.321,45.83
60,177,14.662,46.92
60,178,1.815,4.72
60,179,17.739,46.12
60,180,17.893,46.52
60,181,10.588,30.71
60,182,17.052,44.34
60,183,2.426,7.76
60,184,11.267,32.67
60,185,17.23,49.97
60,186,20.218,64.7
60,187,14.074,40.81
60,188,16.302,52.17
60,189,19.441,56.38
60,190,14.954,43.37
60,191,15.821,45.88
60,192,10.629,30.82
60,193,11.559,33.52
60,194,18.764,48.79
60,195,3.561,9.26
60,196,15.965,46.3
60,197,21.487,68.76
60,198,9.309,29.79
60,199,17.759,51.5
60,200,21.469,55.82
61,0,16.177,37.21
61,1,4.639,9.28
61,2,20.106,46.24
61,3,6.338,12.68
61,4,9.382,18.76
61,5,25.873,59.51
61,6,15.05,39.13
61,7,15.622,35.93
61,8,29.258,58.52
61,9,20.309,52.8
61,10,21.834,50.22
61,11,17.678,45.96
61,12,5.062,11.64
61,13,15.643,31.29
61,14,22.618,52.02
61,15,19.134,49.75
61,16,8.137,16.27
61,17,15.423,30.85
61,18,24.462,56.26
61,19,7.758,15.52
61,20,16.156,32.31
61,21,15.462,40.2
61,22,7.353,14.71
61,23,16.283,37.45
61,24,23.873,62.07
61,25,16.959,44.09
61,26,13.505,31.06
61,27,16.558,38.08
61,28,17.963,46.7
61,29,13.727,35.69
61,30,22.764,52.36
61,31,23.247,53.47
61,32,17.072,39.27
61,33,19.87,39.74
61,34,19.927,39.85
61,35,7.473,14.95
61,36,23.424,46.85
61,37,6.665,17.33
61,38,7.87,20.46
61,39,25.671,59.04
61,40,24.653,64.1
61,41,24.976,57.44
61,42,23.811,54.76
61,43,21.327,55.45
61,44,8.487,22.07
61,45,17.658,40.61
61,46,25.277,65.72
61,47,23.72,47.44
61,48,26.099,67.86
61,49,19.651,45.2
61,50,15.1,30.2
61,51,16.704,33.41
61,52,14.515,37.74
61,53,16.052,36.92
61,54,19.307,50.2
61,55,24.963,57.41
61,56,5.311,10.62
61,57,24.425,63.5
61,58,7.154,14.31
61,59,7.58,19.71
61,60,25.35,65.91
61,62,8.342,21.69
61,63,7.768,15.54
61,64,28.258,56.52
61,65,22.122,50.88
61,66,18.186,41.83
61,67,10.906,28.36
61,68,14.468,33.28
61,69,24.643,49.29
61,70,24.436,56.2
61,71,18.749,37.5
61,72,22.843,52.54
61,73,8.759,22.77
61,74,16.271,42.3
61,75,25.679,66.76
61,76,19.096,43.92
61,77,17.773,40.88
61,78,19.843,39.69
61,79,25.263,50.53
61,80,12.235,28.14
61,81,18.751,43.13
61,82,22.242,44.48
61,83,16.793,33.59
61,84,20.215,52.56
61,85,15.403,35.43
61,86,23.54,54.14
61,87,18.522,37.04
61,88,14.72,33.86
61,89,21.468,42.94
61,90,7.592,17.46
61,91,23.377,53.77
61,92,20.308,46.71
61,93,15.151,39.39
61,94,22.482,44.96
61,95,21.931,57.02
61,96,23.35,53.7
61,97,22.974,45.95
61,98,28.855,57.71
61,99,18.85,43.35
61,100,20.78,47.79
61,101,23.872,54.91
61,102,8.022,18.45
61,103,18.657,48.51
61,104,26.131,60.1
61,105,19.826,51.55
61,106,19.967,39.93
61,107,9.997,19.99
61,108,16.714,38.44
61,109,26.267,52.53
61,110,17.064,39.25
61,111,16.776,38.59
61,112,18.12,36.24
61,113,25.781,67.03
61,114,26.28,52.56
61,115,17.742,35.48
61,116,13.843,35.99
61,117,24.092,55.41
61,118,7.177,14.35
61,119,15.912,36.6
61,120,15.64,31.28
61,121,18.138,41.72
61,122,24.892,64.72
61,123,20.756,53.96
61,124,24.131,62.74
61,125,19.553,39.11
61,126,21.324,55.44
61,127,23.234,60.41
61,128,17.014,44.24
61,129,6.307,12.61
61,130,5.073,11.67
61,131,25.252,50.5
61,132,3.914,9.0
61,133,5.95,15.47
61,134,29.522,67.9
61,135,20.882,48.03
61,136,5.591,14.54
61,137,5.748,14.95
61,138,14.578,37.9
61,139,16.206,32.41
61,140,23.656,47.31
61,141,7.099,16.33
61,142,6.082,15.81
61,143,26.631,53.26
61,144,22.817,52.48
61,145,16.801,38.64
61,146,25.665,51.33
61,147,24.263,55.8
61,148,5.336,13.87
61,149,19.876,45.72
61,150,24.27,48.54
61,151,27.302,54.6
61,152,20.065,52.17
61,153,17.182,39.52
61,154,15.464,40.21
61,155,23.074,59.99
61,156,23.03,59.88
61,157,15.703,31.41
61,158,14.785,29.57
61,159,13.007,33.82
61,160,14.073,28.15
61,161,19.68,45.26
61,162,19.837,45.63
61,163,18.933,49.23
61,164,18.029,46.87
61,165,26.386,68.6
61,166,15.585,31.17
61,167,16.207,42.14
61,168,18.599,42.78
61,169,20.54,53.4
61,170,27.157,70.61
61,171,8.089,18.6
61,172,7.433,19.33
61,173,20.108,52.28
61,174,9.432,21.69
61,175,30.532,61.06
61,176,19.613,50.99
61,177,15.073,39.19
61,178,23.87,47.74
61,179,17.512,35.02
61,180,7.541,15.08
61,181,18.22,41.91
61,182,8.331,16.66
61,183,22.965,59.71
61,184,18.076,41.57
61,185,8.119,18.67
61,186,5.235,13.61
61,187,23.361,53.73
61,188,9.931,25.82
61,189,5.935,13.65
61,190,15.86,36.48
61,191,17.471,40.18
61,192,18.024,41.46
61,193,16.598,38.17
61,194,6.928,13.86
61,195,22.004,44.01
61,196,19.559,44.99
61,197,4.254,11.06
61,198,18.643,48.47
61,199,7.813,17.97
61,200,4.038,8.08
62,0,7.876,22.84
62,1,4.191,10.9
62,2,11.814,34.26
62,3,3.37,8.76
62,4,1.956,5.09
62,5,17.569,50.95
62,6,8.817,28.21
62,7,8.718,25.28
62,8,20.948,54.47
62,9,13.79,44.13
62,10,14.825,42.99
62,11,10.956,35.06
62,12,4.381,12.7
62,13,8.862,23.04
62,14,14.325,41.54
62,15,12.77,40.86
62,16,7.357,19.13
62,17,9.382,24.39
62,18,16.132,46.78
62,19,0.686,1.78
62,20,11.631,30.24
62,21,9.577,30.65
62,22,2.432,6.32
62,23,9.347,27.11
62,24,15.773,50.48
62,25,11.049,35.36
62,26,8.378,24.3
62,27,11.87,34.42
62,28,12.293,39.34
62,29,9.185,29.39
62,30,14.516,42.1
62,31,14.926,43.28
62,32,9.727,28.21
62,33,12.334,32.07
62,34,13.582,35.31
62,35,3.799,9.88
62,36,15.133,39.35
62,37,1.856,5.94
62,38,1.526,4.88
62,39,17.351,50.32
62,40,16.932,54.18
62,41,16.692,48.41
62,42,15.482,44.9
62,43,14.739,47.16
62,44,1.31,4.19
62,45,10.319,29.93
62,46,16.967,54.29
62,47,15.413,40.07
62,48,17.836,57.07
62,49,11.811,34.25
62,50,9.267,24.1
62,51,11.536,29.99
62,52,9.438,30.2
62,53,8.388,24.32
62,54,13.685,43.79
62,55,16.625,48.21
62,56,3.944,10.25
62,57,16.187,51.8
62,58,1.292,3.36
62,59,1.225,3.92
62,60,17.048,54.56
62,61,8.342,21.69
62,63,0.874,2.27
62,64,19.927,51.81
62,65,15.589,45.21
62,66,13.402,38.87
62,67,2.769,8.86
62,68,7.883,22.86
62,69,16.377,42.58
62,70,16.267,47.17
62,71,11.445,29.76
62,72,14.647,42.48
62,73,1.802,5.77
62,74,10.119,32.38
62,75,17.394,55.66
62,76,10.916,31.65
62,77,13.653,39.59
62,78,12.961,33.7
62,79,16.921,44.0
62,80,7.014,20.34
62,81,13.737,39.84
62,82,13.911,36.17
62,83,10.532,27.38
62,84,15.26,48.83
62,85,8.737,25.34
62,86,15.234,44.18
62,87,12.507,32.52
62,88,7.963,23.09
62,89,13.32,34.63
62,90,1.611,4.67
62,91,15.061,43.68
62,92,13.563,39.33
62,93,8.454,27.05
62,94,14.188,36.89
62,95,13.833,44.27
62,96,15.078,43.73
62,97,14.659,38.11
62,98,20.527,53.37
62,99,10.901,31.61
62,100,13.711,39.76
62,101,15.561,45.13
62,102,0.538,1.56
62,103,12.53,40.1
62,104,17.898,51.9
62,105,13.776,44.08
62,106,12.406,32.26
62,107,2.027,5.27
62,108,10.891,31.58
62,109,17.977,46.74
62,110,9.94,28.83
62,111,11.419,33.12
62,112,10.292,26.76
62,113,17.477,55.93
62,114,18.022,46.86
62,115,10.649,27.69
62,116,7.589,24.29
62,117,15.76,45.7
62,118,1.362,3.54
62,119,9.374,27.19
62,120,9.859,25.63
62,121,10.486,30.41
62,122,16.566,53.01
62,123,12.413,39.72
62,124,15.964,51.08
62,125,14.787,38.45
62,126,13.119,41.98
62,127,14.996,47.99
62,128,9.417,30.13
62,129,3.216,8.36
62,130,3.518,10.2
62,131,16.997,44.19
62,132,4.494,13.03
62,133,2.392,7.66
62,134,21.187,61.44
62,135,12.572,36.46
62,136,2.831,9.06
62,137,3.238,10.36
62,138,8.325,26.64
62,139,11.659,30.31
62,140,15.362,39.94
62,141,1.271,3.69
62,142,2.994,9.58
62,143,18.405,47.85
62,144,14.539,42.16
62,145,10.157,29.46
62,146,17.324,45.04
62,147,15.931,46.2
62,148,3.037,9.72
62,149,13.247,38.42
62,150,15.988,41.57
62,151,18.984,49.36
62,152,12.869,41.18
62,153,9.877,28.64
62,154,10.452,33.45
62,155,14.782,47.3
62,156,14.744,47.18
62,157,9.656,25.11
62,158,8.256,21.46
62,159,7.75,24.8
62,160,7.223,18.78
62,161,14.706,42.65
62,162,13.741,39.85
62,163,12.958,41.46
62,164,11.552,36.97
62,165,18.045,57.74
62,166,8.877,23.08
62,167,10.183,32.59
62,168,13.434,38.96
62,169,12.239,39.16
62,170,18.917,60.54
62,171,0.641,1.86
62,172,2.296,7.35
62,173,14.771,47.27
62,174,1.447,4.2
62,175,22.201,57.72
62,176,14.126,45.2
62,177,9.621,30.79
62,178,15.537,40.4
62,179,13.592,35.34
62,180,0.875,2.27
62,181,11.293,32.75
62,182,0.06,0.16
62,183,14.649,46.88
62,184,10.506,30.47
62,185,0.736,2.14
62,186,3.545,11.34
62,187,16.527,47.93
62,188,4.086,13.07
62,189,2.668,7.74
62,190,10.634,30.84
62,191,11.464,33.24
62,192,11.084,32.14
62,193,8.923,25.88
62,194,2.013,5.23
62,195,13.667,35.54
62,196,13.52,39.21
62,197,4.964,15.88
62,198,10.648,34.07
62,199,1.088,3.16
62,200,4.423,11.5
63,0,8.578,19.73
63,1,3.929,7.86
63,2,12.51,28.77
63,3,2.498,5.0
63,4,2.804,5.61
63,5,18.105,41.64
63,6,8.647,22.48
63,7,8.701,20.01
63,8,21.619,43.24
63,9,13.741,35.73
63,10,15.694,36.1
63,11,10.924,28.4
63,12,3.551,8.17
63,13,8.817,17.63
63,14,15.018,34.54
63,15,13.641,35.47
63,16,7.681,15.36
63,17,9.184,18.37
63,18,16.783,38.6
63,19,0.98,1.96
63,20,12.418,24.84
63,21,9.352,24.32
63,22,1.585,3.17
63,23,10.221,23.51
63,24,16.54,43.0
63,25,11.905,30.95
63,26,9.174,21.1
63,27,12.669,29.14
63,28,13.144,34.18
63,29,9.949,25.87
63,30,15.234,35.04
63,31,15.483,35.61
63,32,9.842,22.64
63,33,12.525,25.05
63,34,13.497,26.99
63,35,2.974,5.95
63,36,15.825,31.65
63,37,1.117,2.9
63,38,2.038,5.3
63,39,17.906,41.18
63,40,17.198,44.71
63,41,17.387,39.99
63,42,16.136,37.11
63,43,14.711,38.25
63,44,0.933,2.42
63,45,10.438,24.01
63,46,17.641,45.87
63,47,16.092,32.18
63,48,18.541,48.21
63,49,12.101,27.83
63,50,10.113,20.23
63,51,11.22,22.44
63,52,10.242,26.63
63,53,8.592,19.76
63,54,14.538,37.8
63,55,17.261,39.7
63,56,3.116,6.23
63,57,16.906,43.96
63,58,0.625,1.25
63,59,1.563,4.06
63,60,17.73,46.1
63,61,7.768,15.54
63,62,0.874,2.27
63,64,20.574,41.15
63,65,16.463,37.86
63,66,14.216,32.7
63,67,3.149,8.19
63,68,8.751,20.13
63,69,17.083,34.17
63,70,17.013,39.13
63,71,11.563,23.13
63,72,15.387,35.39
63,73,1.422,3.7
63,74,10.981,28.55
63,75,18.087,47.03
63,76,11.357,26.12
63,77,14.43,33.19
63,78,13.834,27.67
63,79,17.536,35.07
63,80,7.795,17.93
63,81,13.426,30.88
63,82,14.563,29.13
63,83,11.398,22.8
63,84,16.09,41.84
63,85,9.609,22.1
63,86,15.773,36.28
63,87,12.348,24.7
63,88,7.896,18.16
63,89,14.078,28.16
63,90,2.008,4.62
63,91,15.733,36.19
63,92,13.561,31.19
63,93,9.326,24.25
63,94,14.715,29.43
63,95,14.236,37.01
63,96,15.585,35.85
63,97,15.332,30.66
63,98,21.179,42.36
63,99,11.23,25.83
63,100,13.784,31.7
63,101,16.105,37.04
63,102,1.092,2.51
63,103,13.396,34.83
63,104,18.618,42.82
63,105,14.643,38.07
63,106,12.605,25.21
63,107,2.267,4.53
63,108,11.743,27.01
63,109,18.666,37.33
63,110,9.996,22.99
63,111,12.253,28.18
63,112,10.57,21.14
63,113,18.156,47.21
63,114,18.73,37.46
63,115,10.704,21.41
63,116,8.444,21.95
63,117,16.411,37.74
63,118,0.595,1.19
63,119,9.28,21.34
63,120,9.62,19.24
63,121,10.703,24.62
63,122,17.222,44.78
63,123,13.028,33.87
63,124,16.71,43.45
63,125,15.606,31.21
63,126,13.858,36.03
63,127,15.717,40.87
63,128,9.608,24.98
63,129,2.346,4.69
63,130,2.795,6.43
63,131,17.707,35.41
63,132,4.033,9.28
63,133,1.908,4.96
63,134,21.828,50.2
63,135,13.252,30.48
63,136,2.477,6.44
63,137,2.416,6.28
63,138,9.183,23.88
63,139,11.254,22.51
63,140,15.889,31.78
63,141,1.093,2.51
63,142,2.151,5.59
63,143,19.127,38.25
63,144,15.051,34.62
63,145,10.098,23.23
63,146,17.926,35.85
63,147,16.581,38.14
63,148,2.608,6.78
63,149,14.121,32.48
63,150,16.684,33.37
63,151,19.647,39.29
63,152,12.969,33.72
63,153,9.982,22.96
63,154,11.26,29.28
63,155,15.307,39.8
63,156,15.44,40.15
63,157,9.464,18.93
63,158,9.123,18.25
63,159,7.369,19.16
63,160,7.164,14.33
63,161,15.535,35.73
63,162,13.609,31.3
63,163,13.821,35.93
63,164,12.424,32.3
63,165,18.664,48.53
63,166,9.749,19.5
63,167,11.041,28.71
63,168,14.267,32.81
63,169,12.773,33.21
63,170,19.402,50.45
63,171,1.258,2.89
63,172,1.455,3.78
63,173,14.519,37.75
63,174,2.321,5.34
63,175,22.847,45.69
63,176,14.976,38.94
63,177,10.449,27.17
63,178,16.186,32.37
63,179,14.355,28.71
63,180,0.365,0.73
63,181,12.167,27.98
63,182,0.911,1.82
63,183,15.32,39.83
63,184,10.696,24.6
63,185,1.372,3.15
63,186,3.33,8.66
63,187,16.562,38.09
63,188,4.842,12.59
63,189,2.474,5.69
63,190,11.456,26.35
63,191,11.291,25.97
63,192,11.957,27.5
63,193,9.136,21.01
63,194,1.148,2.3
63,195,14.311,28.62
63,196,13.375,30.76
63,197,4.733,12.31
63,198,10.996,28.59
63,199,0.284,0.65
63,200,3.766,7.53
64,0,12.094,27.82
64,1,23.826,47.65
64,2,8.209,18.88
64,3,22.612,45.22
64,4,19.023,38.05
64,5,4.062,9.34
64,6,17.438,45.34
64,7,15.934,36.65
64,8,1.348,2.7
64,9,15.749,40.95
64,10,12.114,27.86
64,11,15.612,40.59
64,12,23.921,55.02
64,13,16.174,32.35
64,14,5.751,13.23
64,15,14.763,38.38
64,16,23.929,47.86
64,17,17.699,35.4
64,18,3.796,8.73
64,19,20.501,41.0
64,20,19.276,38.55
64,21,17.991,46.78
64,22,21.427,42.85
64,23,14.5,33.35
64,24,5.914,15.38
64,25,16.357,42.53
64,26,18.612,42.81
64,27,18.946,43.58
64,28,16.713,43.45
64,29,19.433,50.52
64,30,5.833,13.42
64,31,5.623,12.93
64,32,14.243,32.76
64,33,12.355,24.71
64,34,16.311,32.62
64,35,22.067,44.13
64,36,4.978,9.96
64,37,21.69,56.39
64,38,20.49,53.27
64,39,3.804,8.75
64,40,10.139,26.36
64,41,3.583,8.24
64,42,4.448,10.23
64,43,15.482,40.25
64,44,20.006,52.02
64,45,13.977,32.15
64,46,3.08,8.01
64,47,4.613,9.23
64,48,2.893,7.52
64,49,11.265,25.91
64,50,17.037,34.07
64,51,19.333,38.67
64,52,18.454,47.98
64,53,14.063,32.34
64,54,16.717,43.47
64,55,3.325,7.65
64,56,23.52,47.04
64,57,4.446,11.56
64,58,21.161,42.32
64,59,20.71,53.85
64,60,3.087,8.03
64,61,28.258,56.52
64,62,19.927,51.81
64,63,20.574,41.15
64,65,13.819,31.78
64,66,18.766,43.16
64,67,17.557,45.65
64,68,16.088,37.0
64,69,4.035,8.07
64,70,5.009,11.52
64,71,13.606,27.21
64,72,6.056,13.93
64,73,19.884,51.7
64,74,16.059,41.75
64,75,2.958,7.69
64,76,10.182,23.42
64,77,20.221,46.51
64,78,13.076,26.15
64,79,3.175,6.35
64,80,18.874,43.41
64,81,19.842,45.64
64,82,6.017,12.03
64,83,15.661,31.32
64,84,18.527,48.17
64,85,15.467,35.58
64,86,5.6,12.88
64,87,17.306,34.61
64,88,16.612,38.21
64,89,7.475,14.95
64,90,20.762,47.75
64,91,4.913,11.3
64,92,15.02,34.55
64,93,15.546,40.42
64,94,6.615,13.23
64,95,8.599,22.36
64,96,6.193,14.24
64,97,5.316,10.63
64,98,0.625,1.25
64,99,11.337,26.07
64,100,13.827,31.8
64,101,5.28,12.14
64,102,20.237,46.55
64,103,15.485,40.26
64,104,3.259,7.49
64,105,15.524,40.36
64,106,12.217,24.43
64,107,18.485,36.97
64,108,16.6,38.18
64,109,2.409,4.82
64,110,14.808,34.06
64,111,17.558,40.38
64,112,12.247,24.49
64,113,2.662,6.92
64,114,2.841,5.68
64,115,14.613,29.23
64,116,16.89,43.91
64,117,4.167,9.58
64,118,21.168,42.34
64,119,16.573,38.12
64,120,18.16,36.32
64,121,12.803,29.45
64,122,3.372,8.77
64,123,7.579,19.71
64,124,5.235,13.61
64,125,18.932,37.86
64,126,7.349,19.11
64,127,5.468,14.22
64,128,13.617,35.41
64,129,22.546,45.09
64,130,23.366,53.74
64,131,3.624,7.25
64,132,24.363,56.04
64,133,22.314,58.02
64,134,1.278,2.94
64,135,7.401,17.02
64,136,22.678,58.96
64,137,22.881,59.49
64,138,16.545,43.02
64,139,20.588,41.18
64,140,5.678,11.36
64,141,21.16,48.67
64,142,22.565,58.67
64,143,3.087,6.17
64,144,6.527,15.01
64,145,16.06,36.94
64,146,2.97,5.94
64,147,3.996,9.19
64,148,22.924,59.6
64,149,13.835,31.82
64,150,4.233,8.47
64,151,1.1,2.2
64,152,13.529,35.18
64,153,14.293,32.87
64,154,18.406,47.86
64,155,6.163,16.02
64,156,5.385,14.0
64,157,17.623,35.25
64,158,16.01,32.02
64,159,19.513,50.73
64,160,16.759,33.52
64,161,18.414,42.35
64,162,17.049,39.21
64,163,15.83,41.16
64,164,14.766,38.39
64,165,2.087,5.43
64,166,15.299,30.6
64,167,16.333,42.46
64,168,17.877,41.12
64,169,8.238,21.42
64,170,4.929,12.82
64,171,20.174,46.4
64,172,21.304,55.39
64,173,19.204,49.93
64,174,18.856,43.37
64,175,2.274,4.55
64,176,17.071,44.39
64,177,17.7,46.02
64,178,4.39,8.78
64,179,20.617,41.23
64,180,20.756,41.51
64,181,13.566,31.2
64,182,19.934,39.87
64,183,5.318,13.83
64,184,13.091,30.11
64,185,20.149,46.34
64,186,23.172,60.25
64,187,14.603,33.59
64,188,19.356,50.32
64,189,22.378,51.47
64,190,17.952,41.29
64,191,17.415,40.05
64,192,13.62,31.33
64,193,13.677,31.46
64,194,21.574,43.15
64,195,6.263,12.53
64,196,17.211,39.58
64,197,24.465,63.61
64,198,11.302,29.38
64,199,20.584,47.34
64,200,24.332,48.66
65,0,10.689,27.79
65,1,17.632,40.55
65,2,9.823,25.54
65,3,18.954,43.59
65,4,13.722,31.56
65,5,15.116,39.3
65,6,19.753,57.28
65,7,18.46,48.0
65,8,13.809,31.76
65,9,21.796,63.21
65,10,1.867,4.85
65,11,19.81,57.45
65,12,19.82,51.53
65,13,18.772,43.17
65,14,10.125,26.33
65,15,2.99,8.67
65,16,14.884,34.23
65,17,20.331,46.76
65,18,11.747,30.54
65,19,15.752,36.23
65,20,7.236,16.64
65,21,20.672,59.95
65,22,17.983,41.36
65,23,6.246,16.24
65,24,8.136,23.6
65,25,5.241,15.2
65,26,8.753,22.76
65,27,6.781,17.63
65,28,4.55,13.2
65,29,8.884,25.76
65,30,9.448,24.56
65,31,13.451,34.97
65,32,17.721,46.08
65,33,18.107,41.65
65,34,22.064,50.75
65,35,19.263,44.3
65,36,10.334,23.77
65,37,17.293,50.15
65,38,15.031,43.59
65,39,14.613,37.99
65,40,19.664,57.02
65,41,10.79,28.05
65,42,11.427,29.71
65,43,22.202,64.39
65,44,16.546,47.98
65,45,17.955,46.68
65,46,11.488,33.31
65,47,10.756,24.74
65,48,10.987,31.86
65,49,16.617,43.2
65,50,7.043,16.2
65,51,22.832,52.51
65,52,7.892,22.89
65,53,16.359,42.53
65,54,3.665,10.63
65,55,12.346,32.1
65,56,19.393,44.6
65,57,9.844,28.55
65,58,16.762,38.55
65,59,15.523,45.02
65,60,11.309,32.8
65,61,22.122,50.88
65,62,15.589,45.21
65,63,16.463,37.86
65,64,13.819,31.78
65,66,5.804,15.09
65,67,15.002,43.5
65,68,7.813,20.31
65,69,10.332,23.76
65,70,9.018,23.45
65,71,18.509,42.57
65,72,8.821,22.93
65,73,16.799,48.72
65,74,5.851,16.97
65,75,11.14,32.31
65,76,14.263,37.08
65,77,7.219,18.77
65,78,2.763,6.35
65,79,12.995,29.89
65,80,9.912,25.77
65,81,24.499,63.7
65,82,11.043,25.4
65,83,5.331,12.26
65,84,4.882,14.16
65,85,6.901,17.94
65,86,13.94,36.24
65,87,22.082,50.79
65,88,18.483,48.05
65,89,8.118,18.67
65,90,15.268,39.7
65,91,10.857,28.23
65,92,21.12,54.91
65,93,7.179,20.82
65,94,13.79,31.72
65,95,15.826,45.9
65,96,14.514,37.74
65,97,10.707,24.63
65,98,14.069,32.36
65,99,15.782,41.03
65,100,20.321,52.83
65,101,13.99,36.38
65,102,15.513,40.33
65,103,3.538,10.26
65,104,10.568,27.48
65,105,2.592,7.52
65,106,18.042,41.5
65,107,15.589,35.85
65,108,5.513,14.33
65,109,11.541,26.54
65,110,18.403,47.85
65,111,5.82,15.13
65,112,16.191,37.24
65,113,11.583,33.59
65,114,11.0,25.3
65,115,18.771,43.17
65,116,8.329,24.15
65,117,11.636,30.25
65,118,16.886,38.84
65,119,19.465,50.61
65,120,20.978,48.25
65,121,16.967,44.11
65,122,11.788,34.19
65,123,11.609,33.67
65,124,8.889,25.78
65,125,5.438,12.51
65,126,8.692,25.21
65,127,9.434,27.36
65,128,16.837,48.83
65,129,18.792,43.22
65,130,18.706,48.63
65,131,10.442,24.02
65,132,18.595,48.35
65,133,17.289,50.14
65,134,14.802,38.49
65,135,10.196,26.51
65,136,17.245,50.01
65,137,18.699,54.23
65,138,7.574,21.96
65,139,23.693,54.49
65,140,14.239,32.75
65,141,16.293,42.36
65,142,18.514,53.69
65,143,10.749,24.72
65,144,14.205,36.93
65,145,19.606,50.98
65,146,13.51,31.07
65,147,11.71,30.45
65,148,17.558,50.92
65,149,2.342,6.09
65,150,10.477,24.1
65,151,12.798,29.44
65,152,19.501,56.55
65,153,17.89,46.51
65,154,7.167,20.79
65,155,14.053,40.75
65,156,10.111,29.32
65,157,20.458,47.05
65,158,7.459,17.15
65,159,20.534,59.55
65,160,18.059,41.54
65,161,4.92,12.79
65,162,22.675,58.96
65,163,3.417,9.91
65,164,4.121,11.95
65,165,13.448,39.0
65,166,6.744,15.51
65,167,5.928,17.19
65,168,4.901,12.74
65,169,13.101,37.99
65,170,16.975,49.23
65,171,15.361,39.94
65,172,17.841,51.74
65,173,24.714,71.67
65,174,14.144,36.77
65,175,15.349,35.3
65,176,3.775,10.95
65,177,7.198,20.87
65,178,11.604,26.69
65,179,7.67,17.64
65,180,16.388,37.69
65,181,4.347,11.3
65,182,15.553,35.77
65,183,10.757,31.2
65,184,17.271,44.91
65,185,15.267,39.69
65,186,17.16,49.77
65,187,22.674,58.95
65,188,12.335,35.77
65,189,16.755,43.56
65,190,6.671,17.35
65,191,21.492,55.88
65,192,4.554,11.84
65,193,16.443,42.75
65,194,17.589,40.45
65,195,11.204,25.77
65,196,22.649,58.89
65,197,17.88,51.85
65,198,15.46,44.83
65,199,16.661,43.32
65,200,19.269,44.32
66,0,11.728,30.49
66,1,14.127,32.49
66,2,12.772,33.21
66,3,16.516,37.99
66,4,11.455,26.35
66,5,19.199,49.92
66,6,19.912,57.74
66,7,18.925,49.2
66,8,18.991,43.68
66,9,23.189,67.25
66,10,6.934,18.03
66,11,20.739,60.14
66,12,17.053,44.34
66,13,19.212,44.19
66,14,14.036,36.49
66,15,4.006,11.62
66,16,10.256,23.59
66,17,20.535,47.23
66,18,16.006,41.61
66,19,13.314,30.62
66,20,2.031,4.67
66,21,20.848,60.46
66,22,15.8,36.34
66,23,5.964,15.51
66,24,12.854,37.28
66,25,3.166,9.18
66,26,5.069,13.18
66,27,1.638,4.26
66,28,2.187,6.34
66,29,4.518,13.1
66,30,13.527,35.17
66,31,17.03,44.28
66,32,18.718,48.67
66,33,19.922,45.82
66,34,23.309,53.61
66,35,17.189,39.54
66,36,14.498,33.35
66,37,14.75,42.77
66,38,12.36,35.84
66,39,18.728,48.69
66,40,22.616,65.59
66,41,15.381,39.99
66,42,15.532,40.38
66,43,23.812,69.05
66,44,14.615,42.38
66,45,19.108,49.68
66,46,16.044,46.53
66,47,14.948,34.38
66,48,15.873,46.03
66,49,18.567,48.27
66,50,4.329,9.96
66,51,23.072,53.06
66,52,3.986,11.56
66,53,17.154,44.6
66,54,2.173,6.3
66,55,16.654,43.3
66,56,16.669,38.34
66,57,14.432,41.85
66,58,14.31,32.91
66,59,12.897,37.4
66,60,15.919,46.17
66,61,18.186,41.83
66,62,13.402,38.87
66,63,14.216,32.7
66,64,18.766,43.16
66,65,5.804,15.09
66,67,13.881,40.25
66,68,6.119,15.91
66,69,14.902,34.27
66,70,13.763,35.78
66,71,19.928,45.83
66,72,13.037,33.9
66,73,15.006,43.52
66,74,4.08,11.83
66,75,15.878,46.05
66,76,16.319,42.43
66,77,1.471,3.83
66,78,5.692,13.09
66,79,17.277,39.74
66,80,6.47,16.82
66,81,25.037,65.1
66,82,14.669,33.74
66,83,4.061,9.34
66,84,2.029,5.88
66,85,5.699,14.82
66,86,17.532,45.58
66,87,22.933,52.75
66,88,18.665,48.53
66,89,11.886,27.34
66,90,12.527,32.57
66,91,14.914,38.78
66,92,22.618,58.81
66,93,5.91,17.14
66,94,17.067,39.25
66,95,18.611,53.97
66,96,17.951,46.67
66,97,14.65,33.7
66,98,19.115,43.96
66,99,17.577,45.7
66,100,22.076,57.4
66,101,17.677,45.96
66,102,13.137,34.16
66,103,3.308,9.59
66,104,15.539,40.4
66,105,3.377,9.79
66,106,19.895,45.76
66,107,14.151,32.55
66,108,3.112,8.09
66,109,16.374,37.66
66,110,19.32,50.23
66,111,2.157,5.61
66,112,17.696,40.7
66,113,16.27,47.18
66,114,15.934,36.65
66,115,19.851,45.66
66,116,6.034,17.5
66,117,15.796,41.07
66,118,14.472,33.29
66,119,19.912,51.77
66,120,21.167,48.69
66,121,18.388,47.81
66,122,16.173,46.9
66,123,14.6,42.34
66,124,13.555,39.31
66,125,1.408,3.24
66,126,12.314,35.71
66,127,13.688,39.69
66,128,17.908,51.93
66,129,16.331,37.56
66,130,15.815,41.12
66,131,15.181,34.92
66,132,15.176,39.46
66,133,14.428,41.84
66,134,19.877,51.68
66,135,13.425,34.91
66,136,14.182,41.13
66,137,16.044,46.53
66,138,5.442,15.78
66,139,23.671,54.44
66,140,17.817,40.98
66,141,13.685,35.58
66,142,15.949,46.25
66,143,15.824,36.39
66,144,17.524,45.56
66,145,20.301,52.78
66,146,17.819,40.98
66,147,15.912,41.37
66,148,14.482,42.0
66,149,4.94,12.85
66,150,14.9,34.27
66,151,17.684,40.67
66,152,21.173,61.4
66,153,18.902,49.14
66,154,2.96,8.58
66,155,17.479,50.69
66,156,14.175,41.11
66,157,20.729,47.68
66,158,5.795,13.33
66,159,20.018,58.05
66,160,18.073,41.57
66,161,1.502,3.9
66,162,23.8,61.88
66,163,2.936,8.51
66,164,4.288,12.44
66,165,17.971,52.12
66,166,5.698,13.1
66,167,3.848,11.16
66,168,0.924,2.4
66,169,15.815,45.86
66,170,21.079,61.13
66,171,12.971,33.72
66,172,15.672,45.45
66,173,25.58,74.18
66,174,12.098,31.45
66,175,20.553,47.27
66,176,2.044,5.93
66,177,3.814,11.06
66,178,15.698,36.1
66,179,1.901,4.37
66,180,14.022,32.25
66,181,5.595,14.55
66,182,13.351,30.71
66,183,14.689,42.6
66,184,18.637,48.46
66,185,12.859,33.43
66,186,13.813,40.06
66,187,24.759,64.37
66,188,9.423,27.33
66,189,13.672,35.55
66,190,2.785,7.24
66,191,22.134,57.55
66,192,5.639,14.66
66,193,17.414,45.28
66,194,15.203,34.97
66,195,14.718,33.85
66,196,23.701,61.62
66,197,14.145,41.02
66,198,17.223,49.95
66,199,14.472,37.63
66,200,16.109,37.05
67,0,5.781,16.76
67,1,6.953,18.08
67,2,9.633,27.94
67,3,5.07,13.18
67,4,3.361,8.74
67,5,14.975,43.43
67,6,6.63,21.22
67,7,6.234,18.08
67,8,18.643,48.47
67,9,11.289,36.13
67,10,13.944,40.44
67,11,8.457,27.06
67,12,6.365,18.46
67,13,6.423,16.7
67,14,12.111,35.12
67,15,12.432,39.78
67,16,9.723,25.28
67,17,7.24,18.83
67,18,13.783,39.97
67,19,3.453,8.98
67,20,12.357,32.13
67,21,7.492,23.97
67,22,3.882,10.09
67,23,8.872,25.73
67,24,13.865,44.37
67,25,11.114,35.57
67,26,9.174,26.6
67,27,12.503,36.26
67,28,12.399,39.68
67,29,10.153,32.49
67,30,12.396,35.95
67,31,12.369,35.87
67,32,7.054,20.46
67,33,9.593,24.94
67,34,11.143,28.97
67,35,4.734,12.31
67,36,12.913,33.57
67,37,4.241,13.57
67,38,4.042,12.93
67,39,14.787,42.88
67,40,14.164,45.32
67,41,14.475,41.98
67,42,13.144,38.12
67,43,12.201,39.04
67,44,2.458,7.86
67,45,7.638,22.15
67,46,14.682,46.98
67,47,13.151,34.19
67,48,15.651,50.08
67,49,9.042,26.22
67,50,9.559,24.85
67,51,9.623,25.02
67,52,10.12,32.39
67,53,5.651,16.39
67,54,13.725,43.92
67,55,14.234,41.28
67,56,5.963,15.5
67,57,14.064,45.0
67,58,3.773,9.81
67,59,3.929,12.57
67,60,14.788,47.32
67,61,10.906,28.36
67,62,2.769,8.86
67,63,3.149,8.19
67,64,17.557,45.65
67,65,15.002,43.5
67,66,13.881,40.25
67,68,7.859,22.79
67,69,14.202,36.92
67,70,14.255,41.34
67,71,8.758,22.77
67,72,12.616,36.59
67,73,2.342,7.49
67,74,10.123,32.39
67,75,15.169,48.54
67,76,8.209,23.8
67,77,14.408,41.78
67,78,12.258,31.87
67,79,14.479,37.65
67,80,7.985,23.16
67,81,11.767,34.13
67,82,11.573,30.09
67,83,10.427,27.11
67,84,15.552,49.77
67,85,8.539,24.76
67,86,12.647,36.68
67,87,10.213,26.55
67,88,5.59,16.21
67,89,11.389,29.61
67,90,4.225,12.25
67,91,12.776,37.05
67,92,10.999,31.9
67,93,8.268,26.46
67,94,11.582,30.11
67,95,11.097,35.51
67,96,12.444,36.09
67,97,12.38,32.19
67,98,18.169,47.24
67,99,8.135,23.59
67,100,11.057,32.06
67,101,12.981,37.65
67,102,3.26,9.45
67,103,12.355,39.54
67,104,15.767,45.72
67,105,13.571,43.43
67,106,9.661,25.12
67,107,0.929,2.42
67,108,11.021,31.96
67,109,15.736,40.91
67,110,7.331,21.26
67,111,11.761,34.11
67,112,7.524,19.56
67,113,15.206,48.66
67,114,15.846,41.2
67,115,8.034,20.89
67,116,7.847,25.11
67,117,13.41,38.89
67,118,3.733,9.71
67,119,7.012,20.34
67,120,7.799,20.28
67,121,7.736,22.43
67,122,14.231,45.54
67,123,9.983,31.95
67,124,13.957,44.66
67,125,15.192,39.5
67,126,11.099,35.52
67,127,12.888,41.24
67,128,6.684,21.39
67,129,4.994,12.99
67,130,5.872,17.03
67,131,14.835,38.57
67,132,7.171,20.8
67,133,5.04,16.13
67,134,18.799,54.52
67,135,10.329,29.95
67,136,5.556,17.78
67,137,5.332,17.06
67,138,8.472,27.11
67,139,9.995,25.99
67,140,12.756,33.17
67,141,4.013,11.64
67,142,5.012,16.04
67,143,16.281,42.33
67,144,11.912,34.54
67,145,7.716,22.38
67,146,14.851,38.61
67,147,13.579,39.38
67,148,5.727,18.33
67,149,12.707,36.85
67,150,13.779,35.83
67,151,16.662,43.32
67,152,10.193,32.62
67,153,7.212,20.92
67,154,11.057,35.38
67,155,12.173,38.95
67,156,12.542,40.13
67,157,7.492,19.48
67,158,8.22,21.37
67,159,6.187,19.8
67,160,4.862,12.64
67,161,15.017,43.55
67,162,11.381,33.0
67,163,12.845,41.1
67,164,11.222,35.91
67,165,15.61,49.95
67,166,8.631,22.44
67,167,10.261,32.83
67,168,13.726,39.81
67,169,9.646,30.87
67,170,16.255,52.01
67,171,3.291,9.54
67,172,3.755,12.02
67,173,12.643,40.46
67,174,2.646,7.67
67,175,19.825,51.55
67,176,14.214,45.48
67,177,10.087,32.28
67,178,13.183,34.27
67,179,14.433,37.53
67,180,3.417,8.88
67,181,10.661,30.92
67,182,2.805,7.29
67,183,12.363,39.56
67,184,7.769,22.53
67,185,3.335,9.67
67,186,6.311,20.2
67,187,13.903,40.32
67,188,5.501,17.6
67,189,5.433,15.76
67,190,11.114,32.23
67,191,9.215,26.72
67,192,10.457,30.32
67,193,6.179,17.92
67,194,4.037,10.5
67,195,11.305,29.39
67,196,11.185,32.44
67,197,7.731,24.74
67,198,7.886,25.23
67,199,3.095,8.97
67,200,6.882,17.89
68,0,6.117,15.9
68,1,9.895,22.76
68,2,8.463,22.0
68,3,11.215,25.79
68,4,5.963,13.72
68,5,15.311,39.81
68,6,13.797,40.01
68,7,12.844,33.39
68,8,16.72,38.46
68,9,17.276,50.1
68,10,7.366,19.15
68,11,14.728,42.71
68,12,12.025,31.27
68,13,13.125,30.19
68,14,10.503,27.31
68,15,4.908,14.23
68,16,8.098,18.63
68,17,14.422,33.17
68,18,12.618,32.81
68,19,7.983,18.36
68,20,4.938,11.36
68,21,14.732,42.72
68,22,10.31,23.71
68,23,1.87,4.86
68,24,10.565,30.64
68,25,3.26,9.45
68,26,2.646,6.88
68,27,4.945,12.86
68,28,4.543,13.17
68,29,3.655,10.6
68,30,10.274,26.71
68,31,12.784,33.24
68,32,12.754,33.16
68,33,14.238,32.75
68,34,17.35,39.9
68,35,11.645,26.78
68,36,11.191,25.74
68,37,9.518,27.6
68,38,7.223,20.95
68,39,14.911,38.77
68,40,17.516,50.8
68,41,12.506,32.52
68,42,12.014,31.24
68,43,17.963,52.09
68,44,8.951,25.96
68,45,13.184,34.28
68,46,13.04,37.82
68,47,11.61,26.7
68,48,13.378,38.8
68,49,12.996,33.79
68,50,1.845,4.24
68,51,16.955,39.0
68,52,2.968,8.61
68,53,11.163,29.03
68,54,5.891,17.08
68,55,13.255,34.46
68,56,11.602,26.68
68,57,11.687,33.89
68,58,9.0,20.7
68,59,7.722,22.39
68,60,13.005,37.72
68,61,14.468,33.28
68,62,7.883,22.86
68,63,8.751,20.13
68,64,16.088,37.0
68,65,7.813,20.31
68,66,6.119,15.91
68,67,7.859,22.79
68,69,12.062,27.74
68,70,11.347,29.5
68,71,14.078,32.38
68,72,10.042,26.11
68,73,9.272,26.89
68,74,2.279,6.61
68,75,13.154,38.15
68,76,10.919,28.39
68,77,6.89,17.91
68,78,5.38,12.37
68,79,13.785,31.7
68,80,2.826,7.35
68,81,18.936,49.23
68,82,10.731,24.68
68,83,2.653,6.1
68,84,7.698,22.32
68,85,0.935,2.43
68,86,13.254,34.46
68,87,16.886,38.84
68,88,12.556,32.64
68,89,8.613,19.81
68,90,7.456,19.39
68,91,11.421,29.69
68,92,16.748,43.54
68,93,0.688,2.0
68,94,12.531,28.82
68,95,13.565,39.34
68,96,13.492,35.08
68,97,11.061,25.44
68,98,16.581,38.14
68,99,11.965,31.11
68,100,16.313,42.41
68,101,13.482,35.05
68,102,7.754,20.16
68,103,4.648,13.48
68,104,13.223,34.38
68,105,5.894,17.09
68,106,14.23,32.73
68,107,8.239,18.95
68,108,3.162,8.22
68,109,13.738,31.6
68,110,13.325,34.65
68,111,3.964,10.31
68,112,11.942,27.47
68,113,13.426,38.94
68,114,13.51,31.07
68,115,13.892,31.95
68,116,0.807,2.34
68,117,12.312,32.01
68,118,9.134,21.01
68,119,13.822,35.94
68,120,15.052,34.62
68,121,12.578,32.7
68,122,12.926,37.49
68,123,10.058,29.17
68,124,11.063,32.08
68,125,7.371,16.95
68,126,8.779,25.46
68,127,10.62,30.8
68,128,11.983,34.75
68,129,11.046,25.41
68,130,10.896,28.33
68,131,12.545,28.85
68,132,10.824,28.14
68,133,9.478,27.49
68,134,17.339,45.08
68,135,9.272,24.11
68,136,9.436,27.36
68,137,10.914,31.65
68,138,0.732,2.12
68,139,17.554,40.38
68,140,13.503,31.06
68,141,8.499,22.1
68,142,10.744,31.16
68,143,13.651,31.4
68,144,12.99,33.77
68,145,14.246,37.04
68,146,14.309,32.91
68,147,12.465,32.41
68,148,9.749,28.27
68,149,5.491,14.28
68,150,11.863,27.29
68,151,14.999,34.5
68,152,15.395,44.65
68,153,12.939,33.64
68,154,3.594,10.42
68,155,13.046,37.83
68,156,10.796,31.31
68,157,14.619,33.62
68,158,0.374,0.86
68,159,13.933,40.4
68,160,11.956,27.5
68,161,7.169,18.64
68,162,17.804,46.29
68,163,5.088,14.76
68,164,3.706,10.75
68,165,14.727,42.71
68,166,1.117,2.57
68,167,2.402,6.97
68,168,5.88,15.29
68,169,10.913,31.65
68,170,17.096,49.58
68,171,7.597,19.75
68,172,10.171,29.5
68,173,19.519,56.61
68,174,6.46,16.8
68,175,18.216,41.9
68,176,6.368,18.47
68,177,2.544,7.38
68,178,12.147,27.94
68,179,7.025,16.16
68,180,8.642,19.88
68,181,3.754,9.76
68,182,7.842,18.04
68,183,11.081,32.13
68,184,12.798,33.28
68,185,7.498,19.5
68,186,9.39,27.23
68,187,19.091,49.64
68,188,4.561,13.23
68,189,8.949,23.27
68,190,3.475,9.03
68,191,16.057,41.75
68,192,3.561,9.26
68,193,11.469,29.82
68,194,9.851,22.66
68,195,10.659,24.52
68,196,17.69,45.99
68,197,10.216,29.63
68,198,11.61,33.67
68,199,8.969,23.32
68,200,11.46,26.36
69,0,8.506,19.56
69,1,20.124,40.25
69,2,4.577,10.53
69,3,19.266,38.53
69,4,15.306,30.61
69,5,4.935,11.35
69,6,15.27,39.7
69,7,13.733,31.58
69,8,4.718,9.44
69,9,14.794,38.46
69,10,8.521,19.6
69,11,13.947,36.26
69,12,20.535,47.23
69,13,14.012,28.02
69,14,2.1,4.83
69,15,10.899,28.34
69,16,19.957,39.91
69,17,15.645,31.29
69,18,1.667,3.83
69,19,16.91,33.82
69,20,15.303,30.61
69,21,15.968,41.52
69,22,18.08,36.16
69,23,10.465,24.07
69,24,2.201,5.72
69,25,12.376,32.18
69,26,14.577,33.53
69,27,14.988,34.47
69,28,12.803,33.29
69,29,15.399,40.04
69,30,1.892,4.35
69,31,4.24,9.75
69,32,12.22,28.11
69,33,11.027,22.05
69,34,15.271,30.54
69,35,18.861,37.72
69,36,1.325,2.65
69,37,18.191,47.3
69,38,16.8,43.68
69,39,4.428,10.19
69,40,10.49,27.27
69,41,0.479,1.1
69,42,1.781,4.1
69,43,14.79,38.45
69,44,16.603,43.17
69,45,12.107,27.84
69,46,1.161,3.02
69,47,1.27,2.54
69,48,1.458,3.79
69,49,9.65,22.2
69,50,13.006,26.01
69,51,17.64,35.28
69,52,14.424,37.5
69,53,11.636,26.76
69,54,12.919,33.59
69,55,2.12,4.88
69,56,20.119,40.24
69,57,0.489,1.27
69,58,17.645,35.29
69,59,17.063,44.36
69,60,1.017,2.65
69,61,24.643,49.29
69,62,16.377,42.58
69,63,17.083,34.17
69,64,4.035,8.07
69,65,10.332,23.76
69,66,14.902,34.27
69,67,14.202,36.92
69,68,12.062,27.74
69,70,1.375,3.16
69,71,12.048,24.1
69,72,2.022,4.65
69,73,16.543,43.01
69,74,12.043,31.31
69,75,1.095,2.85
69,76,7.889,18.15
69,77,16.34,37.58
69,78,9.221,18.44
69,79,2.749,5.5
69,80,14.858,34.17
69,81,18.565,42.7
69,82,2.914,5.83
69,83,11.657,23.31
69,84,14.833,38.57
69,85,11.433,26.3
69,86,4.582,10.54
69,87,15.951,31.9
69,88,14.259,32.8
69,89,3.453,6.91
69,90,17.076,39.27
69,91,1.684,3.87
69,92,14.042,32.3
69,93,11.514,29.94
69,94,5.085,10.17
69,95,7.509,19.52
69,96,5.308,12.21
69,97,1.989,3.98
69,98,4.52,9.04
69,99,9.36,21.53
69,100,12.935,29.75
69,101,4.453,10.24
69,102,16.641,38.27
69,103,11.599,30.16
69,104,1.599,3.68
69,105,11.754,30.56
69,106,10.906,21.81
69,107,15.116,30.23
69,108,12.613,29.01
69,109,1.688,3.38
69,110,12.873,29.61
69,111,13.591,31.26
69,112,10.19,20.38
69,113,1.392,3.62
69,114,1.647,3.29
69,115,12.86,25.72
69,116,12.866,33.45
69,117,1.78,4.09
69,118,17.67,35.34
69,119,14.531,33.42
69,120,16.189,32.38
69,121,10.889,25.04
69,122,1.524,3.96
69,123,4.641,12.07
69,124,1.448,3.76
69,125,15.178,30.36
69,126,3.395,8.83
69,127,1.462,3.8
69,128,11.449,29.77
69,129,19.181,38.36
69,130,19.873,45.71
69,131,0.64,1.28
69,132,20.73,47.68
69,133,18.737,48.72
69,134,5.277,12.14
69,135,3.884,8.93
69,136,19.052,49.53
69,137,19.453,50.58
69,138,12.511,32.53
69,139,18.824,37.65
69,140,4.84,9.68
69,141,17.572,40.42
69,142,19.149,49.79
69,143,2.112,4.22
69,144,5.294,12.18
69,145,14.199,32.66
69,146,3.225,6.45
69,147,1.745,4.01
69,148,19.314,50.22
69,149,10.018,23.04
69,150,0.501,1.0
69,151,2.94,5.88
69,152,12.395,32.23
69,153,12.316,28.33
69,154,14.397,37.43
69,155,4.978,12.94
69,156,1.665,4.33
69,157,15.628,31.26
69,158,11.979,23.96
69,159,17.087,44.43
69,160,14.252,28.5
69,161,14.669,33.74
69,162,15.999,36.8
69,163,11.978,31.14
69,164,10.808,28.1
69,165,3.123,8.12
69,166,11.264,22.53
69,167,12.319,32.03
69,168,14.035,32.28
69,169,5.879,15.29
69,170,6.722,17.48
69,171,16.563,38.09
69,172,17.95,46.67
69,173,18.21,47.34
69,174,15.21,34.98
69,175,6.167,12.33
69,176,13.308,34.6
69,177,13.674,35.55
69,178,1.909,3.82
69,179,16.722,33.44
69,180,17.231,34.46
69,181,9.58,22.03
69,182,16.379,32.76
69,183,2.027,5.27
69,184,11.212,25.79
69,185,16.527,38.01
69,186,19.48,50.65
69,187,14.465,33.27
69,188,15.464,40.21
69,189,18.719,43.05
69,190,13.951,32.09
69,191,15.819,36.38
69,192,9.623,22.13
69,193,11.364,26.14
69,194,18.138,36.28
69,195,3.242,6.48
69,196,16.097,37.02
69,197,20.727,53.89
69,198,9.208,23.94
69,199,17.125,39.39
69,200,20.801,41.6
70,0,8.48,22.05
70,1,19.862,45.68
70,2,4.702,12.22
70,3,19.281,44.35
70,4,15.058,34.63
70,5,6.309,16.4
70,6,15.903,46.12
70,7,14.371,37.36
70,8,5.412,12.45
70,9,15.8,45.82
70,10,7.232,18.8
70,11,14.767,42.82
70,12,20.517,53.34
70,13,14.662,33.72
70,14,2.597,6.75
70,15,9.758,28.3
70,16,19.361,44.53
70,17,16.314,37.52
70,18,3.003,7.81
70,19,16.762,38.55
70,20,14.278,32.84
70,21,16.646,48.27
70,22,18.103,41.64
70,23,9.657,25.11
70,24,0.91,2.64
70,25,11.367,32.97
70,26,13.779,35.82
70,27,13.943,36.25
70,28,11.704,33.94
70,29,14.545,42.18
70,30,1.994,5.18
70,31,5.433,14.13
70,32,12.947,33.66
70,33,11.988,27.57
70,34,16.251,37.38
70,35,18.968,43.63
70,36,2.104,4.84
70,37,18.107,52.51
70,38,16.567,48.04
70,39,5.803,15.09
70,40,11.772,34.14
70,41,1.794,4.66
70,42,2.969,7.72
70,43,15.856,45.98
70,44,16.599,48.14
70,45,12.887,33.51
70,46,2.49,7.22
70,47,2.316,5.33
70,48,2.125,6.16
70,49,10.56,27.45
70,50,12.14,27.92
70,51,18.414,42.35
70,52,13.543,39.28
70,53,12.218,31.77
70,54,11.734,34.03
70,55,3.493,9.08
70,56,20.092,46.21
70,57,0.918,2.66
70,58,17.551,40.37
70,59,16.867,48.91
70,60,2.296,6.66
70,61,24.436,56.2
70,62,16.267,47.17
70,63,17.013,39.13
70,64,5.009,11.52
70,65,9.018,23.45
70,66,13.763,35.78
70,67,14.255,41.34
70,68,11.347,29.5
70,69,1.375,3.16
70,71,12.927,29.73
70,72,1.639,4.26
70,73,16.582,48.09
70,74,11.113,32.23
70,75,2.139,6.2
70,76,8.623,22.42
70,77,15.215,39.56
70,78,8.071,18.56
70,79,4.124,9.49
70,80,14.169,36.84
70,81,19.455,50.58
70,82,3.664,8.43
70,83,10.695,24.6
70,84,13.596,39.43
70,85,10.651,27.69
70,86,5.819,15.13
70,87,16.841,38.74
70,88,14.831,38.56
70,89,2.969,6.83
70,90,16.844,43.8
70,91,2.649,6.89
70,92,15.05,39.13
70,93,10.759,31.2
70,94,6.19,14.24
70,95,8.61,24.97
70,96,6.531,16.98
70,97,2.801,6.44
70,98,5.398,12.42
70,99,10.163,26.42
70,100,13.976,36.34
70,101,5.726,14.89
70,102,16.49,42.88
70,103,10.477,30.38
70,104,1.883,4.9
70,105,10.55,30.6
70,106,11.874,27.31
70,107,15.149,34.84
70,108,11.616,30.2
70,109,2.611,6.01
70,110,13.619,35.41
70,111,12.559,32.65
70,112,10.945,25.17
70,113,2.569,7.45
70,114,2.215,5.1
70,115,13.667,31.43
70,116,12.154,35.25
70,117,3.048,7.92
70,118,17.59,40.46
70,119,15.218,39.57
70,120,16.883,38.83
70,121,11.677,30.36
70,122,2.899,8.41
70,123,5.268,15.28
70,124,0.305,0.88
70,125,13.97,32.13
70,126,3.16,9.16
70,127,1.521,4.41
70,128,12.136,35.2
70,129,19.184,44.12
70,130,19.783,51.44
70,131,1.435,3.3
70,132,20.524,53.36
70,133,18.589,53.91
70,134,6.167,16.03
70,135,4.189,10.89
70,136,18.861,54.7
70,137,19.411,56.29
70,138,11.738,34.04
70,139,19.565,45.0
70,140,6.093,14.01
70,141,17.423,45.3
70,142,19.118,55.44
70,143,2.306,5.3
70,144,6.454,16.78
70,145,14.953,38.88
70,146,4.596,10.57
70,147,3.048,7.92
70,148,19.135,55.49
70,149,8.841,22.99
70,150,1.69,3.89
70,151,3.922,9.02
70,152,13.384,38.81
70,153,13.057,33.95
70,154,13.441,38.98
70,155,6.164,17.88
70,156,2.227,6.46
70,157,16.319,37.53
70,158,11.228,25.82
70,159,17.597,51.03
70,160,14.76,33.95
70,161,13.455,34.98
70,162,16.97,44.12
70,163,10.828,31.4
70,164,9.766,28.32
70,165,4.436,12.86
70,166,10.474,24.09
70,167,11.381,33.0
70,168,12.879,33.49
70,169,6.681,19.37
70,170,8.093,23.47
70,171,16.4,42.64
70,172,17.968,52.11
70,173,19.177,55.61
70,174,15.03,39.08
70,175,6.948,15.98
70,176,12.103,35.1
70,177,12.777,37.05
70,178,3.127,7.19
70,179,15.609,35.9
70,180,17.134,39.41
70,181,8.586,22.32
70,182,16.263,37.41
70,183,2.853,8.27
70,184,12.006,31.22
70,185,16.356,42.53
70,186,19.229,55.77
70,187,15.642,40.67
70,188,15.018,43.55
70,189,18.501,48.1
70,190,12.978,33.74
70,191,16.639,43.26
70,192,8.65,22.49
70,193,11.997,31.19
70,194,18.1,41.63
70,195,3.986,9.17
70,196,17.051,44.33
70,197,20.427,59.24
70,198,9.975,28.93
70,199,17.077,44.4
70,200,20.676,47.55
71,0,8.224,18.91
71,1,15.492,30.98
71,2,9.078,20.88
71,3,12.412,24.82
71,4,11.979,23.96
71,5,9.763,22.46
71,6,4.324,11.24
71,7,3.201,7.36
71,8,14.941,29.88
71,9,3.306,8.6
71,10,16.83,38.71
71,11,2.01,5.23
71,12,13.703,31.52
71,13,3.272,6.54
71,14,10.347,23.8
71,15,16.997,44.19
71,16,18.4,36.8
71,17,4.365,8.73
71,18,10.712,24.64
71,19,12.125,24.25
71,20,19.011,38.02
71,21,4.593,11.94
71,22,11.454,22.91
71,23,13.979,32.15
71,24,13.118,34.11
71,25,16.77,43.6
71,26,16.335,37.57
71,27,18.983,43.66
71,28,17.918,46.59
71,29,17.419,45.29
71,30,11.042,25.4
71,31,8.139,18.72
71,32,1.721,3.96
71,33,1.37,2.74
71,34,3.559,7.12
71,35,11.326,22.65
71,36,10.861,21.72
71,37,12.47,32.42
71,38,12.799,33.28
71,39,9.874,22.71
71,40,6.067,15.77
71,41,12.025,27.66
71,42,10.318,23.73
71,43,3.889,10.11
71,44,10.656,27.71
71,45,1.126,2.59
71,46,11.79,30.65
71,47,10.783,21.57
71,48,13.128,34.13
71,49,2.407,5.54
71,50,15.904,31.81
71,51,5.728,11.46
71,52,16.985,44.16
71,53,3.175,7.3
71,54,18.916,49.18
71,55,10.768,24.77
71,56,13.438,26.88
71,57,12.228,31.79
71,58,12.159,24.32
71,59,12.652,32.89
71,60,12.013,31.23
71,61,18.749,37.5
71,62,11.445,29.76
71,63,11.563,23.13
71,64,13.606,27.21
71,65,18.509,42.57
71,66,19.928,45.83
71,67,8.758,22.77
71,68,14.078,32.38
71,69,12.048,24.1
71,70,12.927,29.73
71,72,11.64,26.77
71,73,10.245,26.64
71,74,15.853,41.22
71,75,12.519,32.55
71,76,4.441,10.21
71,77,20.907,48.09
71,78,15.975,31.95
71,79,10.597,21.19
71,80,15.539,35.74
71,81,6.528,15.02
71,82,9.264,18.53
71,83,15.887,31.77
71,84,21.051,54.73
71,85,14.275,32.83
71,86,8.047,18.51
71,87,3.914,7.83
71,88,4.115,9.47
71,89,11.284,22.57
71,90,12.974,29.84
71,91,10.381,23.88
71,92,2.691,6.19
71,93,14.099,36.66
71,94,7.148,14.3
71,95,5.016,13.04
71,96,7.415,17.05
71,97,10.149,20.3
71,98,14.203,28.41
71,99,2.839,6.53
71,100,2.338,5.38
71,101,8.347,19.2
71,102,11.967,27.52
71,103,17.297,44.97
71,104,13.509,31.07
71,105,18.244,47.43
71,106,1.508,3.02
71,107,9.419,18.84
71,108,16.817,38.68
71,109,12.88,25.76
71,110,1.719,3.95
71,111,17.825,41.0
71,112,2.319,4.64
71,113,12.28,31.93
71,114,13.332,26.66
71,115,1.156,2.31
71,116,14.502,37.7
71,117,10.425,23.98
71,118,12.055,24.11
71,119,3.335,7.67
71,120,4.694,9.39
71,121,1.559,3.59
71,122,11.132,28.94
71,123,7.748,20.14
71,124,12.733,33.11
71,125,20.959,41.92
71,126,10.695,27.81
71,127,11.447,29.76
71,128,2.179,5.66
71,129,12.449,24.9
71,130,13.791,31.72
71,131,12.609,25.22
71,132,15.47,35.58
71,133,13.428,34.91
71,134,14.559,33.49
71,135,9.103,20.94
71,136,14.033,36.48
71,137,13.044,33.91
71,138,14.811,38.51
71,139,6.983,13.97
71,140,7.937,15.87
71,141,12.594,28.97
71,142,12.718,33.07
71,143,13.962,27.92
71,144,7.127,16.39
71,145,2.593,5.96
71,146,10.664,21.33
71,147,10.537,24.24
71,148,14.129,36.74
71,149,16.738,38.5
71,150,11.55,23.1
71,151,13.158,26.32
71,152,1.44,3.74
71,153,1.584,3.64
71,154,17.671,45.94
71,155,7.495,19.49
71,156,10.7,27.82
71,157,4.214,8.43
71,158,14.324,28.65
71,159,6.689,17.39
71,160,4.694,9.39
71,161,20.613,47.41
71,162,4.202,9.66
71,163,17.839,46.38
71,164,16.047,41.72
71,165,11.552,30.04
71,166,14.252,28.5
71,167,16.099,41.86
71,168,19.434,44.7
71,169,6.251,16.25
71,170,10.146,26.38
71,171,12.02,27.65
71,172,11.396,29.63
71,173,6.348,16.51
71,174,11.336,26.07
71,175,15.548,31.1
71,176,19.439,50.54
71,177,16.622,43.22
71,178,10.232,20.46
71,179,21.079,42.16
71,180,11.903,23.81
71,181,14.928,34.34
71,182,11.49,22.98
71,183,10.1,26.26
71,184,1.291,2.97
71,185,12.074,27.77
71,186,14.89,38.71
71,187,5.212,11.99
71,188,13.806,35.9
71,189,14.023,32.25
71,190,17.514,40.28
71,191,3.824,8.8
71,192,14.788,34.01
71,193,2.72,6.26
71,194,12.026,24.05
71,195,8.942,17.88
71,196,4.22,9.71
71,197,16.296,42.37
71,198,3.111,8.09
71,199,11.395,26.21
71,200,14.82,29.64
72,0,6.843,17.79
72,1,18.286,42.06
72,2,3.083,8.02
72,3,17.645,40.58
72,4,13.473,30.99
72,5,6.316,16.42
72,6,14.412,41.8
72,7,12.889,33.51
72,8,6.704,15.42
72,9,14.633,42.44
72,10,6.962,18.1
72,11,13.414,38.9
72,12,18.884,49.1
72,13,13.186,30.33
72,14,1.437,3.74
72,15,9.053,26.25
72,16,17.961,41.31
72,17,14.845,34.14
72,18,2.99,7.77
72,19,15.15,34.85
72,20,13.346,30.7
72,21,15.181,44.03
72,22,16.466,37.87
72,23,8.446,21.96
72,24,1.489,4.32
72,25,10.417,30.21
72,26,12.555,32.64
72,27,13.044,33.91
72,28,10.906,31.63
72,29,13.383,38.81
72,30,0.679,1.77
72,31,4.765,12.39
72,32,11.53,29.98
72,33,10.794,24.83
72,34,15.051,34.62
72,35,17.328,39.86
72,36,1.518,3.49
72,37,16.483,47.8
72,38,14.979,43.44
72,39,5.818,15.13
72,40,11.148,32.33
72,41,2.477,6.44
72,42,2.608,6.78
72,43,14.768,42.83
72,44,14.965,43.4
72,45,11.512,29.93
72,46,3.069,8.9
72,47,1.953,4.49
72,48,3.371,9.78
72,49,9.323,24.24
72,50,10.993,25.28
72,51,17.011,39.12
72,52,12.414,36.0
72,53,10.713,27.85
72,54,11.117,32.24
72,55,3.629,9.43
72,56,18.461,42.46
72,57,1.658,4.81
72,58,15.929,36.64
72,59,15.268,44.28
72,60,2.995,8.69
72,61,22.843,52.54
72,62,14.647,42.48
72,63,15.387,35.39
72,64,6.056,13.93
72,65,8.821,22.93
72,66,13.037,33.9
72,67,12.616,36.59
72,68,10.042,26.11
72,69,2.022,4.65
72,70,1.639,4.26
72,71,11.64,26.77
72,73,14.944,43.34
72,74,10.048,29.14
72,75,3.112,9.03
72,76,7.25,18.85
72,77,14.457,37.59
72,78,7.4,17.02
72,79,4.264,9.81
72,80,12.841,33.39
72,81,18.149,47.19
72,82,2.538,5.84
72,83,9.676,22.25
72,84,13.101,37.99
72,85,9.411,24.47
72,86,5.226,13.59
72,87,15.544,35.75
72,88,13.311,34.61
72,89,1.446,3.33
72,90,15.256,39.67
72,91,2.038,5.3
72,92,13.891,36.12
72,93,9.491,27.52
72,94,5.321,12.24
72,95,7.656,22.2
72,96,5.871,15.27
72,97,1.937,4.45
72,98,6.54,15.04
72,99,8.828,22.95
72,100,12.866,33.45
72,101,5.229,13.59
72,102,14.879,38.69
72,103,9.729,28.22
72,104,3.311,8.61
72,105,9.985,28.96
72,106,10.69,24.59
72,107,13.511,31.07
72,108,10.646,27.68
72,109,3.697,8.5
72,110,12.213,31.75
72,111,11.642,30.27
72,112,9.563,21.99
72,113,3.402,9.87
72,114,3.524,8.11
72,115,12.309,28.31
72,116,10.846,31.45
72,117,2.832,7.36
72,118,15.966,36.72
72,119,13.764,35.79
72,120,15.428,35.48
72,121,10.317,26.82
72,122,3.136,9.1
72,123,3.894,11.29
72,124,1.345,3.9
72,125,13.397,30.81
72,126,1.529,4.43
72,127,0.651,1.89
72,128,10.696,31.02
72,129,17.55,40.36
72,130,18.161,47.22
72,131,2.521,5.8
72,132,18.93,49.22
72,133,16.979,49.24
72,134,7.299,18.98
72,135,2.652,6.89
72,136,17.262,50.06
72,137,17.782,51.57
72,138,10.489,30.42
72,139,18.136,41.71
72,140,5.522,12.7
72,141,15.812,41.11
72,142,17.487,50.71
72,143,3.798,8.73
72,144,5.667,14.74
72,145,13.547,35.22
72,146,4.801,11.04
72,147,2.922,7.6
72,148,17.533,50.85
72,149,8.223,21.38
72,150,1.889,4.35
72,151,4.962,11.41
72,152,12.213,35.42
72,153,11.649,30.29
72,154,12.409,35.99
72,155,5.442,15.78
72,156,1.305,3.79
72,157,14.864,34.19
72,158,9.957,22.9
72,159,16.043,46.52
72,160,13.209,30.38
72,161,12.898,33.54
72,162,15.757,40.97
72,163,10.136,29.39
72,164,8.875,25.74
72,165,4.944,14.34
72,166,9.243,21.26
72,167,10.327,29.95
72,168,12.19,31.69
72,169,5.408,15.68
72,170,8.191,23.75
72,171,14.792,38.46
72,172,16.332,47.36
72,173,17.952,52.06
72,174,13.426,34.91
72,175,8.178,18.81
72,176,11.532,33.44
72,177,11.667,33.84
72,178,2.785,6.41
72,179,14.827,34.1
72,180,15.512,35.68
72,181,7.622,19.82
72,182,14.644,33.68
72,183,1.991,5.77
72,184,10.647,27.68
72,185,14.75,38.35
72,186,17.649,51.18
72,187,14.736,38.31
72,188,13.521,39.21
72,189,16.909,43.96
72,190,11.97,31.12
72,191,15.279,39.73
72,192,7.654,19.9
72,193,10.522,27.36
72,194,16.469,37.88
72,195,2.812,6.47
72,196,15.818,41.13
72,197,18.865,54.71
72,198,8.611,24.97
72,199,15.447,40.16
72,200,19.061,43.84
73,0,8.102,23.5
73,1,5.273,13.71
73,2,11.973,34.72
73,3,2.73,7.1
73,4,3.594,9.34
73,5,17.219,49.94
73,6,7.226,23.12
73,7,7.319,21.23
73,8,20.979,54.55
73,9,12.34,39.49
73,10,15.886,46.07
73,11,9.532,30.5
73,12,4.04,11.72
73,13,7.424,19.3
73,14,14.453,41.91
73,15,14.077,45.05
73,16,9.066,23.57
73,17,7.762,20.18
73,18,16.117,46.74
73,19,2.286,5.94
73,20,13.294,34.56
73,21,7.931,25.38
73,22,1.543,4.01
73,23,10.567,30.64
73,24,16.174,51.76
73,25,12.504,40.01
73,26,10.038,29.11
73,27,13.51,39.18
73,28,13.771,44.07
73,29,10.892,34.85
73,30,14.733,42.73
73,31,14.642,42.46
73,32,8.528,24.73
73,33,11.256,29.27
73,34,12.087,31.43
73,35,2.511,6.53
73,36,15.255,39.66
73,37,2.225,7.12
73,38,3.297,10.55
73,39,17.05,49.44
73,40,15.979,51.13
73,41,16.817,48.77
73,42,15.48,44.89
73,43,13.316,42.61
73,44,0.514,1.64
73,45,9.124,26.46
73,46,17.021,54.47
73,47,15.492,40.28
73,48,17.993,57.58
73,49,10.921,31.67
73,50,10.787,28.05
73,51,9.816,25.52
73,52,11.077,35.45
73,53,7.355,21.33
73,54,15.146,48.47
73,55,16.56,48.02
73,56,3.651,9.49
73,57,16.402,52.49
73,58,1.949,5.07
73,59,2.897,9.27
73,60,17.128,54.81
73,61,8.759,22.77
73,62,1.802,5.77
73,63,1.422,3.7
73,64,19.884,51.7
73,65,16.799,48.72
73,66,15.006,43.52
73,67,2.342,7.49
73,68,9.272,26.89
73,69,16.543,43.01
73,70,16.582,48.09
73,71,10.245,26.64
73,72,14.944,43.34
73,74,11.544,36.94
73,75,17.511,56.03
73,76,10.362,30.05
73,77,15.332,44.46
73,78,14.103,36.67
73,79,16.793,43.66
73,80,8.703,25.24
73,81,12.021,34.86
73,82,13.91,36.16
73,83,11.919,30.99
73,84,16.814,53.81
73,85,10.068,29.2
73,86,14.9,43.21
73,87,10.927,28.41
73,88,6.497,18.84
73,89,13.699,35.62
73,90,3.33,9.66
73,91,15.116,43.84
73,92,12.176,35.31
73,93,9.787,31.32
73,94,13.826,35.95
73,95,13.173,42.15
73,96,14.662,42.52
73,97,14.721,38.27
73,98,20.498,53.29
73,99,10.096,29.28
73,100,12.434,36.06
73,101,15.238,44.19
73,102,2.281,6.62
73,103,13.903,44.49
73,104,18.107,52.51
73,105,15.144,48.46
73,106,11.343,29.49
73,107,1.433,3.73
73,108,12.368,35.87
73,109,18.078,47.0
73,110,8.646,25.07
73,111,12.971,37.62
73,112,9.388,24.41
73,113,17.546,56.15
73,114,18.188,47.29
73,115,9.351,24.31
73,116,9.077,29.05
73,117,15.743,45.66
73,118,1.824,4.74
73,119,7.871,22.83
73,120,8.2,21.32
73,121,9.463,27.44
73,122,16.565,53.01
73,123,12.306,39.38
73,124,16.283,52.11
73,125,16.375,42.57
73,126,13.424,42.96
73,127,15.224,48.72
73,128,8.352,26.73
73,129,2.662,6.92
73,130,3.686,10.69
73,131,17.176,44.66
73,132,5.235,15.18
73,133,3.188,10.2
73,134,21.121,61.25
73,135,12.67,36.74
73,136,3.809,12.19
73,137,3.058,9.79
73,138,9.783,31.31
73,139,9.888,25.71
73,140,14.996,38.99
73,141,2.514,7.29
73,142,2.727,8.73
73,143,18.62,48.41
73,144,14.137,41.0
73,145,8.698,25.22
73,146,17.155,44.6
73,147,15.912,46.15
73,148,3.887,12.44
73,149,14.467,41.96
73,150,16.121,41.92
73,151,18.997,49.39
73,152,11.636,37.23
73,153,8.661,25.12
73,154,12.077,38.64
73,155,14.412,46.12
73,156,14.883,47.63
73,157,8.042,20.91
73,158,9.645,25.08
73,159,5.986,19.16
73,160,5.771,15.0
73,161,16.264,47.17
73,162,12.191,35.35
73,163,14.358,45.94
73,164,12.855,41.14
73,165,17.925,57.36
73,166,10.19,26.49
73,167,11.636,37.24
73,168,14.981,43.44
73,169,11.906,38.1
73,170,18.433,58.99
73,171,2.42,7.02
73,172,1.42,4.55
73,173,13.102,41.93
73,174,2.91,8.44
73,175,22.15,57.59
73,176,15.607,49.94
73,177,11.199,35.84
73,178,15.515,40.34
73,179,15.29,39.75
73,180,1.787,4.65
73,181,12.458,36.13
73,182,1.862,4.84
73,183,14.704,47.05
73,184,9.434,27.36
73,185,2.526,7.32
73,186,4.704,15.05
73,187,15.19,44.05
73,188,5.827,18.65
73,189,3.87,11.22
73,190,12.224,35.45
73,191,9.869,28.62
73,192,12.25,35.52
73,193,7.902,22.92
73,194,1.836,4.77
73,195,13.639,35.46
73,196,11.956,34.67
73,197,6.082,19.46
73,198,9.885,31.63
73,199,1.192,3.46
73,200,4.724,12.28
74,0,7.67,22.24
74,1,11.801,30.68
74,2,9.145,26.52
74,3,13.423,34.9
74,4,8.18,21.27
74,5,15.859,45.99
74,6,15.908,50.91
74,7,14.878,43.14
74,8,16.519,42.95
74,9,19.11,61.15
74,10,5.8,16.82
74,11,16.664,53.32
74,12,14.176,41.11
74,13,15.168,39.44
74,14,10.796,31.31
74,15,2.863,9.16
74,16,9.216,23.96
74,17,16.528,42.97
74,18,12.876,37.34
74,19,10.179,26.47
74,20,3.462,9.0
74,21,16.847,53.91
74,22,12.551,32.63
74,23,1.955,5.67
74,24,10.251,32.8
74,25,0.997,3.19
74,26,3.043,8.82
74,27,3.284,9.52
74,28,2.279,7.29
74,29,3.528,11.29
74,30,10.416,30.21
74,31,13.498,39.14
74,32,14.639,42.45
74,33,15.875,41.27
74,34,19.229,49.99
74,35,13.898,36.13
74,36,11.382,29.59
74,37,11.702,37.45
74,38,9.362,29.96
74,39,15.417,44.71
74,40,18.759,60.03
74,41,12.512,36.28
74,42,12.328,35.75
74,43,19.739,63.16
74,44,11.215,35.89
74,45,15.028,43.58
74,46,13.117,41.98
74,47,11.825,30.75
74,48,13.224,42.32
74,49,14.544,42.18
74,50,1.242,3.23
74,51,19.071,49.58
74,52,2.482,7.94
74,53,13.078,37.93
74,54,3.612,11.56
74,55,13.529,39.23
74,56,13.76,35.77
74,57,11.614,37.17
74,58,11.199,29.12
74,59,9.877,31.61
74,60,13.039,41.73
74,61,16.271,42.3
74,62,10.119,32.38
74,63,10.981,28.55
74,64,16.059,41.75
74,65,5.851,16.97
74,66,4.08,11.83
74,67,10.123,32.39
74,68,2.279,6.61
74,69,12.043,31.31
74,70,11.113,32.23
74,71,15.853,41.22
74,72,10.048,29.14
74,73,11.544,36.94
74,75,13.102,41.93
74,76,12.335,35.77
74,77,5.113,14.83
74,78,3.836,9.97
74,79,14.113,36.69
74,80,4.074,11.82
74,81,21.003,60.91
74,82,11.246,29.24
74,83,0.542,1.41
74,84,5.474,17.52
74,85,1.647,4.78
74,86,13.99,40.57
74,87,18.866,49.05
74,88,14.651,42.49
74,89,8.717,22.66
74,90,9.58,27.78
74,91,11.712,33.96
74,92,18.542,53.77
74,93,1.889,6.04
74,94,13.407,34.86
74,95,14.757,47.22
74,96,14.333,41.56
74,97,11.394,29.63
74,98,16.494,42.88
74,99,13.541,39.27
74,100,18.015,52.24
74,101,14.175,41.11
74,102,9.961,28.89
74,103,2.449,7.84
74,104,12.986,37.66
74,105,3.686,11.8
74,106,15.852,41.22
74,107,10.518,27.35
74,108,0.971,2.81
74,109,13.655,35.5
74,110,15.244,44.21
74,111,1.986,5.76
74,112,13.632,35.44
74,113,13.435,42.99
74,114,13.327,34.65
74,115,15.772,41.01
74,116,2.564,8.21
74,117,12.614,36.58
74,118,11.339,29.48
74,119,15.87,46.02
74,120,17.165,44.63
74,121,14.317,41.52
74,122,13.12,41.98
74,123,10.909,34.91
74,124,10.856,34.74
74,125,5.215,13.56
74,126,9.029,28.89
74,127,10.678,34.17
74,128,13.828,44.25
74,129,13.25,34.45
74,130,13.012,37.74
74,131,12.44,32.34
74,132,12.78,37.06
74,133,11.59,37.09
74,134,17.262,50.06
74,135,9.88,28.65
74,136,11.492,36.77
74,137,13.083,41.86
74,138,1.807,5.78
74,139,19.718,51.27
74,140,14.262,37.08
74,141,10.665,30.93
74,142,12.929,41.37
74,143,13.359,34.73
74,144,13.869,40.22
74,145,16.239,47.09
74,146,14.652,38.1
74,147,12.751,36.98
74,148,11.804,37.77
74,149,3.66,10.61
74,150,11.935,31.03
74,151,14.959,38.89
74,152,17.109,54.75
74,153,14.823,42.99
74,154,2.367,7.57
74,155,13.868,44.38
74,156,11.015,35.25
74,157,16.713,43.45
74,158,1.91,4.97
74,159,16.153,51.69
74,160,14.081,36.61
74,161,4.962,14.39
74,162,19.722,57.19
74,163,2.842,9.09
74,164,1.819,5.82
74,165,14.946,47.83
74,166,1.624,4.22
74,167,0.289,0.92
74,168,3.692,10.71
74,169,11.995,38.38
74,170,17.708,56.67
74,171,9.801,28.42
74,172,12.413,39.72
74,173,21.517,68.85
74,174,8.711,25.26
74,175,18.06,46.96
74,176,4.092,13.09
74,177,1.695,5.42
74,178,12.48,32.45
74,179,5.349,13.91
74,180,10.854,28.22
74,181,2.586,7.5
74,182,10.076,26.2
74,183,11.425,36.56
74,184,14.563,42.23
74,185,9.698,28.12
74,186,11.349,36.32
74,187,20.722,60.09
74,188,6.551,20.96
74,189,10.992,31.88
74,190,1.964,5.7
74,191,18.081,52.44
74,192,2.484,7.2
74,193,13.334,38.67
74,194,12.063,31.36
74,195,11.239,29.22
74,196,19.626,56.91
74,197,12.031,38.5
74,198,13.186,42.2
74,199,11.207,32.5
74,200,13.508,35.12
75,0,9.518,27.6
75,1,21.176,55.06
75,2,5.58,16.18
75,3,20.238,52.62
75,4,16.358,42.53
75,5,4.52,13.11
75,6,15.929,50.97
75,7,14.393,41.74
75,8,3.632,9.44
75,9,15.119,48.38
75,10,9.366,27.16
75,11,14.461,46.28
75,12,21.518,62.4
75,13,14.663,38.12
75,14,3.07,8.9
75,15,11.872,37.99
75,16,21.051,54.73
75,17,16.274,42.31
75,18,1.809,5.24
75,19,17.936,46.63
75,20,16.334,42.47
75,21,16.591,53.09
75,22,19.051,49.53
75,23,11.547,33.49
75,24,3.047,9.75
75,25,13.412,42.92
75,26,15.662,45.42
75,27,16.011,46.43
75,28,13.8,44.16
75,29,16.476,52.72
75,30,2.969,8.61
75,31,4.464,12.95
75,32,12.823,37.19
75,33,11.424,29.7
75,34,15.622,40.62
75,35,19.799,51.48
75,36,2.262,5.88
75,37,19.198,61.43
75,38,17.848,57.11
75,39,4.036,11.7
75,40,10.411,33.32
75,41,0.703,2.04
75,42,2.253,6.53
75,43,15.043,48.14
75,44,17.586,56.27
75,45,12.665,36.73
75,46,0.75,2.4
75,47,2.033,5.29
75,48,0.61,1.95
75,49,10.112,29.32
75,50,14.079,36.61
75,51,18.18,47.27
75,52,15.496,49.59
75,53,12.347,35.81
75,54,13.864,44.36
75,55,1.92,5.57
75,56,21.105,54.87
75,57,1.488,4.76
75,58,18.655,48.5
75,59,18.102,57.93
75,60,0.508,1.63
75,61,25.679,66.76
75,62,17.394,55.66
75,63,18.087,47.03
75,64,2.958,7.69
75,65,11.14,32.31
75,66,15.878,46.05
75,67,15.169,48.54
75,68,13.154,38.15
75,69,1.095,2.85
75,70,2.139,6.2
75,71,12.519,32.55
75,72,3.112,9.03
75,73,17.511,56.03
75,74,13.102,41.93
75,76,8.525,24.72
75,77,17.325,50.24
75,78,10.188,26.49
75,79,2.411,6.27
75,80,15.952,46.26
75,81,18.997,55.09
75,82,3.692,9.6
75,83,12.707,33.04
75,84,15.735,50.35
75,85,12.519,36.3
75,86,4.708,13.65
75,87,16.392,42.62
75,88,14.963,43.39
75,89,4.548,11.82
75,90,18.123,52.56
75,91,2.433,7.06
75,92,14.368,41.67
75,93,12.602,40.33
75,94,5.407,14.06
75,95,7.779,24.89
75,96,5.436,15.77
75,97,2.81,7.31
75,98,3.427,8.91
75,99,9.923,28.78
75,100,13.229,38.36
75,101,4.507,13.07
75,102,17.668,51.24
75,103,12.584,40.27
75,104,1.062,3.08
75,105,12.685,40.59
75,106,11.297,29.37
75,107,16.088,41.83
75,108,13.652,39.59
75,109,0.597,1.55
75,110,13.455,39.02
75,111,14.619,42.39
75,112,10.785,28.04
75,113,0.467,1.49
75,114,0.813,2.11
75,115,13.391,34.82
75,116,13.958,44.67
75,117,2.101,6.09
75,118,18.676,48.56
75,119,15.152,43.94
75,120,16.799,43.68
75,121,11.45,33.2
75,122,1.417,4.53
75,123,5.418,17.34
75,124,2.324,7.44
75,125,16.105,41.87
75,126,4.483,14.34
75,127,2.555,8.18
75,128,12.086,38.68
75,129,20.158,52.41
75,130,20.88,60.55
75,131,0.704,1.83
75,132,21.768,63.13
75,133,19.762,63.24
75,134,4.188,12.14
75,135,4.843,14.04
75,136,20.087,64.28
75,137,20.445,65.42
75,138,13.598,43.51
75,139,19.388,50.41
75,140,4.925,12.81
75,141,18.599,53.94
75,142,20.138,64.44
75,143,1.451,3.77
75,144,5.531,16.04
75,145,14.769,42.83
75,146,2.76,7.18
75,147,1.982,5.75
75,148,20.346,65.11
75,149,10.967,31.81
75,150,1.408,3.66
75,151,1.859,4.83
75,152,12.751,40.8
75,153,12.906,37.43
75,154,15.451,49.44
75,155,5.183,16.59
75,156,2.65,8.48
75,157,16.242,42.23
75,158,13.068,33.98
75,159,17.821,57.03
75,160,14.998,39.0
75,161,15.592,45.22
75,162,16.357,47.44
75,163,12.946,41.43
75,164,11.83,37.85
75,165,2.386,7.63
75,166,12.348,32.11
75,167,13.376,42.8
75,168,15.001,43.5
75,169,6.497,20.79
75,170,6.173,19.75
75,171,17.593,51.02
75,172,18.922,60.55
75,173,18.564,59.4
75,174,16.247,47.12
75,175,5.072,13.19
75,176,14.238,45.56
75,177,14.741,47.17
75,178,2.308,6.0
75,179,17.714,46.06
75,180,18.243,47.43
75,181,10.617,30.79
75,182,17.397,45.23
75,183,2.835,9.07
75,184,11.766,34.12
75,185,17.56,50.92
75,186,20.53,65.7
75,187,14.564,42.23
75,188,16.549,52.96
75,189,19.761,57.31
75,190,14.999,43.5
75,191,16.325,47.34
75,192,10.668,30.94
75,193,12.041,34.92
75,194,19.13,49.74
75,195,4.003,10.41
75,196,16.473,47.77
75,197,21.786,69.72
75,198,9.803,31.37
75,199,18.122,52.55
75,200,21.817,56.72
76,0,4.808,12.5
76,1,15.094,34.72
76,2,4.647,12.08
76,3,12.997,29.89
76,4,10.697,24.6
76,5,6.952,18.08
76,6,7.404,21.47
76,7,5.868,15.26
76,8,11.442,26.32
76,9,7.613,22.08
76,10,12.526,32.57
76,11,6.164,17.88
76,12,14.342,37.29
76,13,6.138,14.12
76,14,6.026,15.67
76,15,13.035,37.8
76,16,16.814,38.67
76,17,7.759,17.84
76,18,6.778,17.62
76,19,11.578,26.63
76,20,15.698,36.11
76,21,8.08,23.43
76,22,11.852,27.26
76,23,10.387,27.01
76,24,8.738,25.34
76,25,13.165,38.18
76,26,13.44,34.94
76,27,15.592,40.54
76,28,14.204,41.19
76,29,14.511,42.08
76,30,6.682,17.37
76,31,4.58,11.91
76,32,4.335,11.27
76,33,3.847,8.85
76,34,7.956,18.3
76,35,12.245,28.16
76,36,6.624,15.24
76,37,12.439,36.07
76,38,11.918,34.56
76,39,6.857,17.83
76,40,6.662,19.32
76,41,7.948,20.66
76,42,6.273,16.31
76,43,7.947,23.05
76,44,10.609,30.76
76,45,4.267,11.1
76,46,7.846,22.75
76,47,6.623,15.23
76,48,9.119,26.44
76,49,2.355,6.12
76,50,12.636,29.06
76,51,9.79,22.52
76,52,13.887,40.27
76,53,3.884,10.1
76,54,15.054,43.66
76,55,6.997,18.19
76,56,13.981,32.16
76,57,8.0,23.2
76,58,11.981,27.56
76,59,11.96,34.68
76,60,8.039,23.31
76,61,19.096,43.92
76,62,10.916,31.65
76,63,11.357,26.12
76,64,10.182,23.42
76,65,14.263,37.08
76,66,16.319,42.43
76,67,8.209,23.8
76,68,10.919,28.39
76,69,7.889,18.15
76,70,8.623,22.42
76,71,4.441,10.21
76,72,7.25,18.85
76,73,10.362,30.05
76,74,12.335,35.77
76,75,8.525,24.72
76,77,17.447,45.36
76,78,11.85,27.26
76,79,7.011,16.13
76,80,12.944,33.65
76,81,10.908,28.36
76,82,4.999,11.5
76,83,12.266,28.21
76,84,17.213,49.92
76,85,10.891,28.32
76,86,4.716,12.26
76,87,8.312,19.12
76,88,6.467,16.81
76,89,6.844,15.74
76,90,12.157,31.61
76,91,6.206,16.14
76,92,6.906,17.96
76,93,10.772,31.24
76,94,3.633,8.36
76,95,2.969,8.61
76,96,4.356,11.32
76,97,5.919,13.61
76,98,10.806,24.85
76,99,1.602,4.17
76,100,6.058,15.75
76,101,5.06,13.16
76,102,11.35,29.51
76,103,13.428,38.94
76,104,9.435,24.53
76,105,14.26,41.35
76,106,3.779,8.69
76,107,9.103,20.94
76,108,13.261,34.48
76,109,8.971,20.63
76,110,4.999,13.0
76,111,14.317,37.22
76,112,2.322,5.34
76,113,8.371,24.27
76,114,9.327,21.45
76,115,5.059,11.64
76,116,11.501,33.35
76,117,6.442,16.75
76,118,11.938,27.46
76,119,6.642,17.27
76,120,8.3,19.09
76,121,3.067,7.97
76,122,7.231,20.97
76,123,3.365,9.76
76,124,8.406,24.38
76,125,17.212,39.59
76,126,6.255,18.14
76,127,7.114,20.63
76,128,3.564,10.34
76,129,12.968,29.83
76,130,14.032,36.48
76,131,8.493,19.53
76,132,15.376,39.98
76,133,13.245,38.41
76,134,11.31,29.41
76,135,4.671,12.14
76,136,13.741,39.85
76,137,13.419,38.91
76,138,11.632,33.73
76,139,10.95,25.19
76,140,4.752,10.93
76,141,12.184,31.68
76,142,13.086,37.95
76,143,9.92,22.82
76,144,3.861,10.04
76,145,6.332,16.46
76,146,7.241,16.65
76,147,6.582,17.11
76,148,13.927,40.39
76,149,12.653,32.9
76,150,7.39,17.0
76,151,9.513,21.88
76,152,5.255,15.24
76,153,4.437,11.54
76,154,14.409,41.79
76,155,4.179,12.12
76,156,6.41,18.59
76,157,7.739,17.8
76,158,11.088,25.5
76,159,9.356,27.13
76,160,6.578,15.13
76,161,16.82,43.73
76,162,8.628,22.43
76,163,13.961,40.49
76,164,12.207,35.4
76,165,8.103,23.5
76,166,10.825,24.9
76,167,12.605,36.56
76,168,15.72,40.87
76,169,2.028,5.88
76,170,8.071,23.41
76,171,11.341,29.49
76,172,11.749,34.07
76,173,10.789,31.29
76,174,10.253,26.66
76,175,12.344,28.39
76,176,15.568,45.15
76,177,13.388,38.83
76,178,6.224,14.32
76,179,17.679,40.66
76,180,11.622,26.73
76,181,10.995,28.59
76,182,10.942,25.17
76,183,5.875,17.04
76,184,3.397,8.83
76,185,11.355,29.52
76,186,14.439,41.87
76,187,8.513,22.13
76,188,11.957,34.68
76,189,13.571,35.28
76,190,14.164,36.83
76,191,8.031,20.88
76,192,10.882,28.29
76,193,3.529,9.18
76,194,12.176,28.0
76,195,4.67,10.74
76,196,8.659,22.51
76,197,15.845,45.95
76,198,1.361,3.95
76,199,11.289,29.35
76,200,15.059,34.64
77,0,12.767,33.2
77,1,13.933,32.05
77,2,14.069,36.58
77,3,16.627,38.24
77,4,11.742,27.01
77,5,20.58,53.51
77,6,20.637,59.85
77,7,19.727,51.29
77,8,20.458,47.05
77,9,24.137,70.0
77,10,8.402,21.84
77,11,21.616,62.69
77,12,17.054,44.34
77,13,20.005,46.01
77,14,15.424,40.1
77,15,5.458,15.83
77,16,9.697,22.3
77,17,21.264,48.91
77,18,17.415,45.28
77,19,13.492,31.03
77,20,2.052,4.72
77,21,21.567,62.54
77,22,15.998,36.8
77,23,7.061,18.36
77,24,14.307,41.49
77,25,4.32,12.53
77,26,5.296,13.77
77,27,1.947,5.06
77,28,3.555,10.31
77,29,4.489,13.02
77,30,14.933,38.82
77,31,18.364,47.75
77,32,19.629,51.04
77,33,20.972,48.24
77,34,24.227,55.72
77,35,17.395,40.01
77,36,15.906,36.58
77,37,14.862,43.1
77,38,12.492,36.23
77,39,20.113,52.29
77,40,23.834,69.12
77,41,16.819,43.73
77,42,16.929,44.02
77,43,24.796,71.91
77,44,14.91,43.24
77,45,20.046,52.12
77,46,17.477,50.68
77,47,16.356,37.62
77,48,17.328,50.25
77,49,19.653,51.1
77,50,5.046,11.6
77,51,23.783,54.7
77,52,4.291,12.45
77,53,18.045,46.92
77,54,3.632,10.53
77,55,18.065,46.97
77,56,16.689,38.39
77,57,15.873,46.03
77,58,14.461,33.26
77,59,13.028,37.78
77,60,17.357,50.34
77,61,17.773,40.88
77,62,13.653,39.59
77,63,14.43,33.19
77,64,20.221,46.51
77,65,7.219,18.77
77,66,1.471,3.83
77,67,14.408,41.78
77,68,6.89,17.91
77,69,16.34,37.58
77,70,15.215,39.56
77,71,20.907,48.09
77,72,14.457,37.59
77,73,15.332,44.46
77,74,5.113,14.83
77,75,17.325,50.24
77,76,17.447,45.36
77,78,7.145,16.43
77,79,18.684,42.97
77,80,6.64,17.26
77,81,25.799,67.08
77,82,16.024,36.85
77,83,5.21,11.98
77,84,2.862,8.3
77,85,6.635,17.25
77,86,18.864,49.05
77,87,23.776,54.68
77,88,19.411,50.47
77,89,13.277,30.54
77,90,12.632,32.84
77,91,16.31,42.41
77,92,23.59,61.33
77,93,6.808,19.74
77,94,18.363,42.24
77,95,19.829,57.5
77,96,19.262,50.08
77,97,16.037,36.88
77,98,20.575,47.32
77,99,18.647,48.48
77,100,23.099,60.06
77,101,19.02,49.45
77,102,13.339,34.68
77,103,4.742,13.75
77,104,16.999,44.2
77,105,4.843,14.04
77,106,20.953,48.19
77,107,14.591,33.56
77,108,4.194,10.9
77,109,17.826,41.0
77,110,20.21,52.55
77,111,3.13,8.14
77,112,18.714,43.04
77,113,17.713,51.37
77,114,17.392,40.0
77,115,20.767,47.76
77,116,6.645,19.27
77,117,17.197,44.71
77,118,14.63,33.65
77,119,20.699,53.82
77,120,21.886,50.34
77,121,19.384,50.4
77,122,17.593,51.02
77,123,15.881,46.06
77,124,15.004,43.51
77,125,2.108,4.85
77,126,13.688,39.7
77,127,15.107,43.81
77,128,18.844,54.65
77,129,16.438,37.81
77,130,15.798,41.07
77,131,16.629,38.25
77,132,14.993,38.98
77,133,14.447,41.9
77,134,21.338,55.48
77,135,14.747,38.34
77,136,14.141,41.01
77,137,16.096,46.68
77,138,6.17,17.89
77,139,24.32,55.94
77,140,19.146,44.04
77,141,13.802,35.89
77,142,16.032,46.49
77,143,17.288,39.76
77,144,18.823,48.94
77,145,21.136,54.95
77,146,19.226,44.22
77,147,17.316,45.02
77,148,14.429,41.84
77,149,6.406,16.66
77,150,16.328,37.55
77,151,19.137,44.01
77,152,22.188,64.35
77,153,19.814,51.52
77,154,3.367,9.76
77,155,18.791,54.49
77,156,15.575,45.17
77,157,21.47,49.38
77,158,6.609,15.2
77,159,20.588,59.71
77,160,18.79,43.22
77,161,2.502,6.5
77,162,24.691,64.2
77,163,4.397,12.75
77,164,5.635,16.34
77,165,19.397,56.25
77,166,6.669,15.34
77,167,4.846,14.05
77,168,2.391,6.22
77,169,17.046,49.43
77,170,22.456,65.12
77,171,13.172,34.25
77,172,15.877,46.04
77,173,26.406,76.58
77,174,12.427,32.31
77,175,22.019,50.64
77,176,3.444,9.99
77,177,4.389,12.73
77,178,17.093,39.31
77,179,0.455,1.05
77,180,14.205,32.67
77,181,6.937,18.04
77,182,13.599,31.28
77,183,16.074,46.61
77,184,19.62,51.01
77,185,13.059,33.95
77,186,13.683,39.68
77,187,25.824,67.14
77,188,9.588,27.81
77,189,13.635,35.45
77,190,3.416,8.88
77,191,22.94,59.64
77,192,6.961,18.1
77,193,18.337,47.68
77,194,15.354,35.31
77,195,16.06,36.94
77,196,24.578,63.9
77,197,13.868,40.22
77,198,18.292,53.05
77,199,14.696,38.21
77,200,15.998,36.8
78,0,7.999,18.4
78,1,15.274,30.55
78,2,7.653,17.6
78,3,16.331,32.66
78,4,11.138,22.28
78,5,13.655,31.41
78,6,17.033,44.29
78,7,15.766,36.26
78,8,13.334,26.67
78,9,19.278,50.12
78,10,2.0,4.6
78,11,17.19,44.69
78,12,17.25,39.68
78,13,16.076,32.15
78,14,8.499,19.55
78,15,1.687,4.39
78,16,13.043,26.09
78,17,17.617,35.23
78,18,10.387,23.89
78,19,13.166,26.33
78,20,6.377,12.75
78,21,17.957,46.69
78,22,15.329,30.66
78,23,3.641,8.37
78,24,7.163,18.62
78,25,3.641,9.47
78,26,6.879,15.82
78,27,5.994,13.79
78,28,3.671,9.54
78,29,7.296,18.97
78,30,7.93,18.24
78,31,11.664,26.83
78,32,15.099,34.73
78,33,15.667,31.33
78,34,19.515,39.03
78,35,16.584,33.17
78,36,8.89,17.78
78,37,14.706,38.24
78,38,12.504,32.51
78,39,13.17,30.29
78,40,17.626,45.83
78,41,9.699,22.31
78,42,9.951,22.89
78,43,19.737,51.32
78,44,13.869,36.06
78,45,15.363,35.33
78,46,10.369,26.96
78,47,9.337,18.67
78,48,10.183,26.48
78,49,14.2,32.66
78,50,5.075,10.15
78,51,20.13,40.26
78,52,6.243,16.23
78,53,13.695,31.5
78,54,3.717,9.67
78,55,11.028,25.36
78,56,16.818,33.64
78,57,8.748,22.74
78,58,14.164,28.33
78,59,12.978,33.74
78,60,10.238,26.62
78,61,19.843,39.69
78,62,12.961,33.7
78,63,13.834,27.67
78,64,13.076,26.15
78,65,2.763,6.35
78,66,5.692,13.09
78,67,12.258,31.87
78,68,5.38,12.37
78,69,9.221,18.44
78,70,8.071,18.56
78,71,15.975,31.95
78,72,7.4,17.02
78,73,14.103,36.67
78,74,3.836,9.97
78,75,10.188,26.49
78,76,11.85,27.26
78,77,7.145,16.43
78,79,11.662,23.32
78,80,7.824,18.0
78,81,21.839,50.23
78,82,9.25,18.5
78,83,3.3,6.6
78,84,5.75,14.95
78,85,4.445,10.22
78,86,12.165,27.98
78,87,19.46,38.92
78,88,15.76,36.25
78,89,6.357,12.71
78,90,12.752,29.33
78,91,9.341,21.48
78,92,18.622,42.83
78,93,4.704,12.23
78,94,11.847,23.69
78,95,13.686,35.58
78,96,12.662,29.12
78,97,9.11,18.22
78,98,13.433,26.87
78,99,13.315,30.62
78,100,17.881,41.13
78,101,12.271,28.22
78,102,12.918,29.71
78,103,2.419,6.29
78,104,9.858,22.67
78,105,2.617,6.8
78,106,15.612,31.22
78,107,12.866,25.73
78,108,3.925,9.03
78,109,10.682,21.36
78,110,15.773,36.28
78,111,4.681,10.77
78,112,13.657,27.31
78,113,10.583,27.52
78,114,10.248,20.5
78,115,16.171,32.34
78,116,6.013,15.63
78,117,10.202,23.46
78,118,14.28,28.56
78,119,16.773,38.58
78,120,18.264,36.53
78,121,14.421,33.17
78,122,10.527,27.37
78,123,9.498,24.69
78,124,7.864,20.45
78,125,6.002,12.0
78,126,6.851,17.81
78,127,8.05,20.93
78,128,14.221,36.98
78,129,16.175,32.35
78,130,16.173,37.2
78,131,9.489,18.98
78,132,16.196,37.25
78,133,14.768,38.4
78,134,14.197,32.65
78,135,8.17,18.79
78,136,14.772,38.41
78,137,16.118,41.91
78,138,5.302,13.78
78,139,20.968,41.94
78,140,12.459,24.92
78,141,13.731,31.58
78,142,15.917,41.39
78,143,10.158,20.32
78,144,12.288,28.26
78,145,16.948,38.98
78,146,12.2,24.4
78,147,10.307,23.71
78,148,15.084,39.22
78,149,0.851,1.96
78,150,9.239,18.48
78,151,11.993,23.99
78,152,17.035,44.29
78,153,15.272,35.12
78,154,5.808,15.1
78,155,12.189,31.69
78,156,8.591,22.34
78,157,17.751,35.5
78,158,5.059,10.12
78,159,17.776,46.22
78,160,15.321,30.64
78,161,5.51,12.67
78,162,20.105,46.24
78,163,2.759,7.17
78,164,2.05,5.33
78,165,12.308,32.0
78,166,4.266,8.53
78,167,4.016,10.44
78,168,4.815,11.07
78,169,10.897,28.33
78,170,15.538,40.4
78,171,12.772,29.38
78,172,15.186,39.48
78,173,22.105,57.47
78,174,11.513,26.48
78,175,14.895,29.79
78,176,4.143,10.77
78,177,5.465,14.21
78,178,10.122,20.24
78,179,7.544,15.09
78,180,13.779,27.56
78,181,1.671,3.84
78,182,12.928,25.86
78,183,9.153,23.8
78,184,14.717,33.85
78,185,12.682,29.17
78,186,14.764,38.39
78,187,20.342,46.79
78,188,9.94,25.84
78,189,14.294,32.88
78,190,5.301,12.19
78,191,18.835,43.32
78,192,1.88,4.32
78,193,13.807,31.76
78,194,14.97,29.94
78,195,9.349,18.7
78,196,20.065,46.15
78,197,15.59,40.53
78,198,12.981,33.75
78,199,14.02,32.25
78,200,16.792,33.58
79,0,9.183,21.12
79,1,20.9,41.8
79,2,5.463,12.57
79,3,19.514,39.03
79,4,16.132,32.26
79,5,2.187,5.03
79,6,14.309,37.2
79,7,12.795,29.43
79,8,4.436,8.87
79,9,12.978,33.74
79,10,11.156,25.66
79,11,12.588,32.73
79,12,20.833,47.92
79,13,13.042,26.08
79,14,3.319,7.63
79,15,13.308,34.6
79,16,21.354,42.71
79,17,14.592,29.18
79,18,1.275,2.93
79,19,17.515,35.03
79,20,17.489,34.98
79,21,14.891,38.72
79,22,18.332,36.66
79,23,12.376,28.46
79,24,4.919,12.79
79,25,14.567,37.87
79,26,16.394,37.71
79,27,17.209,39.58
79,28,15.129,39.33
79,29,17.3,44.98
79,30,3.751,8.63
79,31,2.487,5.72
79,32,11.128,25.59
79,33,9.407,18.81
79,34,13.508,27.02
79,35,18.934,37.87
79,36,2.779,5.56
79,37,18.653,48.5
79,38,17.569,45.68
79,39,1.682,3.87
79,40,8.012,20.83
79,41,2.366,5.44
79,42,1.786,4.11
79,43,12.827,33.35
79,44,16.935,44.03
79,45,10.891,25.05
79,46,1.729,4.5
79,47,2.33,4.66
79,48,2.954,7.68
79,49,8.216,18.9
79,50,14.958,29.92
79,51,16.32,32.64
79,52,16.382,42.59
79,53,10.894,25.06
79,54,15.379,39.99
79,55,0.648,1.49
79,56,20.438,40.88
79,57,3.22,8.37
79,58,18.133,36.27
79,59,17.758,46.17
79,60,1.978,5.14
79,61,25.263,50.53
79,62,16.921,44.0
79,63,17.536,35.07
79,64,3.175,6.35
79,65,12.995,29.89
79,66,17.277,39.74
79,67,14.479,37.65
79,68,13.785,31.7
79,69,2.749,5.5
79,70,4.124,9.49
79,71,10.597,21.19
79,72,4.264,9.81
79,73,16.793,43.66
79,74,14.113,36.69
79,75,2.411,6.27
79,76,7.011,16.13
79,77,18.684,42.97
79,78,11.662,23.32
79,80,16.483,37.91
79,81,16.968,39.03
79,82,3.145,6.29
79,83,13.783,27.57
79,84,17.364,45.15
79,85,13.279,30.54
79,86,2.558,5.88
79,87,14.39,28.78
79,88,13.455,30.95
79,89,5.422,10.84
79,90,17.838,41.03
79,91,2.401,5.52
79,92,12.233,28.14
79,93,13.313,34.61
79,94,3.49,6.98
79,95,5.665,14.73
79,96,3.239,7.45
79,97,2.733,5.47
79,98,3.8,7.6
79,99,8.21,18.88
79,100,11.065,25.45
79,101,2.282,5.25
79,102,17.256,39.69
79,103,13.973,36.33
79,104,3.458,7.95
79,105,14.249,37.05
79,106,9.273,18.55
79,107,15.408,30.82
79,108,14.781,34.0
79,109,2.509,5.02
79,110,11.713,26.94
79,111,15.804,36.35
79,112,9.113,18.23
79,113,1.996,5.19
79,114,3.115,6.23
79,115,11.559,23.12
79,116,14.565,37.87
79,117,1.499,3.45
79,118,18.131,36.26
79,119,13.464,30.97
79,120,15.072,30.14
79,121,9.7,22.31
79,122,1.227,3.19
79,123,4.509,11.72
79,124,4.175,10.85
79,125,17.661,35.32
79,126,5.086,13.22
79,127,3.617,9.41
79,128,10.475,27.23
79,129,19.455,38.91
79,130,20.321,46.74
79,131,2.909,5.82
79,132,21.389,49.19
79,133,19.313,50.21
79,134,4.352,10.01
79,135,4.625,10.64
79,136,19.704,51.23
79,137,19.811,51.51
79,138,14.321,37.23
79,139,17.56,35.12
79,140,2.708,5.42
79,141,18.169,41.79
79,142,19.491,50.68
79,143,3.76,7.52
79,144,3.471,7.98
79,145,12.988,29.87
79,146,0.542,1.08
79,147,1.369,3.15
79,148,19.94,51.85
79,149,12.487,28.72
79,150,2.523,5.05
79,151,2.563,5.13
79,152,10.664,27.73
79,153,11.187,25.73
79,154,16.479,42.85
79,155,3.102,8.07
79,156,3.114,8.1
79,157,14.528,29.06
79,158,13.762,27.52
79,159,16.354,42.52
79,160,13.589,27.18
79,161,17.163,39.47
79,162,14.248,32.77
79,163,14.39,37.41
79,164,13.071,33.98
79,165,1.133,2.95
79,166,13.127,26.25
79,167,14.398,37.44
79,168,16.441,37.81
79,169,5.063,13.16
79,170,3.99,10.37
79,171,17.202,39.56
79,172,18.213,47.35
79,173,16.439,42.74
79,174,15.912,36.6
79,175,5.389,10.78
79,176,15.796,41.07
79,177,15.668,40.74
79,178,1.642,3.28
79,179,19.045,38.09
79,180,17.734,35.47
79,181,11.791,27.12
79,182,16.932,33.86
79,183,2.709,7.04
79,184,9.997,22.99
79,185,17.184,39.52
79,186,20.242,52.63
79,187,12.229,28.13
79,188,16.653,43.3
79,189,19.428,44.68
79,190,16.065,36.95
79,191,14.421,33.17
79,192,11.802,27.15
79,193,10.517,24.19
79,194,18.51,37.02
79,195,3.319,6.64
79,196,14.385,33.09
79,197,21.565,56.07
79,198,8.157,21.21
79,199,17.534,40.33
79,200,21.302,42.6
80,0,8.198,21.31
80,1,7.86,18.08
80,2,11.081,28.81
80,3,10.05,23.11
80,4,5.109,11.75
80,5,17.91,46.57
80,6,14.488,42.01
80,7,13.79,35.85
80,8,19.531,44.92
80,9,18.573,53.86
80,10,9.819,25.53
80,11,15.863,46.0
80,12,10.594,27.54
80,13,14.038,32.29
80,14,13.236,34.41
80,15,6.924,20.08
80,16,5.306,12.2
80,17,15.112,34.76
80,18,15.346,39.9
80,19,6.869,15.8
80,20,4.623,10.63
80,21,15.39,44.63
80,22,9.37,21.55
80,23,4.631,12.04
80,24,13.391,38.84
80,25,4.725,13.7
80,26,1.403,3.65
80,27,4.887,12.71
80,28,5.776,16.75
80,29,2.196,6.37
80,30,13.046,33.92
80,31,15.321,39.83
80,32,14.043,36.51
80,33,15.91,36.59
80,34,18.559,42.69
80,35,10.766,24.76
80,36,13.947,32.08
80,37,8.283,24.02
80,38,5.895,17.1
80,39,17.531,45.58
80,40,19.605,56.85
80,41,15.295,39.77
80,42,14.729,38.3
80,43,19.357,56.13
80,44,8.274,23.99
80,45,14.542,37.81
80,46,15.813,45.86
80,47,14.357,33.02
80,48,16.189,46.95
80,49,14.814,38.52
80,50,2.87,6.6
80,51,17.567,40.4
80,52,2.489,7.22
80,53,12.441,32.35
80,54,7.156,20.75
80,55,15.975,41.53
80,56,10.204,23.47
80,57,14.491,42.02
80,58,7.854,18.06
80,59,6.432,18.65
80,60,15.788,45.78
80,61,12.235,28.14
80,62,7.014,20.34
80,63,7.795,17.93
80,64,18.874,43.41
80,65,9.912,25.77
80,66,6.47,16.82
80,67,7.985,23.16
80,68,2.826,7.35
80,69,14.858,34.17
80,70,14.169,36.84
80,71,15.539,35.74
80,72,12.841,33.39
80,73,8.703,25.24
80,74,4.074,11.82
80,75,15.952,46.26
80,76,12.944,33.65
80,77,6.64,17.26
80,78,7.824,18.0
80,79,16.483,37.91
80,81,19.671,51.14
80,82,13.386,30.79
80,83,4.61,10.6
80,84,8.417,24.41
80,85,3.62,9.41
80,86,15.773,41.01
80,87,17.88,41.13
80,88,13.33,34.66
80,89,11.405,26.23
80,90,6.057,15.75
80,91,14.147,36.78
80,92,18.125,47.13
80,93,3.455,10.02
80,94,14.976,34.45
80,95,15.755,45.69
80,96,15.947,41.46
80,97,13.777,31.69
80,98,19.377,44.57
80,99,13.771,35.8
80,100,17.852,46.42
80,101,16.023,41.66
80,102,6.707,17.44
80,103,6.423,18.63
80,104,16.043,41.71
80,105,7.595,22.03
80,106,15.924,36.63
80,107,8.047,18.51
80,108,4.483,11.66
80,109,16.538,38.04
80,110,14.53,37.78
80,111,4.673,12.15
80,112,13.589,31.25
80,113,16.212,47.02
80,114,16.324,37.54
80,115,15.164,34.88
80,116,2.022,5.86
80,117,15.029,39.08
80,118,8.019,18.44
80,119,14.701,38.22
80,120,15.705,36.12
80,121,14.132,36.74
80,122,15.671,45.45
80,123,12.558,36.42
80,124,13.883,40.26
80,125,7.875,18.11
80,126,11.54,33.47
80,127,13.408,38.88
80,128,13.372,38.78
80,129,9.864,22.69
80,130,9.365,24.35
80,131,15.352,35.31
80,132,8.877,23.08
80,133,7.967,23.1
80,134,20.131,52.34
80,135,11.908,30.96
80,136,7.753,22.48
80,137,9.574,27.77
80,138,2.578,7.48
80,139,17.979,41.35
80,140,16.006,36.81
80,141,7.218,18.77
80,142,9.479,27.49
80,143,16.474,37.89
80,144,15.426,40.11
80,145,15.262,39.68
80,146,16.998,39.1
80,147,15.186,39.48
80,148,8.058,23.37
80,149,7.729,20.09
80,150,14.643,33.68
80,151,17.79,40.92
80,152,16.931,49.1
80,153,14.226,36.99
80,154,3.516,10.2
80,155,15.518,45.0
80,156,13.547,39.29
80,157,15.344,35.29
80,158,2.994,6.89
80,159,14.153,41.04
80,160,12.651,29.1
80,161,7.859,20.43
80,162,18.927,49.21
80,163,6.703,19.44
80,164,5.878,17.05
80,165,17.457,50.62
80,166,3.812,8.77
80,167,3.984,11.55
80,168,6.64,17.26
80,169,13.241,38.4
80,170,19.651,56.99
80,171,6.54,17.0
80,172,9.246,26.81
80,173,20.434,59.26
80,174,5.811,15.11
80,175,21.019,48.34
80,176,7.517,21.8
80,177,2.883,8.36
80,178,14.854,34.16
80,179,6.587,15.15
80,180,7.581,17.44
80,181,6.33,16.46
80,182,6.96,16.01
80,183,13.793,40.0
80,184,14.306,37.2
80,185,6.427,16.71
80,186,7.469,21.66
80,187,20.701,53.82
80,188,2.963,8.59
80,189,7.242,18.83
80,190,3.794,9.86
80,191,16.956,44.09
80,192,6.162,16.02
80,193,12.834,33.37
80,194,8.748,20.12
80,195,13.286,30.56
80,196,18.774,48.81
80,197,8.019,23.26
80,198,13.426,38.93
80,199,8.06,20.96
80,200,9.721,22.36
81,0,13.843,35.99
81,1,16.927,38.93
81,2,15.476,40.24
81,3,13.007,29.92
81,4,15.055,34.63
81,5,15.846,41.2
81,6,5.185,15.04
81,7,6.137,15.96
81,8,21.19,48.74
81,9,4.205,12.2
81,10,22.93,59.62
81,11,4.779,13.86
81,12,13.961,36.3
81,13,5.84,13.43
81,14,16.872,43.87
81,15,22.632,65.63
81,16,21.083,48.49
81,17,4.559,10.49
81,18,17.188,44.69
81,19,14.299,32.89
81,20,23.785,54.71
81,21,4.283,12.42
81,22,12.536,28.83
81,23,19.301,50.18
81,24,19.633,56.93
81,25,21.982,63.75
81,26,20.751,53.95
81,27,23.853,62.02
81,28,23.22,67.34
81,29,21.785,63.18
81,30,17.561,45.66
81,31,14.564,37.87
81,32,6.822,17.74
81,33,7.577,17.43
81,34,3.596,8.27
81,35,11.689,26.89
81,36,17.388,39.99
81,37,13.91,40.34
81,38,15.263,44.26
81,39,16.044,41.71
81,40,10.644,30.87
81,41,18.527,48.17
81,42,16.822,43.74
81,43,4.823,13.99
81,44,12.533,36.35
81,45,6.699,17.42
81,46,18.259,52.95
81,47,17.304,39.8
81,48,19.607,56.86
81,49,8.915,23.18
81,50,20.77,47.77
81,51,2.205,5.07
81,52,21.597,62.63
81,53,8.144,21.17
81,54,24.375,70.69
81,55,17.197,44.71
81,56,13.886,31.94
81,57,18.753,54.38
81,58,13.858,31.87
81,59,14.908,43.23
81,60,18.489,53.62
81,61,18.751,43.13
81,62,13.737,39.84
81,63,13.426,30.88
81,64,19.842,45.64
81,65,24.499,63.7
81,66,25.037,65.1
81,67,11.767,34.13
81,68,18.936,49.23
81,69,18.565,42.7
81,70,19.455,50.58
81,71,6.528,15.02
81,72,18.149,47.19
81,73,12.021,34.86
81,74,21.003,60.91
81,75,18.997,55.09
81,76,10.908,28.36
81,77,25.799,67.08
81,78,21.839,50.23
81,79,16.968,39.03
81,80,19.671,51.14
81,82,15.792,36.32
81,83,21.152,48.65
81,84,26.429,76.64
81,85,19.359,50.33
81,86,14.413,37.47
81,87,2.615,6.01
81,88,6.388,16.61
81,89,17.715,40.75
81,90,15.331,39.86
81,91,16.904,43.95
81,92,4.879,12.69
81,93,19.134,55.49
81,94,13.594,31.27
81,95,11.303,32.78
81,96,13.734,35.71
81,97,16.677,38.36
81,98,20.414,46.95
81,99,9.321,24.24
81,100,6.078,15.8
81,101,14.688,38.19
81,102,14.259,37.07
81,103,22.808,66.14
81,104,20.003,52.01
81,105,23.877,69.24
81,106,7.707,17.73
81,107,11.965,27.52
81,108,21.969,57.12
81,109,19.33,44.46
81,110,6.127,15.93
81,111,22.881,59.49
81,112,8.628,19.84
81,113,18.736,54.33
81,114,19.808,45.56
81,115,5.878,13.52
81,116,19.159,55.56
81,117,16.915,43.98
81,118,13.695,31.5
81,119,5.136,13.35
81,120,3.971,9.13
81,121,7.853,20.42
81,122,17.596,51.03
81,123,14.255,41.34
81,124,19.259,55.85
81,125,26.218,60.3
81,126,17.141,49.71
81,127,17.972,52.12
81,128,7.711,22.36
81,129,13.131,30.2
81,130,14.61,37.99
81,131,19.117,43.97
81,132,16.493,42.88
81,133,14.891,43.18
81,134,20.683,53.78
81,135,15.576,40.5
81,136,15.54,45.07
81,137,13.811,40.05
81,138,19.641,56.96
81,139,2.583,5.94
81,140,14.265,32.81
81,141,14.506,37.72
81,142,13.559,39.32
81,143,20.445,47.02
81,144,13.518,35.15
81,145,4.893,12.72
81,146,16.972,39.04
81,147,17.02,44.25
81,148,15.503,44.96
81,149,22.535,58.59
81,150,18.068,41.56
81,151,19.504,44.86
81,152,6.316,18.32
81,153,6.667,17.33
81,154,22.441,65.08
81,155,13.882,40.26
81,156,17.228,49.96
81,157,4.336,9.97
81,158,19.246,44.27
81,159,6.091,17.66
81,160,7.031,16.17
81,161,25.942,67.45
81,162,2.893,7.52
81,163,23.346,67.7
81,164,21.56,62.52
81,165,17.847,51.76
81,166,19.383,44.58
81,167,21.21,61.51
81,168,24.691,64.2
81,169,12.777,37.05
81,170,15.807,45.84
81,171,14.378,37.38
81,172,12.555,36.41
81,173,1.471,4.27
81,174,14.303,37.19
81,175,21.622,49.73
81,176,24.897,72.2
81,177,21.41,62.09
81,178,16.729,38.48
81,179,25.889,59.54
81,180,13.788,31.71
81,181,20.587,53.53
81,182,13.795,31.73
81,183,16.627,48.22
81,184,7.522,19.56
81,185,14.472,37.63
81,186,16.48,47.79
81,187,6.716,17.46
81,188,17.261,50.06
81,189,15.744,40.93
81,190,22.396,58.23
81,191,3.007,7.82
81,192,20.42,53.09
81,193,8.067,20.97
81,194,13.316,30.63
81,195,15.47,35.58
81,196,2.675,6.96
81,197,17.703,51.34
81,198,9.549,27.69
81,199,13.167,34.23
81,200,15.471,35.58
82,0,6.09,14.01
82,1,17.825,35.65
82,2,2.323,5.34
82,3,16.64,33.28
82,4,13.035,26.07
82,5,4.617,10.62
82,6,12.361,32.14
82,7,10.823,24.89
82,8,7.07,14.14
82,9,12.163,31.62
82,10,9.178,21.11
82,11,11.114,28.9
82,12,17.937,41.26
82,13,11.105,22.21
82,14,1.12,2.57
82,15,10.806,28.1
82,16,18.213,36.43
82,17,12.743,25.49
82,18,2.221,5.11
82,19,14.485,28.97
82,20,14.679,29.36
82,21,13.069,33.98
82,22,15.452,30.9
82,23,9.426,21.68
82,24,3.935,10.23
82,25,11.792,30.66
82,26,13.362,30.73
82,27,14.434,33.2
82,28,12.487,32.47
82,29,14.302,37.18
82,30,1.871,4.3
82,31,2.422,5.57
82,32,9.334,21.47
82,33,8.338,16.68
82,34,12.602,25.2
82,35,16.153,32.31
82,36,1.625,3.25
82,37,15.679,40.77
82,38,14.49,37.67
82,39,4.191,9.64
82,40,8.687,22.59
82,41,3.043,7.0
82,42,1.574,3.62
82,43,12.261,31.88
82,44,14.013,36.43
82,45,9.247,21.27
82,46,3.126,8.13
82,47,1.676,3.35
82,48,4.244,11.03
82,49,6.898,15.87
82,50,12.004,24.01
82,51,14.78,29.56
82,52,13.42,34.89
82,53,8.722,20.06
82,54,12.917,33.58
82,55,2.741,6.3
82,56,17.531,35.06
82,57,3.001,7.8
82,58,15.147,30.29
82,59,14.699,38.22
82,60,3.258,8.47
82,61,22.242,44.48
82,62,13.911,36.17
82,63,14.563,29.13
82,64,6.017,12.03
82,65,11.043,25.4
82,66,14.669,33.74
82,67,11.573,30.09
82,68,10.731,24.68
82,69,2.914,5.83
82,70,3.664,8.43
82,71,9.264,18.53
82,72,2.538,5.84
82,73,13.91,36.16
82,74,11.246,29.24
82,75,3.692,9.6
82,76,4.999,11.5
82,77,16.024,36.85
82,78,9.25,18.5
82,79,3.145,6.29
82,80,13.386,30.79
82,81,15.792,36.32
82,83,10.964,21.93
82,84,14.997,38.99
82,85,10.283,23.65
82,86,2.92,6.72
82,87,13.178,26.36
82,88,11.345,26.09
82,89,2.934,5.87
82,90,14.761,33.95
82,91,1.263,2.9
82,92,11.416,26.26
82,93,10.295,26.77
82,94,2.811,5.62
82,95,5.118,13.31
82,96,3.472,7.98
82,97,0.926,1.85
82,98,6.617,13.23
82,99,6.511,14.98
82,100,10.366,23.84
82,101,3.022,6.95
82,102,14.221,32.71
82,103,11.409,29.66
82,104,4.495,10.34
82,105,11.866,30.85
82,106,8.227,16.45
82,107,12.499,25.0
82,108,11.984,27.56
82,109,4.22,8.44
82,110,9.996,22.99
82,111,13.035,29.98
82,112,7.314,14.63
82,113,3.658,9.51
82,114,4.451,8.9
82,115,10.017,20.03
82,116,11.499,29.9
82,117,1.85,4.25
82,118,15.156,30.31
82,119,11.633,26.76
82,120,13.294,26.59
82,121,8.032,18.47
82,122,2.66,6.92
82,123,1.735,4.51
82,124,3.477,9.04
82,125,15.206,30.41
82,126,2.4,6.24
82,127,2.208,5.74
82,128,8.549,22.23
82,129,16.567,33.13
82,130,17.357,39.92
82,131,3.537,7.07
82,132,18.349,42.2
82,133,16.297,42.37
82,134,7.281,16.75
82,135,1.486,3.42
82,136,16.663,43.32
82,137,16.885,43.9
82,138,11.299,29.38
82,139,15.949,31.9
82,140,3.217,6.43
82,141,15.143,34.83
82,142,16.571,43.09
82,143,4.998,10.0
82,144,3.19,7.34
82,145,11.327,26.05
82,146,3.635,7.27
82,147,2.021,4.65
82,148,16.908,43.96
82,149,10.1,23.23
82,150,2.421,4.84
82,151,5.09,10.18
82,152,9.743,25.33
82,153,9.436,21.7
82,154,13.596,35.35
82,155,3.013,7.83
82,156,1.437,3.74
82,157,12.732,25.46
82,158,10.733,21.47
82,159,14.177,36.86
82,160,11.344,22.69
82,161,14.732,33.88
82,162,13.317,30.63
82,163,11.872,30.87
82,164,10.392,27.02
82,165,4.212,10.95
82,166,10.142,20.28
82,167,11.534,29.99
82,168,13.884,31.93
82,169,3.022,7.86
82,170,6.463,16.8
82,171,14.159,32.57
82,172,15.327,39.85
82,173,15.522,40.36
82,174,12.847,29.55
82,175,8.291,16.58
82,176,13.373,34.77
82,177,12.733,33.1
82,178,1.628,3.26
82,179,16.357,32.71
82,180,14.741,29.48
82,181,9.087,20.9
82,182,13.918,27.84
82,183,0.887,2.31
82,184,8.36,19.23
82,185,14.136,32.51
82,186,17.169,44.64
82,187,12.198,28.06
82,188,13.509,35.12
82,189,16.369,37.65
82,190,13.21,30.38
82,191,12.987,29.87
82,192,9.066,20.85
82,193,8.452,19.44
82,194,15.574,31.15
82,195,0.33,0.66
82,196,13.394,30.81
82,197,18.476,48.04
82,198,6.337,16.48
82,199,14.579,33.53
82,200,18.318,36.64
83,0,7.673,17.65
83,1,12.308,24.62
83,2,8.913,20.5
83,3,13.854,27.71
83,4,8.604,17.21
83,5,15.568,35.81
83,6,16.086,41.82
83,7,15.017,34.54
83,8,16.093,32.19
83,9,19.159,49.81
83,10,5.259,12.1
83,11,16.758,43.57
83,12,14.631,33.65
83,13,15.312,30.62
83,14,10.473,24.09
83,15,2.347,6.1
83,16,9.757,19.51
83,17,16.702,33.4
83,18,12.537,28.84
83,19,10.614,21.23
83,20,3.716,7.43
83,21,17.025,44.26
83,22,12.961,25.92
83,23,1.908,4.39
83,24,9.824,25.54
83,25,0.899,2.34
83,26,3.582,8.24
83,27,3.479,8.0
83,28,2.069,5.38
83,29,4.032,10.48
83,30,10.066,23.15
83,31,13.249,30.47
83,32,14.716,33.85
83,33,15.861,31.72
83,34,19.295,38.59
83,35,14.297,28.59
83,36,11.037,22.07
83,37,12.143,31.57
83,38,9.818,25.53
83,39,15.119,34.77
83,40,18.624,48.42
83,41,12.129,27.9
83,42,12.002,27.6
83,43,19.766,51.39
83,44,11.603,30.17
83,45,15.089,34.7
83,46,12.745,33.14
83,47,11.482,22.96
83,48,12.813,33.31
83,49,14.506,33.36
83,50,1.784,3.57
83,51,19.247,38.49
83,52,2.979,7.75
83,53,13.171,30.29
83,54,3.307,8.6
83,55,13.191,30.34
83,56,14.212,28.42
83,57,11.221,29.17
83,58,11.633,23.27
83,59,10.328,26.85
83,60,12.659,32.91
83,61,16.793,33.59
83,62,10.532,27.38
83,63,11.398,22.8
83,64,15.661,31.32
83,65,5.331,12.26
83,66,4.061,9.34
83,67,10.427,27.11
83,68,2.653,6.1
83,69,11.657,23.31
83,70,10.695,24.6
83,71,15.887,31.77
83,72,9.676,22.25
83,73,11.919,30.99
83,74,0.542,1.41
83,75,12.707,33.04
83,76,12.266,28.21
83,77,5.21,11.98
83,78,3.3,6.6
83,79,13.783,27.57
83,80,4.61,10.6
83,81,21.152,48.65
83,82,10.964,21.93
83,84,5.279,13.73
83,85,1.888,4.34
83,86,13.745,31.61
83,87,18.976,37.95
83,88,14.822,34.09
83,89,8.371,16.74
83,90,10.041,23.09
83,91,11.383,26.18
83,92,18.578,42.73
83,93,2.16,5.61
83,94,13.195,26.39
83,95,14.619,38.01
83,96,14.11,32.45
83,97,11.076,22.15
83,98,16.086,32.17
83,99,13.515,31.08
83,100,18.019,41.44
83,101,13.92,32.02
83,102,10.391,23.9
83,103,1.999,5.2
83,104,12.562,28.89
83,105,3.245,8.44
83,106,15.834,31.67
83,107,10.857,21.71
83,108,1.03,2.37
83,109,13.254,26.51
83,110,15.333,35.27
83,111,2.101,4.83
83,112,13.643,27.29
83,113,13.049,33.93
83,114,12.91,25.82
83,115,15.845,31.69
83,116,3.032,7.88
83,117,12.285,28.25
83,118,11.77,23.54
83,119,16.016,36.84
83,120,17.343,34.69
83,121,14.342,32.99
83,122,12.768,33.2
83,123,10.703,27.83
83,124,10.444,27.16
83,125,5.091,10.18
83,126,8.708,22.64
83,127,10.312,26.81
83,128,13.892,36.12
83,129,13.683,27.37
83,130,13.478,31.0
83,131,12.038,24.08
83,132,13.28,30.54
83,133,12.056,31.35
83,134,16.855,38.77
83,135,9.626,22.14
83,136,11.972,31.13
83,137,13.531,35.18
83,138,2.27,5.9
83,139,19.923,39.85
83,140,14.021,28.04
83,141,11.113,25.56
83,142,13.37,34.76
83,143,12.926,25.85
83,144,13.656,31.41
83,145,16.358,37.62
83,146,14.324,28.65
83,147,12.417,28.56
83,148,12.285,31.94
83,149,3.12,7.18
83,150,11.565,23.13
83,151,14.561,29.12
83,152,17.119,44.51
83,153,14.899,34.27
83,154,2.747,7.14
83,155,13.642,35.47
83,156,10.677,27.76
83,157,16.881,33.76
83,158,2.279,4.56
83,159,16.403,42.65
83,160,14.269,28.54
83,161,4.791,11.02
83,162,19.803,45.55
83,163,2.439,6.34
83,164,1.277,3.32
83,165,14.593,37.94
83,166,1.812,3.62
83,167,0.728,1.89
83,168,3.56,8.19
83,169,11.839,30.78
83,170,17.427,45.31
83,171,10.232,23.53
83,172,12.822,33.34
83,173,21.631,56.24
83,174,9.112,20.96
83,175,17.639,35.28
83,176,3.809,9.9
83,177,2.192,5.7
83,178,12.157,24.31
83,179,5.484,10.97
83,180,11.281,22.56
83,181,2.123,4.88
83,182,10.49,20.98
83,183,11.108,28.88
83,184,14.596,33.57
83,185,10.131,23.3
83,186,11.848,30.8
83,187,20.697,47.6
83,188,7.037,18.3
83,189,11.475,26.39
83,190,2.295,5.28
83,191,18.212,41.89
83,192,2.045,4.7
83,193,13.408,30.84
83,194,12.491,24.98
83,195,10.972,21.94
83,196,19.715,45.34
83,197,12.549,32.63
83,198,13.162,34.22
83,199,11.619,26.72
83,200,13.991,27.98
84,0,12.831,37.21
84,1,16.138,41.96
84,2,13.31,38.6
84,3,18.431,47.92
84,4,13.306,34.59
84,5,19.39,56.23
84,6,21.363,68.36
84,7,20.293,58.85
84,8,18.609,48.38
84,9,24.343,77.9
84,10,6.421,18.62
84,11,22.003,70.41
84,12,19.011,55.13
84,13,20.589,53.53
84,14,14.243,41.3
84,15,4.241,13.57
84,16,12.271,31.9
84,17,21.981,57.15
84,18,16.091,46.66
84,19,15.209,39.54
84,20,4.06,10.56
84,21,22.302,71.37
84,22,17.676,45.96
84,23,7.138,20.7
84,24,12.689,40.61
84,25,4.478,14.33
84,26,7.016,20.35
84,27,3.662,10.62
84,28,3.213,10.28
84,29,6.533,20.91
84,30,13.656,39.6
84,31,17.407,50.48
84,32,19.946,57.84
84,33,20.929,54.41
84,34,24.505,63.71
84,35,19.058,49.55
84,36,14.607,37.98
84,37,16.669,53.34
84,38,14.279,45.69
84,39,18.901,54.81
84,40,23.273,74.47
84,41,15.306,44.39
84,42,15.679,45.47
84,43,24.908,79.71
84,44,16.443,52.62
84,45,20.298,58.86
84,46,15.992,51.18
84,47,15.05,39.13
84,48,15.652,50.09
84,49,19.52,56.61
84,50,6.033,15.68
84,51,24.525,63.76
84,52,5.93,18.97
84,53,18.419,53.42
84,54,2.16,6.91
84,55,16.724,48.5
84,56,18.62,48.41
84,57,14.349,45.92
84,58,16.215,42.16
84,59,14.814,47.41
84,60,15.841,50.69
84,61,20.215,52.56
84,62,15.26,48.83
84,63,16.09,41.84
84,64,18.527,48.17
84,65,4.882,14.16
84,66,2.029,5.88
84,67,15.552,49.77
84,68,7.698,22.32
84,69,14.833,38.57
84,70,13.596,39.43
84,71,21.051,54.73
84,72,13.101,37.99
84,73,16.814,53.81
84,74,5.474,17.52
84,75,15.735,50.35
84,76,17.213,49.92
84,77,2.862,8.3
84,78,5.75,14.95
84,79,17.364,45.15
84,80,8.417,24.41
84,81,26.429,76.64
84,82,14.997,38.99
84,83,5.279,13.73
84,85,7.115,20.63
84,86,17.909,51.94
84,87,24.233,63.01
84,88,20.1,58.29
84,89,12.106,31.48
84,90,14.456,41.92
84,91,15.073,43.71
84,92,23.739,68.84
84,93,7.363,23.56
84,94,17.558,45.65
84,95,19.294,61.74
84,96,18.392,53.34
84,97,14.853,38.62
84,98,18.819,48.93
84,99,18.566,53.84
84,100,23.118,67.04
84,101,18.019,52.25
84,102,15.021,43.56
84,103,3.785,12.11
84,104,15.269,44.28
84,105,3.133,10.03
84,106,20.89,54.32
84,107,15.888,41.31
84,108,4.539,13.16
84,109,16.185,42.08
84,110,20.576,59.67
84,111,3.844,11.15
84,112,18.772,48.81
84,113,16.156,51.7
84,114,15.687,40.79
84,115,21.068,54.78
84,116,7.751,24.8
84,117,15.922,46.17
84,118,16.372,42.57
84,119,21.293,61.75
84,120,22.621,58.81
84,121,19.496,56.54
84,122,16.203,51.85
84,123,15.16,48.51
84,124,13.424,42.96
84,125,0.754,1.96
84,126,12.6,40.32
84,127,13.747,43.99
84,128,19.108,61.15
84,129,18.249,47.45
84,130,17.781,51.56
84,131,15.031,39.08
84,132,17.184,49.83
84,133,16.384,52.43
84,134,19.566,56.74
84,135,13.879,40.25
84,136,16.158,51.71
84,137,17.984,57.55
84,138,7.085,22.67
84,139,25.189,65.49
84,140,18.202,47.33
84,141,15.606,45.26
84,142,17.878,57.21
84,143,15.496,40.29
84,144,18.005,52.21
84,145,21.623,62.71
84,146,17.898,46.53
84,147,16.021,46.46
84,148,16.46,52.67
84,149,4.903,14.22
84,150,14.899,38.74
84,151,17.474,45.43
84,152,22.233,71.15
84,153,20.128,58.37
84,154,4.906,15.7
84,155,17.92,57.34
84,156,14.321,45.83
84,157,22.16,57.62
84,158,7.344,19.1
84,159,21.622,69.19
84,160,19.543,50.81
84,161,0.558,1.62
84,162,25.032,72.59
84,163,3.253,10.41
84,164,5.016,16.05
84,165,17.95,57.44
84,166,7.069,18.38
84,167,5.306,16.98
84,168,1.835,5.32
84,169,16.488,52.76
84,170,21.272,68.07
84,171,14.856,43.08
84,172,17.545,56.14
84,173,26.891,86.05
84,174,13.919,40.37
84,175,20.16,52.42
84,176,1.654,5.29
84,177,5.642,18.05
84,178,15.851,41.21
84,179,3.291,8.56
84,180,15.912,41.37
84,181,6.224,18.05
84,182,15.211,39.55
84,183,14.897,47.67
84,184,19.763,57.31
84,185,14.746,42.76
84,186,15.813,50.6
84,187,25.717,74.58
84,188,11.345,36.3
84,189,15.647,45.38
84,190,4.644,13.47
84,191,23.483,68.1
84,192,6.331,18.36
84,193,18.636,54.04
84,194,17.104,44.47
84,195,15.09,39.23
84,196,24.953,72.36
84,197,16.168,51.74
84,198,18.217,58.3
84,199,16.339,47.38
84,200,18.101,47.06
85,0,6.148,15.98
85,1,10.83,24.91
85,2,8.068,20.98
85,3,12.086,27.8
85,4,6.838,15.73
85,5,14.892,38.72
85,6,14.261,41.36
85,7,13.236,34.41
85,8,16.049,36.91
85,9,17.515,50.79
85,10,6.431,16.72
85,11,15.041,43.62
85,12,12.923,33.6
85,13,13.525,31.11
85,14,9.971,25.92
85,15,4.033,11.7
85,16,8.925,20.53
85,17,14.881,34.23
85,18,12.083,31.41
85,19,8.865,20.39
85,20,4.809,11.06
85,21,15.2,44.08
85,22,11.155,25.66
85,23,1.014,2.64
85,24,9.844,28.55
85,25,2.638,7.65
85,26,3.144,8.17
85,27,4.728,12.29
85,28,3.909,11.33
85,29,4.023,11.67
85,30,9.689,25.19
85,31,12.424,32.3
85,32,13.026,33.87
85,33,14.345,32.99
85,34,17.621,40.53
85,35,12.474,28.69
85,36,10.627,24.44
85,37,10.404,30.17
85,38,8.13,23.58
85,39,14.474,37.63
85,40,17.409,50.49
85,41,11.887,30.9
85,42,11.497,29.89
85,43,18.164,52.67
85,44,9.768,28.33
85,45,13.428,34.91
85,46,12.445,36.09
85,47,11.056,25.43
85,48,12.712,36.87
85,49,13.048,33.92
85,50,1.776,4.09
85,51,17.424,40.07
85,52,3.152,9.14
85,53,11.457,29.79
85,54,5.193,15.06
85,55,12.728,33.09
85,56,12.497,28.74
85,57,11.04,32.01
85,58,9.879,22.72
85,59,8.623,25.01
85,60,12.396,35.95
85,61,15.403,35.43
85,62,8.737,25.34
85,63,9.609,22.1
85,64,15.467,35.58
85,65,6.901,17.94
85,66,5.699,14.82
85,67,8.539,24.76
85,68,0.935,2.43
85,69,11.433,26.3
85,70,10.651,27.69
85,71,14.275,32.83
85,72,9.411,24.47
85,73,10.068,29.2
85,74,1.647,4.78
85,75,12.519,36.3
85,76,10.891,28.32
85,77,6.635,17.25
85,78,4.445,10.22
85,79,13.279,30.54
85,80,3.62,9.41
85,81,19.359,50.33
85,82,10.283,23.65
85,83,1.888,4.34
85,84,7.115,20.63
85,86,12.905,33.55
85,87,17.234,39.64
85,88,13.004,33.81
85,89,8.005,18.41
85,90,8.368,21.76
85,91,10.892,28.32
85,92,16.96,44.09
85,93,0.283,0.82
85,94,12.24,28.15
85,95,13.426,38.94
85,96,13.189,34.29
85,97,10.546,24.26
85,98,15.944,36.67
85,99,12.032,31.28
85,100,16.464,42.81
85,101,13.116,34.1
85,102,8.631,22.44
85,103,3.839,11.13
85,104,12.533,32.59
85,105,5.077,14.72
85,106,14.329,32.96
85,107,8.98,20.65
85,108,2.61,6.79
85,109,13.095,30.12
85,110,13.624,35.42
85,111,3.561,9.26
85,112,12.08,27.78
85,113,12.811,37.15
85,114,12.836,29.52
85,115,14.162,32.57
85,116,1.635,4.74
85,117,11.792,30.66
85,118,10.008,23.02
85,119,14.227,36.99
85,120,15.519,35.69
85,121,12.749,33.15
85,122,12.37,35.87
85,123,9.746,28.26
85,124,10.374,30.08
85,125,6.861,15.78
85,126,8.221,23.84
85,127,10.009,29.03
85,128,12.226,35.46
85,129,11.92,27.42
85,130,11.805,30.69
85,131,11.891,27.35
85,132,11.757,30.57
85,133,10.389,30.13
85,134,16.706,43.44
85,135,8.852,23.02
85,136,10.359,30.04
85,137,11.805,34.24
85,138,1.087,3.15
85,139,18.074,41.57
85,140,13.164,30.28
85,141,9.395,24.43
85,142,11.627,33.72
85,143,12.947,29.78
85,144,12.702,33.02
85,145,14.604,37.97
85,146,13.81,31.76
85,147,11.939,31.04
85,148,10.672,30.95
85,149,4.57,11.88
85,150,11.262,25.9
85,151,14.373,33.06
85,152,15.553,45.1
85,153,13.211,34.35
85,154,3.525,10.22
85,155,12.733,36.93
85,156,10.24,29.69
85,157,15.067,34.65
85,158,0.64,1.47
85,159,14.526,42.12
85,160,12.434,28.6
85,161,6.607,17.18
85,162,18.104,47.07
85,163,4.312,12.5
85,164,2.816,8.17
85,165,14.185,41.14
85,166,0.193,0.44
85,167,1.854,5.38
85,168,5.339,13.88
85,169,10.711,31.06
85,170,16.706,48.45
85,171,8.476,22.04
85,172,11.015,31.94
85,173,19.882,57.66
85,174,7.303,18.99
85,175,17.561,40.39
85,176,5.69,16.5
85,177,2.533,7.35
85,178,11.637,26.76
85,179,6.826,15.7
85,180,9.513,21.88
85,181,2.823,7.34
85,182,8.698,20.01
85,183,10.57,30.65
85,184,12.986,33.76
85,185,8.38,21.79
85,186,10.323,29.94
85,187,19.2,49.92
85,188,5.496,15.94
85,189,9.875,25.67
85,190,3.278,8.52
85,191,16.442,42.75
85,192,2.632,6.84
85,193,11.726,30.49
85,194,10.72,24.66
85,195,10.236,23.54
85,196,18.004,46.81
85,197,11.15,32.33
85,198,11.676,33.86
85,199,9.82,25.53
85,200,12.383,28.48
86,0,7.876,20.48
86,1,19.333,44.47
86,2,4.85,12.61
86,3,17.587,40.45
86,4,14.68,33.77
86,5,2.335,6.07
86,6,11.843,34.35
86,7,10.348,26.9
86,8,6.917,15.91
86,9,10.448,30.3
86,10,12.073,31.39
86,11,10.042,29.12
86,12,18.925,49.2
86,13,10.582,24.34
86,14,3.833,9.97
86,15,13.706,39.75
86,16,20.327,46.75
86,17,12.099,27.83
86,18,2.963,7.7
86,19,15.864,36.49
86,20,17.445,40.12
86,21,12.391,35.93
86,22,16.421,37.77
86,23,12.112,31.49
86,24,6.388,18.53
86,25,14.595,42.32
86,26,15.9,41.34
86,27,17.224,44.78
86,28,15.346,44.5
86,29,16.886,48.97
86,30,4.556,11.85
86,31,0.502,1.31
86,32,8.646,22.48
86,33,6.849,15.75
86,34,10.969,25.23
86,35,16.904,38.88
86,36,3.83,8.81
86,37,16.88,48.95
86,38,16.044,46.53
86,39,2.156,5.61
86,40,5.967,17.3
86,41,4.384,11.4
86,42,2.85,7.41
86,43,10.339,29.98
86,44,15.096,43.78
86,45,8.379,21.78
86,46,3.959,11.48
86,47,3.518,8.09
86,48,5.308,15.39
86,49,5.678,14.76
86,50,14.662,33.72
86,51,13.773,31.68
86,52,16.057,46.57
86,53,8.547,22.22
86,54,15.818,45.87
86,55,2.818,7.33
86,56,18.547,42.66
86,57,4.933,14.31
86,58,16.387,37.69
86,59,16.171,46.9
86,60,4.207,12.2
86,61,23.54,54.14
86,62,15.234,44.18
86,63,15.773,36.28
86,64,5.6,12.88
86,65,13.94,36.24
86,66,17.532,45.58
86,67,12.647,36.68
86,68,13.254,34.46
86,69,4.582,10.54
86,70,5.819,15.13
86,71,8.047,18.51
86,72,5.226,13.59
86,73,14.9,43.21
86,74,13.99,40.57
86,75,4.708,13.65
86,76,4.716,12.26
86,77,18.864,49.05
86,78,12.165,27.98
86,79,2.558,5.88
86,80,15.773,41.01
86,81,14.413,37.47
86,82,2.92,6.72
86,83,13.745,31.61
86,84,17.909,51.94
86,85,12.905,33.55
86,87,11.833,27.22
86,88,11.049,28.73
86,89,5.851,13.46
86,90,16.302,42.39
86,91,3.254,8.46
86,92,9.7,25.22
86,93,12.885,37.37
86,94,1.088,2.5
86,95,3.115,9.03
86,96,0.732,1.9
86,97,3.289,7.57
86,98,6.212,14.29
86,99,5.748,14.95
86,100,8.544,22.21
86,101,0.344,0.89
86,102,15.616,40.6
86,103,14.294,41.45
86,104,5.762,14.98
86,105,14.779,42.86
86,106,6.716,15.45
86,107,13.568,31.21
86,108,14.772,38.41
86,109,4.96,11.41
86,110,9.209,23.94
86,111,15.834,41.17
86,112,6.661,15.32
86,113,4.384,12.71
86,114,5.496,12.64
86,115,9.025,20.76
86,116,13.986,40.56
86,117,2.802,7.29
86,118,16.365,37.64
86,119,10.973,28.53
86,120,12.562,28.89
86,121,7.204,18.73
86,122,3.294,9.55
86,123,3.215,9.32
86,124,5.748,16.67
86,125,18.106,41.64
86,126,5.319,15.43
86,127,4.707,13.65
86,128,8.039,23.31
86,129,17.544,40.35
86,130,18.518,48.15
86,131,4.995,11.49
86,132,19.728,51.29
86,133,17.614,51.08
86,134,6.651,17.29
86,135,4.12,10.71
86,136,18.057,52.37
86,137,17.953,52.06
86,138,13.871,40.23
86,139,15.018,34.54
86,140,0.299,0.69
86,141,16.501,42.9
86,142,17.625,51.11
86,143,6.148,14.14
86,144,0.928,2.41
86,145,10.466,27.21
86,146,2.632,6.05
86,147,2.846,7.4
86,148,18.271,52.99
86,149,13.016,33.84
86,150,4.152,9.55
86,151,5.112,11.76
86,152,8.115,23.53
86,153,8.694,22.6
86,154,16.313,47.31
86,155,0.563,1.63
86,156,3.929,11.39
86,157,12.024,27.66
86,158,13.301,30.59
86,159,13.953,40.46
86,160,11.239,25.85
86,161,17.636,45.85
86,162,11.708,30.44
86,163,14.765,42.82
86,164,13.245,38.41
86,165,3.522,10.21
86,166,12.779,29.39
86,167,14.279,41.41
86,168,16.763,43.58
86,169,3.001,8.7
86,170,3.89,11.28
86,171,15.582,40.51
86,172,16.31,47.3
86,173,13.905,40.32
86,174,14.365,37.35
86,175,7.676,17.66
86,176,16.28,47.21
86,177,15.405,44.68
86,178,2.695,6.2
86,179,19.184,44.12
86,180,16.004,36.81
86,181,11.938,31.04
86,182,15.251,35.08
86,183,3.236,9.38
86,184,7.492,19.48
86,185,15.578,40.5
86,186,18.672,54.15
86,187,9.894,25.72
86,188,15.505,44.96
86,189,17.827,46.35
86,190,15.951,41.47
86,191,11.869,30.86
86,192,11.904,30.95
86,193,8.132,21.14
86,194,16.676,38.36
86,195,2.822,6.49
86,196,11.839,30.78
86,197,20.041,58.12
86,198,5.734,16.63
86,199,15.739,40.92
86,200,19.527,44.91
87,0,11.5,26.45
87,1,16.097,32.19
87,2,12.907,29.69
87,3,12.411,24.82
87,4,13.572,27.14
87,5,13.344,30.69
87,6,3.701,9.62
87,7,4.091,9.41
87,8,18.651,37.3
87,9,2.139,5.56
87,10,20.472,47.08
87,11,2.271,5.91
87,12,13.531,31.12
87,13,3.844,7.69
87,14,14.26,32.8
87,15,20.334,52.87
87,16,19.837,39.67
87,17,3.186,6.37
87,18,14.584,33.54
87,19,13.128,26.26
87,20,21.795,43.59
87,21,3.082,8.01
87,22,11.73,23.46
87,23,17.096,39.32
87,24,17.025,44.27
87,25,19.829,51.55
87,26,18.869,43.4
87,27,21.829,50.21
87,28,21.041,54.71
87,29,19.929,51.81
87,30,14.952,34.39
87,31,11.97,27.53
87,32,4.361,10.03
87,33,4.985,9.97
87,34,1.568,3.14
87,35,11.14,22.28
87,36,14.773,29.55
87,37,13.008,33.82
87,38,14.008,36.42
87,39,13.519,31.09
87,40,8.48,22.05
87,41,15.916,36.61
87,42,14.211,32.69
87,43,3.083,8.02
87,44,11.42,29.69
87,45,4.157,9.56
87,46,15.657,40.71
87,47,14.689,29.38
87,48,17.003,44.21
87,49,6.301,14.49
87,50,18.73,37.46
87,51,2.451,4.9
87,52,19.652,51.1
87,53,5.818,13.38
87,54,22.144,57.58
87,55,14.604,33.59
87,56,13.376,26.75
87,57,16.139,41.96
87,58,12.855,25.71
87,59,13.722,35.68
87,60,15.885,41.3
87,61,18.522,37.04
87,62,12.507,32.52
87,63,12.348,24.7
87,64,17.306,34.61
87,65,22.082,50.79
87,66,22.933,52.75
87,67,10.213,26.55
87,68,16.886,38.84
87,69,15.951,31.9
87,70,16.841,38.74
87,71,3.914,7.83
87,72,15.544,35.75
87,73,10.927,28.41
87,74,18.866,49.05
87,75,16.392,42.62
87,76,8.312,19.12
87,77,23.776,54.68
87,78,19.46,38.92
87,79,14.39,28.78
87,80,17.88,41.13
87,81,2.615,6.01
87,82,13.178,26.36
87,83,18.976,37.95
87,84,24.233,63.01
87,85,17.234,39.64
87,86,11.833,27.22
87,88,4.624,10.64
87,89,15.137,30.27
87,90,14.118,32.47
87,91,14.29,32.87
87,92,2.602,5.99
87,93,17.025,44.26
87,94,10.994,21.99
87,95,8.732,22.7
87,96,11.164,25.68
87,97,14.062,28.12
87,98,17.886,35.77
87,99,6.719,15.45
87,100,3.728,8.57
87,101,12.115,27.86
87,102,13.044,30.0
87,103,20.554,53.44
87,104,17.395,40.01
87,105,21.583,56.12
87,106,5.118,10.24
87,107,10.583,21.17
87,108,19.837,45.62
87,109,16.733,33.47
87,110,3.689,8.48
87,111,20.787,47.81
87,112,6.054,12.11
87,113,16.137,41.96
87,114,17.204,34.41
87,115,3.332,6.66
87,116,17.18,44.67
87,117,14.307,32.91
87,118,12.71,25.42
87,119,3.206,7.37
87,120,2.883,5.77
87,121,5.272,12.13
87,122,14.994,38.99
87,123,11.65,30.29
87,124,16.646,43.28
87,125,24.064,48.13
87,126,14.558,37.85
87,127,15.36,39.94
87,128,5.244,13.64
87,129,12.505,25.01
87,130,13.971,32.13
87,131,16.505,33.01
87,132,15.816,36.38
87,133,14.006,36.42
87,134,18.181,41.82
87,135,12.983,29.86
87,136,14.654,38.1
87,137,13.171,34.24
87,138,17.606,45.78
87,139,3.68,7.36
87,140,11.694,23.39
87,141,13.44,30.91
87,142,12.882,33.49
87,143,17.84,35.68
87,144,10.931,25.14
87,145,2.641,6.07
87,146,14.411,28.82
87,147,14.414,33.15
87,148,14.667,38.14
87,149,20.181,46.42
87,150,15.455,30.91
87,151,16.935,33.87
87,152,3.793,9.86
87,153,4.192,9.64
87,154,20.445,53.16
87,155,11.296,29.37
87,156,14.614,38.0
87,157,2.901,5.8
87,158,17.176,34.35
87,159,5.517,14.35
87,160,5.353,10.71
87,161,23.762,54.65
87,162,1.315,3.02
87,163,21.095,54.85
87,164,19.301,50.18
87,165,15.291,39.76
87,166,17.243,34.49
87,167,19.087,49.63
87,168,22.533,51.83
87,169,10.165,26.43
87,170,13.424,34.9
87,171,13.141,30.22
87,172,11.719,30.47
87,173,2.66,6.91
87,174,12.842,29.54
87,175,19.137,38.27
87,176,22.668,58.94
87,177,19.402,50.44
87,178,14.119,28.24
87,179,23.896,47.79
87,180,12.713,25.43
87,181,18.274,42.03
87,182,12.562,25.12
87,183,14.013,36.43
87,184,4.944,11.37
87,185,13.223,30.41
87,186,15.581,40.51
87,187,5.219,12.0
87,188,15.683,40.78
87,189,14.78,33.99
87,190,20.36,46.83
87,191,1.069,2.46
87,192,18.115,41.66
87,193,5.655,13.01
87,194,12.455,24.91
87,195,12.856,25.71
87,196,1.045,2.4
87,197,16.898,43.93
87,198,6.957,18.09
87,199,12.115,27.87
87,200,14.92,29.84
88,0,7.816,20.32
88,1,11.761,27.05
88,2,10.314,26.82
88,3,8.402,19.32
88,4,8.95,20.58
88,5,13.108,34.08
88,6,1.276,3.7
88,7,0.916,2.38
88,8,17.891,41.15
88,9,5.845,16.95
88,10,17.038,44.3
88,11,3.038,8.81
88,12,9.66,25.12
88,13,0.935,2.15
88,14,12.274,31.91
88,15,16.414,47.6
88,16,15.248,35.07
88,17,1.882,4.33
88,18,13.238,34.42
88,19,8.608,19.8
88,20,17.397,40.01
88,21,2.211,6.41
88,22,7.528,17.31
88,23,13.001,33.8
88,24,14.78,42.86
88,25,15.636,45.35
88,26,14.377,37.38
88,27,17.465,45.41
88,28,16.888,48.97
88,29,15.42,44.72
88,30,12.839,33.38
88,31,10.988,28.57
88,32,2.616,6.8
88,33,5.381,12.38
88,34,5.62,12.92
88,35,7.259,16.7
88,36,12.955,29.8
88,37,8.675,25.16
88,38,9.439,27.37
88,39,13.109,34.08
88,40,10.173,29.5
88,41,14.361,37.34
88,42,12.714,33.06
88,43,6.819,19.78
88,44,6.964,20.19
88,45,3.123,8.12
88,46,14.3,41.47
88,47,13.01,29.92
88,48,15.548,45.09
88,49,5.687,14.79
88,50,14.386,33.09
88,51,4.426,10.18
88,52,15.211,44.11
88,53,2.623,6.82
88,54,18.079,52.43
88,55,13.463,35.0
88,56,9.42,21.67
88,57,14.313,41.51
88,58,8.446,19.43
88,59,9.187,26.64
88,60,14.485,42.01
88,61,14.72,33.86
88,62,7.963,23.09
88,63,7.896,18.16
88,64,16.612,38.21
88,65,18.483,48.05
88,66,18.665,48.53
88,67,5.59,16.21
88,68,12.556,32.64
88,69,14.259,32.8
88,70,14.831,38.56
88,71,4.115,9.47
88,72,13.311,34.61
88,73,6.497,18.84
88,74,14.651,42.49
88,75,14.963,43.39
88,76,6.467,16.81
88,77,19.411,50.47
88,78,15.76,36.25
88,79,13.455,30.95
88,80,13.33,34.66
88,81,6.388,16.61
88,82,11.345,26.09
88,83,14.822,34.09
88,84,20.1,58.29
88,85,13.004,33.81
88,86,11.049,28.73
88,87,4.624,10.64
88,89,12.536,28.83
88,90,9.566,24.87
88,91,12.592,32.74
88,92,5.69,14.79
88,93,12.773,37.04
88,94,10.002,23.0
88,95,8.415,24.4
88,96,10.555,27.44
88,97,12.27,28.22
88,98,17.232,39.63
88,99,5.319,13.83
88,100,6.061,15.76
88,101,11.385,29.6
88,102,8.501,22.1
88,103,16.539,47.96
88,104,15.835,41.17
88,105,17.648,51.18
88,106,5.501,12.65
88,107,5.994,13.79
88,108,15.613,40.59
88,109,15.426,35.48
88,110,2.396,6.23
88,111,16.508,42.92
88,112,4.405,10.13
88,113,14.828,43.0
88,114,15.756,36.24
88,115,3.038,6.99
88,116,12.771,37.04
88,117,12.896,33.53
88,118,8.318,19.13
88,119,1.425,3.7
88,120,2.526,5.81
88,121,4.009,10.42
88,122,13.694,39.71
88,123,9.623,27.91
88,124,14.581,42.29
88,125,19.865,45.69
88,126,12.033,34.9
88,127,13.311,38.6
88,128,3.022,8.76
88,129,8.456,19.45
88,130,9.854,25.62
88,131,14.88,34.22
88,132,11.614,30.2
88,133,9.665,28.03
88,134,17.699,46.02
88,135,10.662,27.72
88,136,10.298,29.86
88,137,9.081,26.33
88,138,13.257,38.45
88,139,5.211,11.98
88,140,11.025,25.36
88,141,8.976,23.34
88,142,8.765,25.42
88,143,16.332,37.56
88,144,10.137,26.36
88,145,2.203,5.73
88,146,13.649,31.39
88,147,13.04,33.9
88,148,10.352,30.02
88,149,16.403,42.65
88,150,13.765,31.66
88,151,15.975,36.74
88,152,5.357,15.53
88,153,2.661,6.92
88,154,16.053,46.55
88,155,10.489,30.42
88,156,12.689,36.8
88,157,2.064,4.75
88,158,12.871,29.6
88,159,2.904,8.42
88,160,0.741,1.7
88,161,19.604,50.97
88,162,5.803,15.09
88,163,17.071,49.51
88,164,15.302,44.38
88,165,14.525,42.12
88,166,13.037,29.98
88,167,14.85,43.06
88,168,18.342,47.69
88,169,8.484,24.6
88,170,13.822,40.08
88,171,8.587,22.33
88,172,7.488,21.72
88,173,7.107,20.61
88,174,8.223,21.38
88,175,18.725,43.07
88,176,18.597,53.93
88,177,15.022,43.56
88,178,12.675,29.15
88,179,19.501,44.85
88,180,8.255,18.99
88,181,14.403,37.45
88,182,8.016,18.44
88,183,12.232,35.47
88,184,3.808,9.9
88,185,8.663,22.52
88,186,11.201,32.48
88,187,8.726,22.69
88,188,11.063,32.08
88,189,10.364,26.95
88,190,16.01,41.63
88,191,3.642,9.47
88,192,14.226,36.99
88,193,2.94,7.64
88,194,8.173,18.8
88,195,11.018,25.34
88,196,5.599,14.56
88,197,12.569,36.45
88,198,5.316,15.42
88,199,7.687,19.99
88,200,10.864,24.99
89,0,5.612,12.91
89,1,16.893,33.79
89,2,2.253,5.18
89,3,16.38,32.76
89,4,12.089,24.18
89,5,7.318,16.83
89,6,13.692,35.6
89,7,12.196,28.05
89,8,8.15,16.3
89,9,14.414,37.48
89,10,6.257,14.39
89,11,12.941,33.65
89,12,17.597,40.47
89,13,12.501,25.0
89,14,2.152,4.95
89,15,7.955,20.68
89,16,16.515,33.03
89,17,14.163,28.33
89,18,4.167,9.58
89,19,13.805,27.61
89,20,12.07,24.14
89,21,14.505,37.71
89,22,15.207,30.41
89,23,7.054,16.22
89,24,2.476,6.44
89,25,9.146,23.78
89,26,11.148,25.64
89,27,11.788,27.11
89,28,9.723,25.28
89,29,11.997,31.19
89,30,1.7,3.91
89,31,5.354,12.32
89,32,10.969,25.23
89,33,10.584,21.17
89,34,14.785,29.57
89,35,16.12,32.24
89,36,2.666,5.33
89,37,15.165,39.43
89,38,13.599,35.36
89,39,6.843,15.74
89,40,11.561,30.06
89,41,3.893,8.95
89,42,3.653,8.4
89,43,14.647,38.08
89,44,13.694,35.6
89,45,11.022,25.35
89,46,4.441,11.55
89,47,3.111,6.22
89,48,4.817,12.52
89,49,9.08,20.88
89,50,9.619,19.24
89,51,16.433,32.87
89,52,11.043,28.71
89,53,9.992,22.98
89,54,10.054,26.14
89,55,4.821,11.09
89,56,17.17,34.34
89,57,3.104,8.07
89,58,14.607,29.21
89,59,13.902,36.14
89,60,4.395,11.43
89,61,21.468,42.94
89,62,13.32,34.63
89,63,14.078,28.16
89,64,7.475,14.95
89,65,8.118,18.67
89,66,11.886,27.34
89,67,11.389,29.61
89,68,8.613,19.81
89,69,3.453,6.91
89,70,2.969,6.83
89,71,11.284,22.57
89,72,1.446,3.33
89,73,13.699,35.62
89,74,8.717,22.66
89,75,4.548,11.82
89,76,6.844,15.74
89,77,13.277,30.54
89,78,6.357,12.71
89,79,5.422,10.84
89,80,11.405,26.23
89,81,17.715,40.75
89,82,2.934,5.87
89,83,8.371,16.74
89,84,12.106,31.48
89,85,8.005,18.41
89,86,5.851,13.46
89,87,15.137,30.27
89,88,12.536,28.83
89,90,13.876,31.91
89,91,3.034,6.98
89,92,13.687,31.48
89,93,8.075,20.99
89,94,5.677,11.35
89,95,7.813,20.31
89,96,6.401,14.72
89,97,2.766,5.53
89,98,7.972,15.94
89,99,8.446,19.43
89,100,12.736,29.29
89,101,5.932,13.64
89,102,13.533,31.13
89,103,8.592,22.34
89,104,4.741,10.9
89,105,8.973,23.33
89,106,10.493,20.99
89,107,12.267,24.53
89,108,9.362,21.53
89,109,5.137,10.27
89,110,11.664,26.83
89,111,10.382,23.88
89,112,9.088,18.18
89,113,4.814,12.52
89,114,4.969,9.94
89,115,11.839,23.68
89,116,9.415,24.48
89,117,3.927,9.03
89,118,14.651,29.3
89,119,13.116,30.17
89,120,14.768,29.54
89,121,9.866,22.69
89,122,4.403,11.45
89,123,3.68,9.57
89,124,2.664,6.93
89,125,12.346,24.69
89,126,0.611,1.59
89,127,2.008,5.22
89,128,10.103,26.27
89,129,16.277,32.55
89,130,16.838,38.73
89,131,3.967,7.93
89,132,17.556,40.38
89,133,15.63,40.64
89,134,8.727,20.07
89,135,2.234,5.14
89,136,15.896,41.33
89,137,16.484,42.86
89,138,9.077,23.6
89,139,17.508,35.02
89,140,6.148,12.3
89,141,14.465,33.27
89,142,16.196,42.11
89,143,5.217,10.43
89,144,6.088,14.0
89,145,12.985,29.86
89,146,5.964,11.93
89,147,4.053,9.32
89,148,16.171,42.05
89,149,7.203,16.57
89,150,3.258,6.52
89,151,6.387,12.77
89,152,12.012,31.23
89,153,11.104,25.54
89,154,11.084,28.82
89,155,5.937,15.44
89,156,2.309,6.0
89,157,14.207,28.41
89,158,8.538,17.08
89,159,15.176,39.46
89,160,12.366,24.73
89,161,11.861,27.28
89,162,15.467,35.57
89,163,9.032,23.48
89,164,7.653,19.9
89,165,6.229,16.19
89,166,7.84,15.68
89,167,9.0,23.4
89,168,11.069,25.46
89,169,5.246,13.64
89,170,9.201,23.92
89,171,13.441,30.91
89,172,15.071,39.18
89,173,17.633,45.85
89,174,12.068,27.76
89,175,9.618,19.24
89,176,10.497,27.29
89,177,10.308,26.8
89,178,3.816,7.63
89,179,13.632,27.26
89,180,14.189,28.38
89,181,6.37,14.65
89,182,13.315,26.63
89,183,2.806,7.3
89,184,10.196,23.45
89,185,13.395,30.81
89,186,16.26,42.28
89,187,14.825,34.1
89,188,12.084,31.42
89,189,15.533,35.73
89,190,10.659,24.52
89,191,14.781,34.0
89,192,6.38,14.68
89,193,9.866,22.69
89,194,15.176,30.35
89,195,3.086,6.17
89,196,15.502,35.65
89,197,17.461,45.4
89,198,8.186,21.28
89,199,14.151,32.55
89,200,17.721,35.44
90,0,8.671,22.54
90,1,3.064,7.05
90,2,12.57,32.68
90,3,3.998,9.19
90,4,1.791,4.12
90,5,18.633,48.45
90,6,10.428,30.24
90,7,10.309,26.8
90,8,21.723,49.96
90,9,15.383,44.61
90,10,14.687,38.19
90,11,12.547,36.39
90,12,4.6,11.96
90,13,10.46,24.06
90,14,15.074,39.19
90,15,12.354,35.83
90,16,5.753,13.23
90,17,10.992,25.28
90,18,16.971,44.12
90,19,1.047,2.41
90,20,10.657,24.51
90,21,11.185,32.44
90,22,3.445,7.92
90,23,9.112,23.69
90,24,16.282,47.22
90,25,10.446,30.29
90,26,7.458,19.39
90,27,10.94,28.44
90,28,11.639,33.75
90,29,8.143,23.62
90,30,15.192,39.5
90,31,15.964,41.51
90,32,11.263,29.28
90,33,13.816,31.78
90,34,15.185,34.92
90,35,4.827,11.1
90,36,15.878,36.52
90,37,2.231,6.47
90,38,0.277,0.8
90,39,18.385,47.8
90,40,18.342,53.19
90,41,17.42,45.29
90,42,16.317,42.42
90,43,16.326,47.35
90,44,2.817,8.17
90,45,11.852,30.81
90,46,17.747,51.47
90,47,16.188,37.23
90,48,18.529,53.74
90,49,13.215,34.36
90,50,8.595,19.77
90,51,13.128,30.19
90,52,8.542,24.77
90,53,9.876,25.68
90,54,13.039,37.81
90,55,17.498,45.49
90,56,4.19,9.64
90,57,16.846,48.85
90,58,1.855,4.27
90,59,0.445,1.29
90,60,17.809,51.65
90,61,7.592,17.46
90,62,1.611,4.67
90,63,2.008,4.62
90,64,20.762,47.75
90,65,15.268,39.7
90,66,12.527,32.57
90,67,4.225,12.25
90,68,7.456,19.39
90,69,17.076,39.27
90,70,16.844,43.8
90,71,12.974,29.84
90,72,15.256,39.67
90,73,3.33,9.66
90,74,9.58,27.78
90,75,18.123,52.56
90,76,12.157,31.61
90,77,12.632,32.84
90,78,12.752,29.33
90,79,17.838,41.03
90,80,6.057,15.75
90,81,15.331,39.86
90,82,14.761,33.95
90,83,10.041,23.09
90,84,14.456,41.92
90,85,8.368,21.76
90,86,16.302,42.39
90,87,14.118,32.47
90,88,9.566,24.87
90,89,13.876,31.91
90,91,15.858,41.23
90,92,15.143,39.37
90,93,8.092,23.47
90,94,15.284,35.15
90,95,15.108,43.81
90,96,16.201,42.12
90,97,15.455,35.55
90,98,21.35,49.1
90,99,12.273,31.91
90,100,15.26,39.67
90,101,16.621,43.22
90,102,1.077,2.8
90,103,12.028,34.88
90,104,18.55,48.23
90,105,13.266,38.47
90,106,13.882,31.93
90,107,3.593,8.26
90,108,10.257,26.67
90,109,18.715,43.04
90,110,11.504,29.91
90,111,10.655,27.7
90,112,11.713,26.94
90,113,18.243,52.9
90,114,18.708,43.03
90,115,12.211,28.09
90,116,7.016,20.35
90,117,16.605,43.17
90,118,2.033,4.68
90,119,10.98,28.55
90,120,11.466,26.37
90,121,11.955,31.08
90,122,17.391,50.43
90,123,13.357,38.74
90,124,16.54,47.96
90,125,13.93,32.04
90,126,13.74,39.85
90,127,15.657,45.4
90,128,10.909,31.64
90,129,3.811,8.76
90,130,3.44,8.94
90,131,17.68,40.66
90,132,3.686,9.58
90,133,2.022,5.86
90,134,22.034,57.29
90,135,13.363,34.75
90,136,2.07,6.0
90,137,3.533,10.24
90,138,7.776,22.55
90,139,13.217,30.4
90,140,16.45,37.84
90,141,1.171,3.04
90,142,3.423,9.93
90,143,19.048,43.81
90,144,15.657,40.71
90,145,11.756,30.57
90,146,18.267,42.01
90,147,16.775,43.62
90,148,2.372,6.88
90,149,12.938,33.64
90,150,16.715,38.45
90,151,19.782,45.5
90,152,14.406,41.78
90,153,11.418,29.69
90,154,9.569,27.75
90,155,15.878,46.05
90,156,15.479,44.89
90,157,11.267,25.91
90,158,7.816,17.98
90,159,9.316,27.02
90,160,8.825,20.3
90,161,13.899,36.14
90,162,15.35,39.91
90,163,12.411,35.99
90,164,11.161,32.37
90,165,18.948,54.95
90,166,8.529,19.62
90,167,9.6,27.84
90,168,12.656,32.91
90,169,13.335,38.67
90,170,20.061,58.18
90,171,0.979,2.54
90,172,3.341,9.69
90,173,16.377,47.49
90,174,1.938,5.04
90,175,23.032,52.97
90,176,13.448,39.0
90,177,8.839,25.63
90,178,16.387,37.69
90,179,12.529,28.82
90,180,1.69,3.89
90,181,11.084,28.82
90,182,1.555,3.58
90,183,15.45,44.8
90,184,11.994,31.18
90,185,0.907,2.36
90,186,2.41,6.99
90,187,18.09,47.03
90,188,3.113,9.03
90,189,1.661,4.32
90,190,9.814,25.52
90,191,13.075,33.99
90,192,10.878,28.28
90,193,10.403,27.05
90,194,2.737,6.29
90,195,14.54,33.44
90,196,15.129,39.34
90,197,3.74,10.85
90,198,12.001,34.8
90,199,2.291,5.96
90,200,4.058,9.33
91,0,7.2,18.72
91,1,18.92,43.52
91,2,3.296,8.57
91,3,17.845,41.04
91,4,14.113,32.46
91,5,4.316,11.22
91,6,13.593,39.42
91,7,12.055,31.34
91,8,5.887,13.54
91,9,13.179,38.22
91,10,8.995,23.39
91,11,12.269,35.58
91,12,19.135,49.75
91,13,12.333,28.37
91,14,0.921,2.4
91,15,10.966,31.8
91,16,19.097,43.92
91,17,13.963,32.12
91,18,1.199,3.12
91,19,15.621,35.93
91,20,15.091,34.71
91,21,14.286,41.43
91,22,16.658,38.31
91,23,9.981,25.95
91,24,3.138,9.1
91,25,12.171,35.3
91,26,14.017,36.44
91,27,14.815,38.52
91,28,12.756,36.99
91,29,14.911,43.24
91,30,1.421,3.69
91,31,2.827,7.35
91,32,10.537,27.4
91,33,9.387,21.59
91,34,13.643,31.38
91,35,17.382,39.98
91,36,0.576,1.33
91,37,16.847,48.86
91,38,15.585,45.2
91,39,3.829,9.96
91,40,9.218,26.73
91,41,1.78,4.63
91,42,0.62,1.61
91,43,13.214,38.32
91,44,15.205,44.1
91,45,10.424,27.1
91,46,1.909,5.53
91,47,0.418,0.96
91,48,2.982,8.65
91,49,7.99,20.77
91,50,12.562,28.89
91,51,15.958,36.7
91,52,13.986,40.56
91,53,9.97,25.92
91,54,13.053,37.85
91,55,1.836,4.77
91,56,18.725,43.07
91,57,1.855,5.38
91,58,16.31,37.51
91,59,15.814,45.86
91,60,2.016,5.85
91,61,23.377,53.77
91,62,15.061,43.68
91,63,15.733,36.19
91,64,4.913,11.3
91,65,10.857,28.23
91,66,14.914,38.78
91,67,12.776,37.05
91,68,11.421,29.69
91,69,1.684,3.87
91,70,2.649,6.89
91,71,10.381,23.88
91,72,2.038,5.3
91,73,15.116,43.84
91,74,11.712,33.96
91,75,2.433,7.06
91,76,6.206,16.14
91,77,16.31,42.41
91,78,9.341,21.48
91,79,2.401,5.52
91,80,14.147,36.78
91,81,16.904,43.95
91,82,1.263,2.9
91,83,11.383,26.18
91,84,15.073,43.71
91,85,10.892,28.32
91,86,3.254,8.46
91,87,14.29,32.87
91,88,12.592,32.74
91,89,3.034,6.98
91,90,15.858,41.23
91,92,12.429,32.31
91,93,10.934,31.71
91,94,3.542,8.15
91,95,5.961,17.29
91,96,3.939,10.24
91,97,0.403,0.93
91,98,5.493,12.63
91,99,7.679,19.96
91,100,11.341,29.49
91,101,3.221,8.37
91,102,15.356,39.92
91,103,11.616,33.69
91,104,3.243,8.43
91,105,11.946,34.64
91,106,9.27,21.32
91,107,13.699,31.51
91,108,12.383,32.2
91,109,2.973,6.84
91,110,11.189,29.09
91,111,13.41,34.86
91,112,8.507,19.57
91,113,2.43,7.05
91,114,3.189,7.33
91,115,11.18,25.71
91,116,12.208,35.4
91,117,0.903,2.35
91,118,16.324,37.55
91,119,12.849,33.41
91,120,14.506,33.36
91,121,9.207,23.94
91,122,1.555,4.51
91,123,2.996,8.69
91,124,2.532,7.34
91,125,15.342,35.29
91,126,2.685,7.79
91,127,1.464,4.25
91,128,9.767,28.33
91,129,17.769,40.87
91,130,18.528,48.17
91,131,2.29,5.27
91,132,19.474,50.63
91,133,17.441,50.58
91,134,6.19,16.09
91,135,2.496,6.49
91,136,17.789,51.59
91,137,18.072,52.41
91,138,11.942,34.63
91,139,17.141,39.42
91,140,3.543,8.15
91,141,16.282,42.33
91,142,17.762,51.51
91,143,3.742,8.61
91,144,3.818,9.93
91,145,12.516,32.54
91,146,2.941,6.76
91,147,1.047,2.72
91,148,18.041,52.32
91,149,10.177,26.46
91,150,1.183,2.72
91,151,3.926,9.03
91,152,10.77,31.23
91,153,10.632,27.64
91,154,14.078,40.83
91,155,3.545,10.28
91,156,0.753,2.18
91,157,13.945,32.07
91,158,11.387,26.19
91,159,15.432,44.75
91,160,12.601,28.98
91,161,14.85,38.61
91,162,14.367,37.36
91,163,12.046,34.93
91,164,10.687,30.99
91,165,3.31,9.6
91,166,10.738,24.7
91,167,11.997,34.79
91,168,14.09,36.63
91,169,4.196,12.17
91,170,6.199,17.98
91,171,15.288,39.75
91,172,16.531,47.94
91,173,16.577,48.07
91,174,13.959,36.29
91,175,7.176,16.51
91,176,13.484,39.1
91,177,13.269,38.48
91,178,0.784,1.8
91,179,16.665,38.33
91,180,15.901,36.57
91,181,9.402,24.44
91,182,15.066,34.65
91,183,0.413,1.2
91,184,9.531,24.78
91,185,15.26,39.68
91,186,18.268,52.98
91,187,12.999,33.8
91,188,14.466,41.95
91,189,17.481,45.45
91,190,13.664,35.53
91,191,14.142,36.77
91,192,9.409,24.46
91,193,9.688,25.19
91,194,16.759,38.55
91,195,1.582,3.64
91,196,14.458,37.59
91,197,19.554,56.71
91,198,7.525,21.82
91,199,15.757,40.97
91,200,19.478,44.8
92,0,10.914,28.38
92,1,17.446,40.13
92,2,11.538,30.0
92,3,14.038,32.29
92,4,14.315,32.92
92,5,10.996,28.59
92,6,5.271,15.29
92,7,4.859,12.63
92,8,16.367,37.64
92,9,0.752,2.18
92,10,19.412,50.47
92,11,2.655,7.7
92,12,15.254,39.66
92,13,4.757,10.94
92,14,12.529,32.58
92,15,19.673,57.05
92,16,20.719,47.65
92,17,4.978,11.45
92,18,12.571,32.68
92,19,14.226,32.72
92,20,21.684,49.87
92,21,5.031,14.59
92,22,13.208,30.38
92,23,16.671,43.34
92,24,15.341,44.49
92,25,19.461,56.44
92,26,18.964,49.31
92,27,21.662,56.32
92,28,20.61,59.77
92,29,20.046,58.13
92,30,13.259,34.47
92,31,9.905,25.75
92,32,4.088,10.63
92,33,3.106,7.14
92,34,1.294,2.98
92,35,12.839,29.53
92,36,12.95,29.79
92,37,14.364,41.66
92,38,14.993,43.48
92,39,11.216,29.16
92,40,5.882,17.06
92,41,13.952,36.28
92,42,12.269,31.9
92,43,1.232,3.57
92,44,12.632,36.63
92,45,3.587,9.33
92,46,13.621,39.5
92,47,12.809,29.46
92,48,14.976,43.43
92,49,4.607,11.98
92,50,18.578,42.73
92,51,5.034,11.58
92,52,19.639,56.95
92,53,5.685,14.78
92,54,21.602,62.65
92,55,12.514,32.54
92,56,15.044,34.6
92,57,14.282,41.42
92,58,14.124,32.48
92,59,14.787,42.88
92,60,13.861,40.2
92,61,20.308,46.71
92,62,13.563,39.33
92,63,13.561,31.19
92,64,15.02,34.55
92,65,21.12,54.91
92,66,22.618,58.81
92,67,10.999,31.9
92,68,16.748,43.54
92,69,14.042,32.3
92,70,15.05,39.13
92,71,2.691,6.19
92,72,13.891,36.12
92,73,12.176,35.31
92,74,18.542,53.77
92,75,14.368,41.67
92,76,6.906,17.96
92,77,23.59,61.33
92,78,18.622,42.83
92,79,12.233,28.14
92,80,18.125,47.13
92,81,4.879,12.69
92,82,11.416,26.26
92,83,18.578,42.73
92,84,23.739,68.84
92,85,16.96,44.09
92,86,9.7,25.22
92,87,2.602,5.99
92,88,5.69,14.79
92,89,13.687,31.48
92,90,15.143,39.37
92,91,12.429,32.31
92,93,16.781,48.67
92,94,8.976,20.64
92,95,6.593,19.12
92,96,8.996,23.39
92,97,12.25,28.17
92,98,15.581,35.84
92,99,5.344,13.89
92,100,1.201,3.12
92,101,9.952,25.88
92,102,14.098,36.65
92,103,19.982,57.95
92,104,15.402,40.05
92,105,20.918,60.66
92,106,3.204,7.37
92,107,11.551,26.57
92,108,19.506,50.72
92,109,14.656,33.71
92,110,3.679,9.57
92,111,20.512,53.33
92,112,4.979,11.45
92,113,14.073,40.81
92,114,15.171,34.89
92,115,2.995,6.89
92,116,17.153,49.74
92,117,12.327,32.05
92,118,13.999,32.2
92,119,4.401,11.44
92,120,4.955,11.4
92,121,4.244,11.03
92,122,12.953,37.56
92,123,10.052,29.15
92,124,14.885,43.17
92,125,23.65,54.39
92,126,13.085,37.95
92,127,13.624,39.51
92,128,4.776,13.85
92,129,14.105,32.44
92,130,15.525,40.37
92,131,14.556,33.48
92,132,17.301,44.98
92,133,15.352,44.52
92,134,15.827,41.15
92,135,11.466,29.81
92,136,15.982,46.35
92,137,14.743,42.76
92,138,17.48,50.69
92,139,6.28,14.44
92,140,9.526,21.91
92,141,14.631,38.04
92,142,14.432,41.85
92,143,15.819,36.38
92,144,8.839,22.98
92,145,3.52,9.15
92,146,12.196,28.05
92,147,12.417,32.28
92,148,16.041,46.52
92,149,19.395,50.43
92,150,13.557,31.18
92,151,14.736,33.89
92,152,1.679,4.87
92,153,3.907,10.16
92,154,20.341,58.99
92,155,9.194,26.66
92,156,12.844,37.25
92,157,4.718,10.85
92,158,16.999,39.1
92,159,7.508,21.77
92,160,6.406,14.73
92,161,23.303,60.59
92,162,2.03,5.28
92,163,20.524,59.52
92,164,18.733,54.33
92,165,13.059,37.87
92,166,16.939,38.96
92,167,18.787,54.48
92,168,22.125,57.53
92,169,8.496,24.64
92,170,10.93,31.7
92,171,14.17,36.84
92,172,13.173,38.2
92,173,4.206,12.2
92,174,13.633,35.45
92,175,16.756,38.54
92,176,22.125,64.16
92,177,19.292,55.95
92,178,12.158,27.96
92,179,23.757,54.64
92,180,13.916,32.01
92,181,17.605,45.77
92,182,13.613,31.31
92,183,12.197,35.37
92,184,3.982,10.35
92,185,14.236,37.01
92,186,16.879,48.95
92,187,3.054,7.94
92,188,16.254,47.14
92,189,16.034,41.69
92,190,20.192,52.5
92,191,3.277,8.52
92,192,17.467,45.42
92,193,5.305,13.79
92,194,13.863,31.88
92,195,11.11,25.55
92,196,2.208,5.74
92,197,18.255,52.94
92,198,5.66,16.42
92,199,13.361,34.74
92,200,16.523,38.0
93,0,6.007,17.42
93,1,10.571,27.48
93,2,8.06,23.37
93,3,11.803,30.69
93,4,6.556,17.05
93,5,14.896,43.2
93,6,14.027,44.89
93,7,13.016,37.75
93,8,16.148,41.98
93,9,17.331,55.46
93,10,6.685,19.39
93,11,14.838,47.48
93,12,12.643,36.66
93,13,13.304,34.59
93,14,10.013,29.04
93,15,4.316,13.81
93,16,8.75,22.75
93,17,14.648,38.09
93,18,12.127,35.17
93,19,8.584,22.32
93,20,4.944,12.86
93,21,14.965,47.89
93,22,10.872,28.27
93,23,1.19,3.45
93,24,9.963,31.88
93,25,2.885,9.23
93,26,3.083,8.94
93,27,4.886,14.17
93,28,4.162,13.32
93,29,4.01,12.83
93,30,9.751,28.28
93,31,12.407,35.98
93,32,12.833,37.21
93,33,14.192,36.9
93,34,17.429,45.32
93,35,12.191,31.7
93,36,10.682,27.77
93,37,10.123,32.39
93,38,7.853,25.13
93,39,14.484,42.0
93,40,17.316,55.41
93,41,11.963,34.69
93,42,11.534,33.45
93,43,17.989,57.56
93,44,9.485,30.35
93,45,13.241,38.4
93,46,12.512,40.04
93,47,11.107,28.88
93,48,12.808,40.99
93,49,12.909,37.44
93,50,1.865,4.85
93,51,17.189,44.69
93,52,3.189,10.2
93,53,11.258,32.65
93,54,5.459,17.47
93,55,12.77,37.03
93,56,12.217,31.76
93,57,11.127,35.61
93,58,9.597,24.95
93,59,8.344,26.7
93,60,12.469,39.9
93,61,15.151,39.39
93,62,8.454,27.05
93,63,9.326,24.25
93,64,15.546,40.42
93,65,7.179,20.82
93,66,5.91,17.14
93,67,8.268,26.46
93,68,0.688,2.0
93,69,11.514,29.94
93,70,10.759,31.2
93,71,14.099,36.66
93,72,9.491,27.52
93,73,9.787,31.32
93,74,1.889,6.04
93,75,12.602,40.33
93,76,10.772,31.24
93,77,6.808,19.74
93,78,4.704,12.23
93,79,13.313,34.61
93,80,3.455,10.02
93,81,19.134,55.49
93,82,10.295,26.77
93,83,2.16,5.61
93,84,7.363,23.56
93,85,0.283,0.82
93,86,12.885,37.37
93,87,17.025,44.26
93,88,12.773,37.04
93,89,8.075,20.99
93,90,8.092,23.47
93,91,10.934,31.71
93,92,16.781,48.67
93,94,12.201,31.72
93,95,13.341,42.69
93,96,13.154,38.15
93,97,10.582,27.51
93,98,16.029,41.68
93,99,11.888,34.48
93,100,16.301,47.27
93,101,13.102,37.99
93,102,8.349,24.21
93,103,4.119,13.18
93,104,12.639,36.65
93,105,5.358,17.14
93,106,14.178,36.86
93,107,8.702,22.63
93,108,2.842,8.24
93,109,13.181,34.27
93,110,13.424,38.93
93,111,3.762,10.91
93,112,11.918,30.99
93,113,12.886,41.24
93,114,12.935,33.63
93,115,13.969,36.32
93,116,1.442,4.62
93,117,11.831,34.31
93,118,9.726,25.29
93,119,14.005,40.61
93,120,15.284,39.74
93,121,12.579,36.48
93,122,12.422,39.75
93,123,9.712,31.08
93,124,10.479,33.53
93,125,7.094,18.44
93,126,8.272,26.47
93,127,10.082,32.26
93,128,12.039,38.53
93,129,11.637,30.26
93,130,11.528,33.43
93,131,11.982,31.15
93,132,11.493,33.33
93,133,10.113,32.36
93,134,16.79,48.69
93,135,8.853,25.67
93,136,10.087,32.28
93,137,11.525,36.88
93,138,1.008,3.22
93,139,17.83,46.36
93,140,13.141,34.17
93,141,9.115,26.43
93,142,11.346,36.31
93,143,13.059,33.95
93,144,12.661,36.72
93,145,14.392,41.74
93,146,13.842,35.99
93,147,11.98,34.74
93,148,10.4,33.28
93,149,4.846,14.05
93,150,11.332,29.46
93,151,14.453,37.58
93,152,15.388,49.24
93,153,13.017,37.75
93,154,3.637,11.64
93,155,12.701,40.64
93,156,10.291,32.93
93,157,14.836,38.57
93,158,0.469,1.22
93,159,14.268,45.66
93,160,12.197,31.71
93,161,6.85,19.86
93,162,17.906,51.93
93,163,4.589,14.68
93,164,3.099,9.92
93,165,14.233,45.55
93,166,0.439,1.14
93,167,2.077,6.65
93,168,5.576,16.17
93,169,10.643,34.06
93,170,16.701,53.44
93,171,8.195,23.77
93,172,10.732,34.34
93,173,19.67,62.94
93,174,7.019,20.36
93,175,17.653,45.9
93,176,5.954,19.05
93,177,2.62,8.38
93,178,11.672,30.35
93,179,6.985,18.16
93,180,9.231,24.0
93,181,3.07,8.9
93,182,8.415,21.88
93,183,10.605,33.93
93,184,12.813,37.16
93,185,8.098,23.49
93,186,10.06,32.19
93,187,19.048,55.24
93,188,5.236,16.75
93,189,9.604,27.85
93,190,3.424,9.93
93,191,16.224,47.05
93,192,2.875,8.34
93,193,11.536,33.45
93,194,10.438,27.14
93,195,10.239,26.62
93,196,17.802,51.63
93,197,10.899,34.88
93,198,11.533,36.9
93,199,9.536,27.66
93,200,12.11,31.49
94,0,6.958,16.0
94,1,18.303,36.61
94,2,4.296,9.88
94,3,16.508,33.02
94,4,13.683,27.37
94,5,3.394,7.81
94,6,10.827,28.15
94,7,9.319,21.43
94,8,7.912,15.82
94,9,9.728,25.29
94,10,11.932,27.44
94,11,9.122,23.72
94,12,17.847,41.05
94,13,9.561,19.12
94,14,3.884,8.93
94,15,13.327,34.65
94,16,19.421,38.84
94,17,11.103,22.21
94,18,3.601,8.28
94,19,14.824,29.65
94,20,16.868,33.74
94,21,11.402,29.64
94,22,15.344,30.69
94,23,11.495,26.44
94,24,6.634,17.25
94,25,14.063,36.56
94,26,15.173,34.9
94,27,16.669,38.34
94,28,14.88,38.69
94,29,16.181,42.07
94,30,4.643,10.68
94,31,1.003,2.31
94,32,7.64,17.57
94,33,6.018,12.04
94,34,10.221,20.44
94,35,15.818,31.64
94,36,4.101,8.2
94,37,15.819,41.13
94,38,15.028,39.07
94,39,3.242,7.46
94,40,5.887,15.31
94,41,4.977,11.45
94,42,3.304,7.6
94,43,9.705,25.23
94,44,14.028,36.47
94,45,7.402,17.03
94,46,4.666,12.13
94,47,3.888,7.78
94,48,6.017,15.65
94,49,4.749,10.92
94,50,14.01,28.02
94,51,12.854,25.71
94,52,15.387,40.01
94,53,7.479,17.2
94,54,15.438,40.14
94,55,3.62,8.33
94,56,17.471,34.94
94,57,5.363,13.94
94,58,15.331,30.66
94,59,15.142,39.37
94,60,4.899,12.74
94,61,22.482,44.96
94,62,14.188,36.89
94,63,14.715,29.43
94,64,6.615,13.23
94,65,13.79,31.72
94,66,17.067,39.25
94,67,11.582,30.11
94,68,12.531,28.82
94,69,5.085,10.17
94,70,6.19,14.24
94,71,7.148,14.3
94,72,5.321,12.24
94,73,13.826,35.95
94,74,13.407,34.86
94,75,5.407,14.06
94,76,3.633,8.36
94,77,18.363,42.24
94,78,11.847,23.69
94,79,3.49,6.98
94,80,14.976,34.45
94,81,13.594,31.27
94,82,2.811,5.62
94,83,13.195,26.39
94,84,17.558,45.65
94,85,12.24,28.15
94,86,1.088,2.5
94,87,10.994,21.99
94,88,10.002,23.0
94,89,5.677,11.35
94,90,15.284,35.15
94,91,3.542,8.15
94,92,8.976,20.64
94,93,12.201,31.72
94,95,2.427,6.31
94,96,0.972,2.24
94,97,3.45,6.9
94,98,7.233,14.47
94,99,4.725,10.87
94,100,7.855,18.07
94,101,1.431,3.29
94,102,14.579,33.53
94,103,13.878,36.08
94,104,6.43,14.79
94,105,14.444,37.56
94,106,5.89,11.78
94,107,12.502,25.0
94,108,14.225,32.72
94,109,5.739,11.48
94,110,8.223,18.91
94,111,15.294,35.18
94,112,5.633,11.27
94,113,5.143,13.37
94,114,6.217,12.43
94,115,8.08,16.16
94,116,13.241,34.43
94,117,3.351,7.71
94,118,15.306,30.61
94,119,9.975,22.94
94,120,11.582,23.16
94,121,6.21,14.28
94,122,4.002,10.4
94,123,2.5,6.5
94,124,6.069,15.78
94,125,17.713,35.43
94,126,5.097,13.25
94,127,4.898,12.73
94,128,7.003,18.21
94,129,16.467,32.93
94,130,17.452,40.14
94,131,5.582,11.16
94,132,18.682,42.97
94,133,16.564,43.07
94,134,7.702,17.71
94,135,3.68,8.46
94,136,17.015,44.24
94,137,16.881,43.89
94,138,13.172,34.25
94,139,14.086,28.17
94,140,1.174,2.35
94,141,15.457,35.55
94,142,16.552,43.03
94,143,6.858,13.72
94,144,0.462,1.06
94,145,9.502,21.85
94,146,3.648,7.3
94,147,3.442,7.92
94,148,17.225,44.78
94,149,12.697,29.2
94,150,4.611,9.22
94,151,6.048,12.1
94,152,7.346,19.1
94,153,7.697,17.7
94,154,15.697,40.81
94,155,0.595,1.55
94,156,4.092,10.64
94,157,11.038,22.08
94,158,12.602,25.2
94,159,12.905,33.55
94,160,10.174,20.35
94,161,17.257,39.69
94,162,10.954,25.19
94,163,14.368,37.36
94,164,12.782,33.23
94,165,4.528,11.77
94,166,12.124,24.25
94,167,13.694,35.6
94,168,16.329,37.56
94,169,1.951,5.07
94,170,4.809,12.5
94,171,14.548,33.46
94,172,15.234,39.61
94,173,13.162,34.22
94,174,13.347,30.7
94,175,8.732,17.46
94,176,15.915,41.38
94,177,14.761,38.38
94,178,3.186,6.37
94,179,18.666,37.33
94,180,14.951,29.9
94,181,11.479,26.4
94,182,14.207,28.41
94,183,3.395,8.83
94,184,6.508,14.97
94,185,14.546,33.46
94,186,17.643,45.87
94,187,9.462,21.76
94,188,14.58,37.91
94,189,16.794,38.63
94,190,15.356,35.32
94,191,10.969,25.23
94,192,11.428,26.28
94,193,7.074,16.27
94,194,15.608,31.22
94,195,2.601,5.2
94,196,11.067,25.45
94,197,19.019,49.45
94,198,4.688,12.19
94,199,14.676,33.76
94,200,18.464,36.93
95,0,7.557,21.92
95,1,18.021,46.85
95,2,6.039,17.51
95,3,15.742,40.93
95,4,13.665,35.53
95,5,4.77,13.83
95,6,9.049,28.96
95,7,7.623,22.11
95,8,9.939,25.84
95,9,7.343,23.5
95,10,13.994,40.58
95,11,7.026,22.48
95,12,17.088,49.55
95,13,7.82,20.33
95,14,6.228,18.06
95,15,15.056,48.18
95,16,19.766,51.39
95,17,9.232,24.0
95,18,5.988,17.37
95,19,14.503,37.71
95,20,18.19,47.29
95,21,9.501,30.4
95,22,14.625,38.03
95,23,12.806,37.14
95,24,9.02,28.86
95,25,15.51,49.63
95,26,16.151,46.84
95,27,18.041,52.32
95,28,16.445,52.62
95,29,17.205,55.06
95,30,6.986,20.26
95,31,3.315,9.61
95,32,5.862,17.0
95,33,3.759,9.77
95,34,7.857,20.43
95,35,14.897,38.73
95,36,6.513,16.94
95,37,15.3,48.96
95,38,14.873,47.59
95,39,4.86,14.09
95,40,4.006,12.82
95,41,7.385,21.42
95,42,5.728,16.61
95,43,7.284,23.31
95,44,13.453,43.05
95,45,5.501,15.95
95,46,7.031,22.5
95,47,6.313,16.41
95,48,8.386,26.84
95,49,2.763,8.01
95,50,15.198,39.52
95,51,10.737,27.92
95,52,16.51,52.83
95,53,6.143,17.81
95,54,17.143,54.86
95,55,5.922,17.17
95,56,16.745,43.54
95,57,7.789,24.92
95,58,14.861,38.64
95,59,14.901,47.68
95,60,7.272,23.27
95,61,21.931,57.02
95,62,13.833,44.27
95,63,14.236,37.01
95,64,8.599,22.36
95,65,15.826,45.9
95,66,18.611,53.97
95,67,11.097,35.51
95,68,13.565,39.34
95,69,7.509,19.52
95,70,8.61,24.97
95,71,5.016,13.04
95,72,7.656,22.2
95,73,13.173,42.15
95,74,14.757,47.22
95,75,7.779,24.89
95,76,2.969,8.61
95,77,19.829,57.5
95,78,13.686,35.58
95,79,5.665,14.73
95,80,15.755,45.69
95,81,11.303,32.78
95,82,5.118,13.31
95,83,14.619,38.01
95,84,19.294,61.74
95,85,13.426,38.94
95,86,3.115,9.03
95,87,8.732,22.7
95,88,8.415,24.4
95,89,7.813,20.31
95,90,15.108,43.81
95,91,5.961,17.29
95,92,6.593,19.12
95,93,13.341,42.69
95,94,2.427,6.31
95,96,2.432,7.05
95,97,5.844,15.19
95,98,9.192,23.9
95,99,3.189,9.25
95,100,5.45,15.81
95,101,3.385,9.82
95,102,14.28,41.41
95,103,15.541,49.73
95,104,8.818,25.57
95,105,16.23,51.94
95,106,3.623,9.42
95,107,11.971,31.12
95,108,15.639,45.35
95,109,8.064,20.97
95,110,6.343,18.4
95,111,16.71,48.46
95,112,4.061,10.56
95,113,7.48,23.94
95,114,8.58,22.31
95,115,6.062,15.76
95,116,14.202,45.45
95,117,5.761,16.71
95,118,14.808,38.5
95,119,8.123,23.56
95,120,9.643,25.07
95,121,4.419,12.81
95,122,6.363,20.36
95,123,4.218,13.5
95,124,8.48,27.14
95,125,19.379,50.39
95,126,7.208,23.07
95,127,7.28,23.29
95,128,5.416,17.33
95,129,15.728,40.89
95,130,16.858,48.89
95,131,7.993,20.78
95,132,18.267,52.97
95,133,16.136,51.63
95,134,9.544,27.68
95,135,5.637,16.35
95,136,16.649,53.28
95,137,16.214,51.88
95,138,14.255,45.62
95,139,11.997,31.19
95,140,2.962,7.7
95,141,15.097,43.78
95,142,15.879,50.81
95,143,9.228,23.99
95,144,2.248,6.52
95,145,7.528,21.83
95,146,5.68,14.77
95,147,5.841,16.94
95,148,16.824,53.84
95,149,14.526,42.13
95,150,7.037,18.3
95,151,8.203,21.33
95,152,5.001,16.0
95,153,5.876,17.04
95,154,16.946,54.23
95,155,2.601,8.32
95,156,6.476,20.72
95,157,9.126,23.73
95,158,13.696,35.61
95,159,11.283,36.1
95,160,8.73,22.7
95,161,18.95,54.96
95,162,8.595,24.92
95,163,16.055,51.38
95,164,14.377,46.01
95,165,6.563,21.0
95,166,13.337,34.68
95,167,15.038,48.12
95,168,17.937,52.02
95,169,2.807,8.98
95,170,5.432,17.38
95,171,14.277,41.4
95,172,14.531,46.5
95,173,10.795,34.54
95,174,13.213,38.32
95,175,10.536,27.39
95,176,17.64,56.45
95,177,15.955,51.06
95,178,5.605,14.57
95,179,20.096,52.25
95,180,14.514,37.74
95,181,13.101,37.99
95,182,13.862,36.04
95,183,5.789,18.53
95,184,4.661,13.52
95,185,14.295,41.45
95,186,17.369,55.58
95,187,7.08,20.53
95,188,14.904,47.69
95,189,16.496,47.84
95,190,16.657,48.31
95,191,8.816,25.57
95,192,13.02,37.76
95,193,5.646,16.37
95,194,15.003,39.01
95,195,4.856,12.63
95,196,8.724,25.3
95,197,18.779,60.09
95,198,3.327,10.65
95,199,14.152,41.04
95,200,17.893,46.52
96,0,7.924,20.6
96,1,19.21,44.18
96,2,5.197,13.51
96,3,17.326,39.85
96,4,14.616,33.62
96,5,2.6,6.76
96,6,11.302,32.78
96,7,9.824,25.54
96,8,7.526,17.31
96,9,9.742,28.25
96,10,12.649,32.89
96,11,9.419,27.31
96,12,18.668,48.54
96,13,10.048,23.11
96,14,4.455,11.58
96,15,14.172,41.1
96,16,20.387,46.89
96,17,11.534,26.53
96,18,3.694,9.61
96,19,15.72,36.16
96,20,17.794,40.93
96,21,11.819,34.27
96,22,16.169,37.19
96,23,12.43,32.32
96,24,7.077,20.52
96,25,14.972,43.42
96,26,16.135,41.95
96,27,17.587,45.73
96,28,15.764,45.72
96,29,17.14,49.7
96,30,5.196,13.51
96,31,1.113,2.89
96,32,8.099,21.06
96,33,6.187,14.23
96,34,10.27,23.62
96,35,16.598,38.18
96,36,4.515,10.39
96,37,16.684,48.38
96,38,15.947,46.25
96,39,2.555,6.64
96,40,5.283,15.32
96,41,5.116,13.3
96,42,3.564,9.27
96,43,9.617,27.89
96,44,14.879,43.15
96,45,7.802,20.28
96,46,4.687,13.59
96,47,4.222,9.71
96,48,6.035,17.5
96,49,5.076,13.2
96,50,14.956,34.4
96,51,13.143,30.23
96,52,16.338,47.38
96,53,8.103,21.07
96,54,16.285,47.23
96,55,3.539,9.2
96,56,18.299,42.09
96,57,5.652,16.39
96,58,16.204,37.27
96,59,16.05,46.55
96,60,4.936,14.32
96,61,23.35,53.7
96,62,15.078,43.73
96,63,15.585,35.85
96,64,6.193,14.24
96,65,14.514,37.74
96,66,17.951,46.67
96,67,12.444,36.09
96,68,13.492,35.08
96,69,5.308,12.21
96,70,6.531,16.98
96,71,7.415,17.05
96,72,5.871,15.27
96,73,14.662,42.52
96,74,14.333,41.56
96,75,5.436,15.77
96,76,4.356,11.32
96,77,19.262,50.08
96,78,12.662,29.12
96,79,3.239,7.45
96,80,15.947,41.46
96,81,13.734,35.71
96,82,3.472,7.98
96,83,14.11,32.45
96,84,18.392,53.34
96,85,13.189,34.29
96,86,0.732,1.9
96,87,11.164,25.68
96,88,10.555,27.44
96,89,6.401,14.72
96,90,16.201,42.12
96,91,3.939,10.24
96,92,8.996,23.39
96,93,13.154,38.15
96,94,0.972,2.24
96,95,2.432,7.05
96,97,3.941,9.06
96,98,6.796,15.63
96,99,5.237,13.62
96,100,7.833,20.36
96,101,0.957,2.49
96,102,15.478,40.24
96,103,14.74,42.75
96,104,6.492,16.88
96,105,15.269,44.28
96,106,6.051,13.92
96,107,13.357,30.72
96,108,15.139,39.36
96,109,5.676,13.06
96,110,8.639,22.46
96,111,16.206,42.14
96,112,6.151,14.15
96,113,5.105,14.81
96,114,6.221,14.31
96,115,8.421,19.37
96,116,14.206,41.2
96,117,3.528,9.17
96,118,16.174,37.2
96,119,10.412,27.07
96,120,11.979,27.55
96,121,6.649,17.29
96,122,4.024,11.67
96,123,3.443,9.98
96,124,6.451,18.71
96,125,18.567,42.7
96,126,5.846,16.95
96,127,5.377,15.59
96,128,7.535,21.85
96,129,17.29,39.77
96,130,18.306,47.6
96,131,5.727,13.17
96,132,19.569,50.88
96,133,17.446,50.59
96,134,7.189,18.69
96,135,4.53,11.78
96,136,17.908,51.93
96,137,17.719,51.39
96,138,14.129,40.97
96,139,14.396,33.11
96,140,0.531,1.22
96,141,16.349,42.51
96,142,17.389,50.43
96,143,6.874,15.81
96,144,0.546,1.42
96,145,9.873,25.67
96,146,3.253,7.48
96,147,3.576,9.3
96,148,18.112,52.53
96,149,13.513,35.13
96,150,4.873,11.21
96,151,5.772,13.28
96,152,7.426,21.54
96,153,8.137,21.16
96,154,16.634,48.24
96,155,0.473,1.37
96,156,4.587,13.3
96,157,11.448,26.33
96,158,13.558,31.18
96,159,13.454,39.02
96,160,10.781,24.8
96,161,18.104,47.07
96,162,11.009,28.62
96,163,15.222,44.14
96,164,13.664,39.62
96,165,4.139,12.0
96,166,13.07,30.06
96,167,14.621,42.4
96,168,17.201,44.72
96,169,2.874,8.33
96,170,3.865,11.21
96,171,15.451,40.17
96,172,16.062,46.58
96,173,13.202,38.29
96,174,14.266,37.09
96,175,8.201,18.86
96,176,16.755,48.59
96,177,15.705,45.55
96,178,3.414,7.85
96,179,19.572,45.02
96,180,15.828,36.41
96,181,12.358,32.13
96,182,15.098,34.73
96,183,3.886,11.27
96,184,6.926,18.01
96,185,15.452,40.18
96,186,18.55,53.79
96,187,9.163,23.82
96,188,15.543,45.07
96,189,17.696,46.01
96,190,16.287,42.35
96,191,11.23,29.2
96,192,12.314,32.02
96,193,7.664,19.93
96,194,16.456,37.85
96,195,3.324,7.65
96,196,11.146,28.98
96,197,19.932,57.8
96,198,5.257,15.25
96,199,15.538,40.4
96,200,19.324,44.45
97,0,6.797,15.63
97,1,18.517,37.03
97,2,2.893,6.65
97,3,17.45,34.9
97,4,13.71,27.42
97,5,4.552,10.47
97,6,13.286,34.54
97,7,11.749,27.02
97,8,6.289,12.58
97,9,12.999,33.8
97,10,8.842,20.34
97,11,12.016,31.24
97,12,18.738,43.1
97,13,12.03,24.06
97,14,0.614,1.41
97,15,10.719,27.87
97,16,18.71,37.42
97,17,13.666,27.33
97,18,1.577,3.63
97,19,15.218,30.44
97,20,14.787,29.57
97,21,13.992,36.38
97,22,16.262,32.52
97,23,9.644,22.18
97,24,3.183,8.28
97,25,11.873,30.87
97,26,13.664,31.43
97,27,14.519,33.39
97,28,12.484,32.46
97,29,14.567,37.87
97,30,1.271,2.92
97,31,2.831,6.51
97,32,10.253,23.58
97,33,9.189,18.38
97,34,13.451,26.9
97,35,16.993,33.99
97,36,0.712,1.42
97,37,16.446,42.76
97,38,15.181,39.47
97,39,4.078,9.38
97,40,9.223,23.98
97,41,2.14,4.92
97,42,0.954,2.19
97,43,13.062,33.96
97,44,14.807,38.5
97,45,10.158,23.36
97,46,2.309,6.0
97,47,0.777,1.55
97,48,3.343,8.69
97,49,7.77,17.87
97,50,12.227,24.45
97,51,15.692,31.38
97,52,13.65,35.49
97,53,9.647,22.19
97,54,12.815,33.32
97,55,2.198,5.06
97,56,18.327,36.65
97,57,2.086,5.42
97,58,15.909,31.82
97,59,15.411,40.07
97,60,2.408,6.26
97,61,22.974,45.95
97,62,14.659,38.11
97,63,15.332,30.66
97,64,5.316,10.63
97,65,10.707,24.63
97,66,14.65,33.7
97,67,12.38,32.19
97,68,11.061,25.44
97,69,1.989,3.98
97,70,2.801,6.44
97,71,10.149,20.3
97,72,1.937,4.45
97,73,14.721,38.27
97,74,11.394,29.63
97,75,2.81,7.31
97,76,5.919,13.61
97,77,16.037,36.88
97,78,9.11,18.22
97,79,2.733,5.47
97,80,13.777,31.69
97,81,16.677,38.36
97,82,0.926,1.85
97,83,11.076,22.15
97,84,14.853,38.62
97,85,10.546,24.26
97,86,3.289,7.57
97,87,14.062,28.12
97,88,12.27,28.22
97,89,2.766,5.53
97,90,15.455,35.55
97,91,0.403,0.93
97,92,12.25,28.17
97,93,10.582,27.51
97,94,3.45,6.9
97,95,5.844,15.19
97,96,3.941,9.06
97,98,5.896,11.79
97,99,7.417,17.06
97,100,11.178,25.71
97,101,3.298,7.59
97,102,14.953,34.39
97,103,11.358,29.53
97,104,3.575,8.22
97,105,11.722,30.48
97,106,9.075,18.15
97,107,13.302,26.6
97,108,12.081,27.79
97,109,3.361,6.72
97,110,10.912,25.1
97,111,13.114,30.16
97,112,8.23,16.46
97,113,2.827,7.35
97,114,3.548,7.1
97,115,10.923,21.85
97,116,11.845,30.8
97,117,1.253,2.88
97,118,15.924,31.85
97,119,12.556,28.88
97,120,14.216,28.43
97,121,8.942,20.57
97,122,1.953,5.08
97,123,2.653,6.9
97,124,2.644,6.87
97,125,15.106,30.21
97,126,2.368,6.16
97,127,1.45,3.77
97,128,9.472,24.63
97,129,17.373,34.75
97,130,18.127,41.69
97,131,2.615,5.23
97,132,19.071,43.86
97,133,17.039,44.3
97,134,6.592,15.16
97,135,2.092,4.81
97,136,17.386,45.2
97,137,17.674,45.95
97,138,11.59,30.13
97,139,16.865,33.73
97,140,3.585,7.17
97,141,15.879,36.52
97,142,17.363,45.15
97,143,4.081,8.16
97,144,3.765,8.66
97,145,12.242,28.16
97,146,3.266,6.53
97,147,1.41,3.24
97,148,17.638,45.86
97,149,9.952,22.89
97,150,1.498,3.0
97,151,4.33,8.66
97,152,10.583,27.52
97,153,10.353,23.81
97,154,13.759,35.77
97,155,3.521,9.15
97,156,0.647,1.68
97,157,13.654,27.31
97,158,11.033,22.07
97,159,15.099,39.26
97,160,12.265,24.53
97,161,14.618,33.62
97,162,14.171,32.59
97,163,11.797,30.67
97,164,10.407,27.06
97,165,3.683,9.57
97,166,10.394,20.79
97,167,11.68,30.37
97,168,13.835,31.82
97,169,3.927,10.21
97,170,6.435,16.73
97,171,14.885,34.23
97,172,16.135,41.95
97,173,16.379,42.59
97,174,13.555,31.18
97,175,7.58,15.16
97,176,13.253,34.46
97,177,12.938,33.64
97,178,1.091,2.18
97,179,16.387,32.77
97,180,15.499,31.0
97,181,9.115,20.97
97,182,14.664,29.33
97,183,0.056,0.14
97,184,9.268,21.32
97,185,14.857,34.17
97,186,17.865,46.45
97,187,12.909,29.69
97,188,14.071,36.58
97,189,17.077,39.28
97,190,13.351,30.71
97,191,13.89,31.95
97,192,9.116,20.97
97,193,9.378,21.57
97,194,16.36,32.72
97,195,1.255,2.51
97,196,14.255,32.79
97,197,19.151,49.79
97,198,7.25,18.85
97,199,15.358,35.32
97,200,19.077,38.15
98,0,12.685,29.18
98,1,24.412,48.82
98,2,8.787,20.21
98,3,23.226,46.45
98,4,19.606,39.21
98,5,4.597,10.57
98,6,18.053,46.94
98,7,16.551,38.07
98,8,0.83,1.66
98,9,16.308,42.4
98,10,12.398,28.52
98,11,16.211,42.15
98,12,24.533,56.43
98,13,16.79,33.58
98,14,6.312,14.52
98,15,15.12,39.31
98,16,24.457,48.91
98,17,18.311,36.62
98,18,4.396,10.11
98,19,21.098,42.2
98,20,19.676,39.35
98,21,18.602,48.36
98,22,22.04,44.08
98,23,14.968,34.43
98,24,6.29,16.36
98,25,16.765,43.59
98,26,19.086,43.9
98,27,19.338,44.48
98,28,17.085,44.42
98,29,19.892,51.72
98,30,6.355,14.62
98,31,6.244,14.36
98,32,14.858,34.17
98,33,12.945,25.89
98,34,16.874,33.75
98,35,22.686,45.37
98,36,5.528,11.06
98,37,22.295,57.97
98,38,21.077,54.8
98,39,4.371,10.05
98,40,10.613,27.59
98,41,4.084,9.39
98,42,5.045,11.6
98,43,16.022,41.66
98,44,20.616,53.6
98,45,14.587,33.55
98,46,3.629,9.44
98,47,5.178,10.36
98,48,3.274,8.51
98,49,11.871,27.3
98,50,17.492,34.98
98,51,19.929,39.86
98,52,18.905,49.15
98,53,14.686,33.78
98,54,17.046,44.32
98,55,3.941,9.06
98,56,24.131,48.26
98,57,4.904,12.75
98,58,21.764,43.53
98,59,21.301,55.38
98,60,3.612,9.39
98,61,28.855,57.71
98,62,20.527,53.37
98,63,21.179,42.36
98,64,0.625,1.25
98,65,14.069,32.36
98,66,19.115,43.96
98,67,18.169,47.24
98,68,16.581,38.14
98,69,4.52,9.04
98,70,5.398,12.42
98,71,14.203,28.41
98,72,6.54,15.04
98,73,20.498,53.29
98,74,16.494,42.88
98,75,3.427,8.91
98,76,10.806,24.85
98,77,20.575,47.32
98,78,13.433,26.87
98,79,3.8,7.6
98,80,19.377,44.57
98,81,20.414,46.95
98,82,6.617,13.23
98,83,16.086,32.17
98,84,18.819,48.93
98,85,15.944,36.67
98,86,6.212,14.29
98,87,17.886,35.77
98,88,17.232,39.63
98,89,7.972,15.94
98,90,21.35,49.1
98,91,5.493,12.63
98,92,15.581,35.84
98,93,16.029,41.68
98,94,7.233,14.47
98,95,9.192,23.9
98,96,6.796,15.63
98,97,5.896,11.79
98,99,11.954,27.49
98,100,14.386,33.09
98,101,5.889,13.55
98,102,20.833,47.92
98,103,15.849,41.21
98,104,3.576,8.22
98,105,15.846,41.2
98,106,12.807,25.61
98,107,19.097,38.19
98,108,17.013,39.13
98,109,2.85,5.7
98,110,15.419,35.46
98,111,17.957,41.3
98,112,12.864,25.73
98,113,3.179,8.26
98,114,3.19,6.38
98,115,15.217,30.43
98,116,17.385,45.2
98,117,4.768,10.97
98,118,21.772,43.54
98,119,17.186,39.53
98,120,18.769,37.54
98,121,13.416,30.86
98,122,3.963,10.3
98,123,8.194,21.3
98,124,5.642,14.67
98,125,19.242,38.48
98,126,7.874,20.47
98,127,5.971,15.52
98,128,14.236,37.01
98,129,23.159,46.32
98,130,23.972,55.14
98,131,4.059,8.12
98,132,24.957,57.4
98,133,22.913,59.57
98,134,0.769,1.77
98,135,7.986,18.37
98,136,23.272,60.51
98,137,23.491,61.08
98,138,17.024,44.26
98,139,21.187,42.37
98,140,6.283,12.57
98,141,21.757,50.04
98,142,23.175,60.26
98,143,3.324,6.65
98,144,7.139,16.42
98,145,16.667,38.33
98,146,3.587,7.17
98,147,4.598,10.57
98,148,23.52,61.15
98,149,14.177,32.61
98,150,4.755,9.51
98,151,1.596,3.19
98,152,14.105,36.67
98,153,14.906,34.28
98,154,18.832,48.96
98,155,6.775,17.62
98,156,5.935,15.43
98,157,18.234,36.47
98,158,16.495,32.99
98,159,20.135,52.35
98,160,17.382,34.76
98,161,18.722,43.06
98,162,17.611,40.5
98,163,16.18,42.07
98,164,15.163,39.42
98,165,2.707,7.04
98,166,15.772,31.54
98,167,16.765,43.59
98,168,18.22,41.91
98,169,8.862,23.04
98,170,5.314,13.82
98,171,20.769,47.77
98,172,21.917,56.99
98,173,19.758,51.37
98,174,19.446,44.73
98,175,1.684,3.37
98,176,17.388,45.21
98,177,18.145,47.18
98,178,4.993,9.99
98,179,20.977,41.95
98,180,21.359,42.72
98,181,13.981,32.16
98,182,20.534,41.07
98,183,5.9,15.34
98,184,13.703,31.52
98,185,20.743,47.71
98,186,23.76,61.77
98,187,15.098,34.73
98,188,19.908,51.76
98,189,22.969,52.83
98,190,18.372,42.26
98,191,18.008,41.42
98,192,14.042,32.3
98,193,14.299,32.89
98,194,22.182,44.36
98,195,6.869,13.74
98,196,17.776,40.89
98,197,25.047,65.12
98,198,11.921,30.99
98,199,21.191,48.74
98,200,24.935,49.87
99,0,5.884,15.3
99,1,15.088,34.7
99,2,6.244,16.23
99,3,12.609,29.0
99,4,10.97,25.23
99,5,7.795,20.27
99,6,6.102,17.69
99,7,4.599,11.96
99,8,12.637,29.07
99,9,6.037,17.51
99,10,14.068,36.58
99,11,4.604,13.35
99,12,13.952,36.27
99,13,4.837,11.12
99,14,7.569,19.68
99,15,14.432,41.85
99,16,17.27,39.72
99,17,6.387,14.69
99,18,8.138,21.16
99,19,11.582,26.64
99,20,16.833,38.71
99,21,6.692,19.41
99,22,11.513,26.48
99,23,11.615,30.2
99,24,10.312,29.91
99,25,14.411,41.79
99,26,14.393,37.42
99,27,16.758,43.57
99,28,15.5,44.95
99,29,15.476,44.88
99,30,8.245,21.44
99,31,5.725,14.88
99,32,2.921,7.59
99,33,2.365,5.44
99,34,6.363,14.63
99,35,11.728,26.98
99,36,8.128,18.69
99,37,12.265,35.57
99,38,12.055,34.96
99,39,7.791,20.26
99,40,6.092,17.67
99,41,9.381,24.39
99,42,7.683,19.97
99,43,6.425,18.63
99,44,10.408,30.18
99,45,2.747,7.14
99,46,9.217,26.73
99,47,8.09,18.61
99,48,10.526,30.52
99,49,1.044,2.71
99,50,13.739,31.6
99,51,8.28,19.04
99,52,14.925,43.28
99,53,2.954,7.68
99,54,16.413,47.6
99,55,8.282,21.53
99,56,13.621,31.33
99,57,9.503,27.56
99,58,11.854,27.26
99,59,12.025,34.87
99,60,9.425,27.33
99,61,18.85,43.35
99,62,10.901,31.61
99,63,11.23,25.83
99,64,11.337,26.07
99,65,15.782,41.03
99,66,17.577,45.7
99,67,8.135,23.59
99,68,11.965,31.11
99,69,9.36,21.53
99,70,10.163,26.42
99,71,2.839,6.53
99,72,8.828,22.95
99,73,10.096,29.28
99,74,13.541,39.27
99,75,9.923,28.78
99,76,1.602,4.17
99,77,18.647,48.48
99,78,13.315,30.62
99,79,8.21,18.88
99,80,13.771,35.8
99,81,9.321,24.24
99,82,6.511,14.98
99,83,13.515,31.08
99,84,18.566,53.84
99,85,12.032,31.28
99,86,5.748,14.95
99,87,6.719,15.45
99,88,5.319,13.83
99,89,8.446,19.43
99,90,12.273,31.91
99,91,7.679,19.96
99,92,5.344,13.89
99,93,11.888,34.48
99,94,4.725,10.87
99,95,3.189,9.25
99,96,5.237,13.62
99,97,7.417,17.06
99,98,11.954,27.49
99,100,4.571,11.88
99,101,6.08,15.81
99,102,11.377,29.58
99,103,14.786,42.88
99,104,10.872,28.27
99,105,15.668,45.44
99,106,2.325,5.35
99,107,8.967,20.62
99,108,14.487,37.67
99,109,10.332,23.76
99,110,3.534,9.19
99,111,15.527,40.37
99,112,0.915,2.1
99,113,9.729,28.22
99,114,10.733,24.69
99,115,3.506,8.06
99,116,12.484,36.2
99,117,7.822,20.34
99,118,11.788,27.11
99,119,5.259,13.67
99,120,6.887,15.84
99,121,1.53,3.98
99,122,8.579,24.88
99,123,4.934,14.31
99,124,9.956,28.87
99,125,18.528,42.61
99,126,7.857,22.79
99,127,8.665,25.13
99,128,2.298,6.66
99,129,12.603,28.99
99,130,13.78,35.83
99,131,9.946,22.88
99,132,15.261,39.68
99,133,13.138,38.1
99,134,12.398,32.23
99,135,6.268,16.3
99,136,13.681,39.67
99,137,13.111,38.02
99,138,12.691,36.8
99,139,9.47,21.78
99,140,5.711,13.14
99,141,12.147,31.58
99,142,12.777,37.05
99,143,11.344,26.09
99,144,4.829,12.55
99,145,4.848,12.6
99,146,8.367,19.24
99,147,7.951,20.67
99,148,13.836,40.12
99,149,14.102,36.66
99,150,8.86,20.38
99,151,10.76,24.75
99,152,3.723,10.8
99,153,2.99,7.77
99,154,15.518,45.0
99,155,5.186,15.04
99,156,7.939,23.02
99,157,6.335,14.57
99,158,12.167,27.98
99,159,8.218,23.83
99,160,5.572,12.82
99,161,18.154,47.2
99,162,7.03,18.28
99,163,15.324,44.44
99,164,13.549,39.29
99,165,9.251,26.83
99,166,11.984,27.56
99,167,13.802,40.03
99,168,17.019,44.25
99,169,3.49,10.12
99,170,8.617,24.99
99,171,11.391,29.62
99,172,11.424,33.13
99,173,9.187,26.64
99,174,10.439,27.14
99,175,13.42,30.87
99,176,16.931,49.1
99,177,14.48,41.99
99,178,7.615,17.52
99,179,18.855,43.37
99,180,11.527,26.51
99,181,12.374,32.17
99,182,10.935,25.15
99,183,7.37,21.37
99,184,1.852,4.82
99,185,11.421,29.69
99,186,14.445,41.89
99,187,7.182,18.67
99,188,12.473,36.17
99,189,13.568,35.28
99,190,15.308,39.8
99,191,6.477,16.84
99,192,12.249,31.85
99,193,2.465,6.41
99,194,11.932,27.44
99,195,6.184,14.22
99,196,7.057,18.35
99,197,15.865,46.01
99,198,0.355,1.03
99,199,11.124,28.92
99,200,14.82,34.08
100,0,10.348,26.91
100,1,17.703,40.72
100,2,10.634,27.65
100,3,14.462,33.26
100,4,14.305,32.9
100,5,9.798,25.48
100,6,5.88,17.05
100,7,5.168,13.44
100,8,15.174,34.9
100,9,1.923,5.58
100,10,18.581,48.31
100,11,3.173,9.2
100,12,15.718,40.87
100,13,5.136,11.81
100,14,11.484,29.86
100,15,18.999,55.1
100,16,20.726,47.67
100,17,5.693,13.09
100,18,11.438,29.74
100,19,14.386,33.09
100,20,21.233,48.83
100,21,5.805,16.83
100,22,13.566,31.2
100,23,16.112,41.89
100,24,14.299,41.47
100,25,18.91,54.84
100,26,18.618,48.41
100,27,21.187,55.09
100,28,20.027,58.08
100,29,19.704,57.14
100,30,12.223,31.78
100,31,8.766,22.79
100,32,4.005,10.41
100,33,2.215,5.1
100,34,2.494,5.74
100,35,13.313,30.62
100,36,11.873,27.31
100,37,14.65,42.48
100,38,15.091,43.77
100,39,10.023,26.06
100,40,4.778,13.86
100,41,12.83,33.36
100,42,11.157,29.01
100,43,1.911,5.54
100,44,12.866,37.31
100,45,3.428,8.91
100,46,12.48,36.19
100,47,11.714,26.94
100,48,13.835,40.12
100,49,3.708,9.64
100,50,18.126,41.69
100,51,6.108,14.05
100,52,19.241,55.8
100,53,5.512,14.33
100,54,20.969,60.81
100,55,11.361,29.54
100,56,15.481,35.61
100,57,13.19,38.25
100,58,14.368,33.05
100,59,14.926,43.28
100,60,12.722,36.89
100,61,20.78,47.79
100,62,13.711,39.76
100,63,13.784,31.7
100,64,13.827,31.8
100,65,20.321,52.83
100,66,22.076,57.4
100,67,11.057,32.06
100,68,16.313,42.41
100,69,12.935,29.75
100,70,13.976,36.34
100,71,2.338,5.38
100,72,12.866,33.45
100,73,12.434,36.06
100,74,18.015,52.24
100,75,13.229,38.36
100,76,6.058,15.75
100,77,23.099,60.06
100,78,17.881,41.13
100,79,11.065,25.45
100,80,17.852,46.42
100,81,6.078,15.8
100,82,10.366,23.84
100,83,18.019,41.44
100,84,23.118,67.04
100,85,16.464,42.81
100,86,8.544,22.21
100,87,3.728,8.57
100,88,6.061,15.76
100,89,12.736,29.29
100,90,15.26,39.67
100,91,11.341,29.49
100,92,1.201,3.12
100,93,16.301,47.27
100,94,7.855,18.07
100,95,5.45,15.81
100,96,7.833,20.36
100,97,11.178,25.71
100,98,14.386,33.09
100,99,4.571,11.88
100,101,8.788,22.85
100,102,14.238,37.02
100,103,19.343,56.1
100,104,14.269,37.1
100,105,20.238,58.69
100,106,2.279,5.24
100,107,11.685,26.87
100,108,18.972,49.33
100,109,13.503,31.06
100,110,3.789,9.85
100,111,19.996,51.99
100,112,4.385,10.08
100,113,12.924,37.48
100,114,14.028,32.26
100,115,3.083,7.09
100,116,16.765,48.62
100,117,11.204,29.13
100,118,14.255,32.79
100,119,4.929,12.82
100,120,5.782,13.3
100,121,3.741,9.73
100,122,11.812,34.26
100,123,9.072,26.31
100,124,13.82,40.08
100,125,23.062,53.04
100,126,12.129,35.17
100,127,12.573,36.46
100,128,4.514,13.09
100,129,14.515,33.38
100,130,15.9,41.34
100,131,13.436,30.9
100,132,17.628,45.83
100,133,15.622,45.31
100,134,14.627,38.03
100,135,10.504,27.31
100,136,16.239,47.09
100,137,15.134,43.89
100,138,17.045,49.43
100,139,7.375,16.96
100,140,8.361,19.23
100,141,14.833,38.57
100,142,14.814,42.96
100,143,14.677,33.76
100,144,7.697,20.01
100,145,4.041,10.51
100,146,11.016,25.34
100,147,11.289,29.35
100,148,16.32,47.33
100,149,18.671,48.55
100,150,12.455,28.65
100,151,13.557,31.18
100,152,0.922,2.67
100,153,3.844,10.0
100,154,19.899,57.71
100,155,8.047,23.34
100,156,11.784,34.17
100,157,5.459,12.56
100,158,16.545,38.05
100,159,8.212,23.82
100,160,6.73,15.48
100,161,22.698,59.01
100,162,3.227,8.39
100,163,19.883,57.66
100,164,18.102,52.5
100,165,11.875,34.44
100,166,16.431,37.79
100,167,18.268,52.98
100,168,21.546,56.02
100,169,7.505,21.76
100,170,9.737,28.24
100,171,14.297,37.17
100,172,13.518,39.2
100,173,5.383,15.61
100,174,13.653,35.5
100,175,15.555,35.78
100,176,21.489,62.32
100,177,18.853,54.67
100,178,11.041,25.39
100,179,23.286,53.56
100,180,14.131,32.5
100,181,16.939,44.04
100,182,13.757,31.64
100,183,11.125,32.26
100,184,3.547,9.22
100,185,14.356,37.33
100,186,17.114,49.63
100,187,2.874,7.47
100,188,16.144,46.82
100,189,16.254,42.26
100,190,19.724,51.28
100,191,4.258,11.07
100,192,16.81,43.71
100,193,5.055,13.14
100,194,14.178,32.61
100,195,10.067,23.15
100,196,3.408,8.86
100,197,18.51,53.68
100,198,4.912,14.24
100,199,13.603,35.37
100,200,16.916,38.91
101,0,8.168,21.24
101,1,19.655,45.21
101,2,5.05,13.13
101,3,17.927,41.23
101,4,14.993,34.48
101,5,2.012,5.23
101,6,12.172,35.3
101,7,10.679,27.77
101,8,6.603,15.19
101,9,10.699,31.03
101,10,12.123,31.52
101,11,10.347,30.01
101,12,19.264,50.09
101,13,10.912,25.1
101,14,3.866,10.05
101,15,13.828,40.1
101,16,20.609,47.4
101,17,12.422,28.57
101,18,2.806,7.29
101,19,16.19,37.24
101,20,17.626,40.54
101,21,12.712,36.87
101,22,16.76,38.55
101,23,12.309,32.0
101,24,6.333,18.37
101,25,14.763,42.81
101,26,16.128,41.93
101,27,17.398,45.23
101,28,15.493,44.93
101,29,17.107,49.61
101,30,4.568,11.88
101,31,0.702,1.83
101,32,8.972,23.33
101,33,7.134,16.41
101,34,11.227,25.82
101,35,17.246,39.67
101,36,3.791,8.72
101,37,17.213,49.92
101,38,16.362,47.45
101,39,1.815,4.72
101,40,6.047,17.53
101,41,4.225,10.98
101,42,2.766,7.19
101,43,10.566,30.64
101,44,15.432,44.75
101,45,8.698,22.61
101,46,3.761,10.91
101,47,3.45,7.94
101,48,5.1,14.79
101,49,5.989,15.57
101,50,14.867,34.19
101,51,14.075,32.37
101,52,16.267,47.18
101,53,8.887,23.11
101,54,15.939,46.22
101,55,2.597,6.75
101,56,18.886,43.44
101,57,4.827,14.0
101,58,16.718,38.45
101,59,16.493,47.83
101,60,4.013,11.64
101,61,23.872,54.91
101,62,15.561,45.13
101,63,16.105,37.04
101,64,5.28,12.14
101,65,13.99,36.38
101,66,17.677,45.96
101,67,12.981,37.65
101,68,13.482,35.05
101,69,4.453,10.24
101,70,5.726,14.89
101,71,8.347,19.2
101,72,5.229,13.59
101,73,15.238,44.19
101,74,14.175,41.11
101,75,4.507,13.07
101,76,5.06,13.16
101,77,19.02,49.45
101,78,12.271,28.22
101,79,2.282,5.25
101,80,16.023,41.66
101,81,14.688,38.19
101,82,3.022,6.95
101,83,13.92,32.02
101,84,18.019,52.25
101,85,13.116,34.1
101,86,0.344,0.89
101,87,12.115,27.86
101,88,11.385,29.6
101,89,5.932,13.64
101,90,16.621,43.22
101,91,3.221,8.37
101,92,9.952,25.88
101,93,13.102,37.99
101,94,1.431,3.29
101,95,3.385,9.82
101,96,0.957,2.49
101,97,3.298,7.59
101,98,5.889,13.55
101,99,6.08,15.81
101,100,8.788,22.85
101,102,15.941,41.45
101,103,14.426,41.84
101,104,5.567,14.47
101,105,14.887,43.17
101,106,6.999,16.1
101,107,13.903,31.98
101,108,14.945,38.86
101,109,4.728,10.87
101,110,9.53,24.78
101,111,16.004,41.61
101,112,6.994,16.09
101,113,4.163,12.07
101,114,5.283,12.15
101,115,9.337,21.47
101,116,14.22,41.24
101,117,2.684,6.98
101,118,16.697,38.4
101,119,11.297,29.37
101,120,12.88,29.62
101,121,7.528,19.57
101,122,3.104,9.0
101,123,3.473,10.07
101,124,5.672,16.45
101,125,18.228,41.93
101,126,5.419,15.72
101,127,4.684,13.58
101,128,8.373,24.28
101,129,17.883,41.13
101,130,18.853,49.02
101,131,4.833,11.12
101,132,20.055,52.14
101,133,17.943,52.04
101,134,6.318,16.43
101,135,4.296,11.17
101,136,18.383,53.31
101,137,18.29,53.04
101,138,14.092,40.87
101,139,15.324,35.24
101,140,0.427,0.98
101,141,16.828,43.75
101,142,17.962,52.09
101,143,5.936,13.65
101,144,1.252,3.26
101,145,10.781,28.03
101,146,2.319,5.33
101,147,2.708,7.04
101,148,18.599,53.94
101,149,13.12,34.11
101,150,4.044,9.3
101,151,4.821,11.09
101,152,8.382,24.31
101,153,9.018,23.45
101,154,16.506,47.87
101,155,0.896,2.6
101,156,3.924,11.38
101,157,12.345,28.39
101,158,13.522,31.1
101,159,14.288,41.44
101,160,11.579,26.63
101,161,17.754,46.16
101,162,11.966,31.11
101,163,14.892,43.19
101,164,13.394,38.84
101,165,3.208,9.3
101,166,12.987,29.87
101,167,14.464,41.94
101,168,16.899,43.94
101,169,3.335,9.67
101,170,3.628,10.52
101,171,15.906,41.35
101,172,16.648,48.28
101,173,14.159,41.06
101,174,14.683,38.18
101,175,7.341,16.88
101,176,16.396,47.55
101,177,15.608,45.26
101,178,2.602,5.98
101,179,19.345,44.49
101,180,16.334,37.57
101,181,12.087,31.43
101,182,15.579,35.83
101,183,3.246,9.41
101,184,7.813,20.32
101,185,15.901,41.34
101,186,18.994,55.08
101,187,10.063,26.16
101,188,15.794,45.8
101,189,18.151,47.19
101,190,16.138,41.96
101,191,12.167,31.63
101,192,12.059,31.35
101,193,8.47,22.02
101,194,17.012,39.13
101,195,2.96,6.81
101,196,12.102,31.47
101,197,20.36,59.04
101,198,6.07,17.6
101,199,16.072,41.79
101,200,19.861,45.68
102,0,8.158,21.21
102,1,3.745,8.61
102,2,12.091,31.44
102,3,3.463,7.97
102,4,1.793,4.12
102,5,17.951,46.67
102,6,9.353,27.12
102,7,9.255,24.06
102,8,21.239,48.85
102,9,14.326,41.55
102,10,14.809,38.5
102,11,11.492,33.33
102,12,4.34,11.28
102,13,9.4,21.62
102,14,14.603,37.97
102,15,12.658,36.71
102,16,6.828,15.7
102,17,9.916,22.81
102,18,16.441,42.75
102,19,0.272,0.63
102,20,11.33,26.06
102,21,10.109,29.32
102,22,2.665,6.13
102,23,9.288,24.15
102,24,15.974,46.32
102,25,10.871,31.53
102,26,8.088,21.03
102,27,11.584,30.12
102,28,12.101,35.09
102,29,8.857,25.69
102,30,14.77,38.4
102,31,15.299,39.78
102,32,10.25,26.65
102,33,12.843,29.54
102,34,14.12,32.48
102,35,4.059,9.34
102,36,15.411,35.44
102,37,1.789,5.19
102,38,1.016,2.95
102,39,17.724,46.08
102,40,17.421,50.52
102,41,16.965,44.11
102,42,15.789,41.05
102,43,15.274,44.3
102,44,1.773,5.14
102,45,10.842,28.19
102,46,17.257,50.05
102,47,15.701,36.11
102,48,18.098,52.49
102,49,12.297,31.97
102,50,9.062,20.84
102,51,12.057,27.73
102,52,9.159,26.56
102,53,8.897,23.13
102,54,13.497,39.14
102,55,16.945,44.06
102,56,3.906,8.98
102,57,16.437,47.67
102,58,1.249,2.87
102,59,0.69,2.0
102,60,17.333,50.26
102,61,8.022,18.45
102,62,0.538,1.56
102,63,1.092,2.51
102,64,20.237,46.55
102,65,15.513,40.33
102,66,13.137,34.16
102,67,3.26,9.45
102,68,7.754,20.16
102,69,16.641,38.27
102,70,16.49,42.88
102,71,11.967,27.52
102,72,14.879,38.69
102,73,2.281,6.62
102,74,9.961,28.89
102,75,17.668,51.24
102,76,11.35,29.51
102,77,13.339,34.68
102,78,12.918,29.71
102,79,17.256,39.69
102,80,6.707,17.44
102,81,14.259,37.07
102,82,14.221,32.71
102,83,10.391,23.9
102,84,15.021,43.56
102,85,8.631,22.44
102,86,15.616,40.6
102,87,13.044,30.0
102,88,8.501,22.1
102,89,13.533,31.13
102,90,1.077,2.8
102,91,15.356,39.92
102,92,14.098,36.65
102,93,8.349,24.21
102,94,14.579,33.53
102,95,14.28,41.41
102,96,15.478,40.24
102,97,14.953,34.39
102,98,20.833,47.92
102,99,11.377,29.58
102,100,14.238,37.02
102,101,15.941,41.45
102,103,12.389,35.93
102,104,18.147,47.18
102,105,13.635,39.54
102,106,12.914,29.7
102,107,2.554,5.87
102,108,10.702,27.83
102,109,18.254,41.98
102,110,10.471,27.22
102,111,11.188,29.09
102,112,10.782,24.8
102,113,17.763,51.51
102,114,18.282,42.05
102,115,11.179,25.71
102,116,7.411,21.49
102,117,16.071,41.78
102,118,1.38,3.17
102,119,9.912,25.77
102,120,10.39,23.9
102,121,10.991,28.58
102,122,16.87,48.92
102,123,12.753,36.98
102,124,16.186,46.94
102,125,14.53,33.42
102,126,13.353,38.72
102,127,15.245,44.21
102,128,9.928,28.79
102,129,3.293,7.57
102,130,3.36,8.74
102,131,17.256,39.69
102,132,4.133,10.75
102,133,2.099,6.09
102,134,21.502,55.9
102,135,12.862,33.44
102,136,2.449,7.1
102,137,3.202,9.29
102,138,8.157,23.66
102,139,12.163,27.97
102,140,15.751,36.23
102,141,0.933,2.43
102,142,3.001,8.7
102,143,18.652,42.9
102,144,14.937,38.84
102,145,10.695,27.81
102,146,17.667,40.63
102,147,16.242,42.23
102,148,2.687,7.79
102,149,13.172,34.25
102,150,16.26,37.4
102,151,19.281,44.35
102,152,13.393,38.84
102,153,10.402,27.04
102,154,10.179,29.52
102,155,15.173,44.0
102,156,15.018,43.55
102,157,10.191,23.44
102,158,8.124,18.69
102,159,8.257,23.94
102,160,7.76,17.85
102,161,14.465,37.61
102,162,14.279,37.12
102,163,12.802,37.13
102,164,11.446,33.19
102,165,18.376,53.29
102,166,8.778,20.19
102,167,10.01,29.03
102,168,13.201,34.32
102,169,12.628,36.62
102,170,19.326,56.04
102,171,0.167,0.43
102,172,2.54,7.37
102,173,15.301,44.37
102,174,1.488,3.87
102,175,22.511,51.78
102,176,13.929,40.39
102,177,9.38,27.2
102,178,15.849,36.45
102,179,13.263,30.5
102,180,0.895,2.06
102,181,11.248,29.24
102,182,0.485,1.12
102,183,14.944,43.34
102,184,11.016,28.64
102,185,0.28,0.73
102,186,3.089,8.96
102,187,17.058,44.35
102,188,3.751,10.88
102,189,2.222,5.78
102,190,10.383,27.0
102,191,12.0,31.2
102,192,11.039,28.7
102,193,9.43,24.52
102,194,2.103,4.84
102,195,13.985,32.17
102,196,14.057,36.55
102,197,4.5,13.05
102,198,11.118,32.24
102,199,1.365,3.55
102,200,4.19,9.64
103,0,9.094,26.37
103,1,14.226,36.99
103,2,9.599,27.84
103,3,15.852,41.22
103,4,10.602,27.57
103,5,15.91,46.14
103,6,17.811,57.0
103,7,16.673,48.35
103,8,15.754,40.96
103,9,20.596,65.91
103,10,3.982,11.55
103,11,18.308,58.59
103,12,16.622,48.2
103,13,16.974,44.13
103,14,10.744,31.16
103,15,0.756,2.42
103,16,11.347,29.5
103,17,18.42,47.89
103,18,12.7,36.83
103,19,12.612,32.79
103,20,4.026,10.47
103,21,18.749,60.0
103,22,14.958,38.89
103,23,3.555,10.31
103,24,9.571,30.63
103,25,1.71,5.47
103,26,5.222,15.14
103,27,3.617,10.49
103,28,1.261,4.04
103,29,5.362,17.16
103,30,10.223,29.65
103,31,13.791,39.99
103,32,16.238,47.09
103,33,17.15,44.59
103,34,20.774,54.01
103,35,16.292,42.36
103,36,11.194,29.1
103,37,14.139,45.25
103,38,11.808,37.79
103,39,15.435,44.76
103,40,19.532,62.5
103,41,12.078,35.03
103,42,12.232,35.47
103,43,21.144,67.66
103,44,13.594,43.5
103,45,16.57,48.05
103,46,12.738,40.76
103,47,11.643,30.27
103,48,12.594,40.3
103,49,15.736,45.64
103,50,3.558,9.25
103,51,20.963,54.5
103,52,4.358,13.94
103,53,14.736,42.73
103,54,1.627,5.21
103,55,13.348,38.71
103,56,16.204,42.13
103,57,11.131,35.62
103,58,13.631,35.44
103,59,12.32,39.43
103,60,12.616,40.37
103,61,18.657,48.51
103,62,12.53,40.1
103,63,13.396,34.83
103,64,15.485,40.26
103,65,3.538,10.26
103,66,3.308,9.59
103,67,12.355,39.54
103,68,4.648,13.48
103,69,11.599,30.16
103,70,10.477,30.38
103,71,17.297,44.97
103,72,9.729,28.22
103,73,13.903,44.49
103,74,2.449,7.84
103,75,12.584,40.27
103,76,13.428,38.94
103,77,4.742,13.75
103,78,2.419,6.29
103,79,13.973,36.33
103,80,6.423,18.63
103,81,22.808,66.14
103,82,11.409,29.66
103,83,1.999,5.2
103,84,3.785,12.11
103,85,3.839,11.13
103,86,14.294,41.45
103,87,20.554,53.44
103,88,16.539,47.96
103,89,8.592,22.34
103,90,12.028,34.88
103,91,11.616,33.69
103,92,19.982,57.95
103,93,4.119,13.18
103,94,13.878,36.08
103,95,15.541,49.73
103,96,14.74,42.75
103,97,11.358,29.53
103,98,15.849,41.21
103,99,14.786,42.88
103,100,19.343,56.1
103,101,14.426,41.84
103,102,12.389,35.93
103,104,12.275,35.6
103,105,1.246,3.99
103,106,17.111,44.49
103,107,12.817,33.32
103,108,1.977,5.73
103,109,13.087,34.03
103,110,16.88,48.95
103,111,2.402,6.96
103,112,15.008,39.02
103,113,12.971,41.51
103,114,12.662,32.92
103,115,17.351,45.11
103,116,5.012,16.04
103,117,12.494,36.23
103,118,13.769,35.8
103,119,17.679,51.27
103,120,19.065,49.57
103,121,15.74,45.65
103,122,12.866,41.17
103,123,11.444,36.62
103,124,10.263,32.84
103,125,3.842,9.99
103,126,9.036,28.91
103,127,10.38,33.22
103,128,15.388,49.24
103,129,15.681,40.77
103,130,15.461,44.84
103,131,11.888,30.91
103,132,15.214,44.12
103,133,14.039,44.93
103,134,16.614,48.18
103,135,10.211,29.61
103,136,13.94,44.61
103,137,15.525,49.68
103,138,4.252,13.61
103,139,21.69,56.39
103,140,14.582,37.91
103,141,13.106,38.01
103,142,15.366,49.17
103,143,12.577,32.7
103,144,14.331,41.56
103,145,17.965,52.1
103,146,14.514,37.74
103,147,12.608,36.56
103,148,14.253,45.61
103,149,1.772,5.14
103,150,11.593,30.14
103,151,14.399,37.44
103,152,18.463,59.08
103,153,16.418,47.61
103,154,3.686,11.8
103,155,14.267,45.65
103,156,10.874,34.8
103,157,18.585,48.32
103,158,4.275,11.12
103,159,18.251,58.4
103,160,16.019,41.65
103,161,3.41,9.89
103,162,21.316,61.82
103,163,0.542,1.74
103,164,1.254,4.01
103,165,14.664,46.92
103,166,3.731,9.7
103,167,2.463,7.88
103,168,2.477,7.18
103,169,12.735,40.75
103,170,17.792,56.93
103,171,12.23,35.47
103,172,14.819,47.42
103,173,23.214,74.28
103,174,11.109,32.22
103,175,17.315,45.02
103,176,2.145,6.87
103,177,3.661,11.72
103,178,12.399,32.24
103,179,5.132,13.34
103,180,13.28,34.53
103,181,2.445,7.09
103,182,12.489,32.47
103,183,11.398,36.47
103,184,16.013,46.44
103,185,12.129,35.17
103,186,13.785,44.11
103,187,21.933,63.61
103,188,8.999,28.8
103,189,13.439,38.97
103,190,3.178,9.22
103,191,19.838,57.53
103,192,2.547,7.38
103,193,14.927,43.29
103,194,14.49,37.67
103,195,11.473,29.83
103,196,21.246,61.61
103,197,14.431,46.18
103,198,14.439,46.2
103,199,13.617,39.49
103,200,15.955,41.48
104,0,10.042,26.11
104,1,21.586,49.65
104,2,6.134,15.95
104,3,20.825,47.9
104,4,16.771,38.57
104,5,5.522,14.36
104,6,16.831,48.81
104,7,15.293,39.76
104,8,3.533,8.13
104,9,16.153,46.84
104,10,8.855,23.02
104,11,15.435,44.76
104,12,22.087,57.42
104,13,15.569,35.81
104,14,3.691,9.6
104,15,11.544,33.48
104,16,21.218,48.8
104,17,17.193,39.54
104,18,2.832,7.36
104,19,18.417,42.36
104,20,16.121,37.08
104,21,17.514,50.79
104,22,19.64,45.17
104,23,11.539,30.0
104,24,2.739,7.94
104,25,13.22,38.34
104,26,15.662,40.72
104,27,15.777,41.02
104,28,13.513,39.19
104,29,16.426,47.64
104,30,3.384,8.8
104,31,5.504,14.31
104,32,13.755,35.76
104,33,12.437,28.61
104,34,16.65,38.3
104,35,20.44,47.01
104,36,2.924,6.73
104,37,19.722,57.19
104,38,18.273,52.99
104,39,5.05,13.13
104,40,11.467,33.25
104,41,1.49,3.88
104,42,3.194,8.3
104,43,16.09,46.66
104,44,18.156,52.65
104,45,13.619,35.41
104,46,1.806,5.24
104,47,2.825,6.5
104,48,0.523,1.52
104,49,11.103,28.87
104,50,14.021,32.25
104,51,19.145,44.03
104,52,15.423,44.73
104,53,13.213,34.35
104,54,13.474,39.07
104,55,2.982,7.75
104,56,21.668,49.84
104,57,1.712,4.96
104,58,19.172,44.1
104,59,18.552,53.8
104,60,1.556,4.51
104,61,26.131,60.1
104,62,17.898,51.9
104,63,18.618,42.82
104,64,3.259,7.49
104,65,10.568,27.48
104,66,15.539,40.4
104,67,15.767,45.72
104,68,13.223,34.38
104,69,1.599,3.68
104,70,1.883,4.9
104,71,13.509,31.07
104,72,3.311,8.61
104,73,18.107,52.51
104,74,12.986,37.66
104,75,1.062,3.08
104,76,9.435,24.53
104,77,16.999,44.2
104,78,9.858,22.67
104,79,3.458,7.95
104,80,16.043,41.71
104,81,20.003,52.01
104,82,4.495,10.34
104,83,12.562,28.89
104,84,15.269,44.28
104,85,12.533,32.59
104,86,5.762,14.98
104,87,17.395,40.01
104,88,15.835,41.17
104,89,4.741,10.9
104,90,18.55,48.23
104,91,3.243,8.43
104,92,15.402,40.05
104,93,12.639,36.65
104,94,6.43,14.79
104,95,8.818,25.57
104,96,6.492,16.88
104,97,3.575,8.22
104,98,3.576,8.22
104,99,10.872,28.27
104,100,14.269,37.1
104,101,5.567,14.47
104,102,18.147,47.18
104,103,12.275,35.6
104,105,12.276,35.6
104,106,12.312,28.32
104,107,16.677,38.36
104,108,13.472,35.03
104,109,1.085,2.5
104,110,14.398,37.43
104,111,14.401,37.44
104,112,11.719,26.95
104,113,1.465,4.25
104,114,0.446,1.02
104,115,14.358,33.02
104,116,14.03,40.69
104,117,3.089,8.03
104,118,19.202,44.16
104,119,16.075,41.8
104,120,17.729,40.78
104,121,12.401,32.24
104,122,2.468,7.16
104,123,6.228,18.06
104,124,2.161,6.27
104,125,15.679,36.06
104,126,4.811,13.95
104,127,2.902,8.42
104,128,12.998,37.7
104,129,20.738,47.7
104,130,21.403,55.65
104,131,0.961,2.21
104,132,22.217,57.76
104,133,20.246,58.71
104,134,4.339,11.28
104,135,5.469,14.22
104,136,20.544,59.58
104,137,20.997,60.89
104,138,13.62,39.5
104,139,20.342,46.79
104,140,5.984,13.76
104,141,19.08,49.61
104,142,20.697,60.02
104,143,0.516,1.19
104,144,6.572,17.09
104,145,15.719,40.87
104,146,3.772,8.68
104,147,2.988,7.77
104,148,20.811,60.35
104,149,10.601,27.56
104,150,2.077,4.78
104,151,2.235,5.14
104,152,13.776,39.95
104,153,13.844,35.99
104,154,15.308,44.39
104,155,6.229,18.06
104,156,3.256,9.44
104,157,17.169,39.49
104,158,13.108,30.15
104,159,18.672,54.15
104,160,15.839,36.43
104,161,15.16,39.42
104,162,17.384,45.2
104,163,12.604,36.55
104,164,11.609,33.67
104,165,3.281,9.52
104,166,12.356,28.42
104,167,13.253,38.43
104,168,14.645,38.08
104,169,7.412,21.5
104,170,7.101,20.59
104,171,18.065,46.97
104,172,19.509,56.58
104,173,19.592,56.82
104,174,16.704,43.43
104,175,5.077,11.68
104,176,13.821,40.08
104,177,14.654,42.5
104,178,3.277,7.54
104,179,17.401,40.02
104,180,18.757,43.14
104,181,10.448,27.16
104,182,17.897,41.16
104,183,3.61,10.47
104,184,12.721,33.07
104,185,18.026,46.87
104,186,20.947,60.75
104,187,15.625,40.63
104,188,16.825,48.79
104,189,20.2,52.52
104,190,14.84,38.58
104,191,17.303,44.99
104,192,10.518,27.35
104,193,12.929,33.61
104,194,19.683,45.27
104,195,4.82,11.09
104,196,17.496,45.49
104,197,22.172,64.3
104,198,10.736,31.13
104,199,18.666,48.53
104,200,22.319,51.33
105,0,10.089,29.26
105,1,15.428,40.11
105,2,10.218,29.63
105,3,17.098,44.45
105,4,11.848,30.81
105,5,16.262,47.16
105,6,18.922,60.55
105,7,17.75,51.48
105,8,15.686,40.78
105,9,21.549,68.96
105,10,3.56,10.32
105,11,19.327,61.85
105,12,17.862,51.8
105,13,18.054,46.94
105,14,11.111,32.22
105,15,1.25,4.0
105,16,12.389,32.21
105,17,19.526,50.77
105,18,12.975,37.63
105,19,13.857,36.03
105,20,4.649,12.09
105,21,19.858,63.55
105,22,16.204,42.13
105,23,4.727,13.71
105,24,9.64,30.85
105,25,2.874,9.2
105,26,6.342,18.39
105,27,4.197,12.17
105,28,1.978,6.33
105,29,6.361,20.36
105,30,10.531,30.54
105,31,14.278,41.41
105,32,17.246,50.01
105,33,18.032,46.88
105,34,21.749,56.55
105,35,17.537,45.6
105,36,11.485,29.86
105,37,15.383,49.23
105,38,13.048,41.75
105,39,15.774,45.75
105,40,20.192,64.61
105,41,12.23,35.47
105,42,12.553,36.4
105,43,22.063,70.6
105,44,14.837,47.48
105,45,17.557,50.91
105,46,12.91,41.31
105,47,11.93,31.02
105,48,12.635,40.43
105,49,16.592,48.12
105,50,4.751,12.35
105,51,22.065,57.37
105,52,5.408,17.3
105,53,15.771,45.74
105,54,1.216,3.89
105,55,13.612,39.47
105,56,17.445,45.36
105,57,11.274,36.08
105,58,14.876,38.68
105,59,13.562,43.4
105,60,12.767,40.85
105,61,19.826,51.55
105,62,13.776,44.08
105,63,14.643,38.07
105,64,15.524,40.36
105,65,2.592,7.52
105,66,3.377,9.79
105,67,13.571,43.43
105,68,5.894,17.09
105,69,11.754,30.56
105,70,10.55,30.6
105,71,18.244,47.43
105,72,9.985,28.96
105,73,15.144,48.46
105,74,3.686,11.8
105,75,12.685,40.59
105,76,14.26,41.35
105,77,4.843,14.04
105,78,2.617,6.8
105,79,14.249,37.05
105,80,7.595,22.03
105,81,23.877,69.24
105,82,11.866,30.85
105,83,3.245,8.44
105,84,3.133,10.03
105,85,5.077,14.72
105,86,14.779,42.86
105,87,21.583,56.12
105,88,17.648,51.18
105,89,8.973,23.33
105,90,13.266,38.47
105,91,11.946,34.64
105,92,20.918,60.66
105,93,5.358,17.14
105,94,14.444,37.56
105,95,16.23,51.94
105,96,15.269,44.28
105,97,11.722,30.48
105,98,15.846,41.2
105,99,15.668,45.44
105,100,20.238,58.69
105,101,14.887,43.17
105,102,13.635,39.54
105,103,1.246,3.99
105,104,12.276,35.6
105,106,17.986,46.76
105,107,14.047,36.52
105,108,3.113,9.03
105,109,13.155,34.2
105,110,17.899,51.91
105,111,3.253,9.43
105,112,15.94,41.44
105,113,13.096,41.91
105,114,12.683,32.98
105,115,18.348,47.7
105,116,6.25,20.0
105,117,12.8,37.12
105,118,15.014,39.04
105,119,18.758,54.4
105,120,20.172,52.45
105,121,16.685,48.39
105,122,13.099,41.92
105,123,12.067,38.62
105,124,10.364,33.17
105,125,3.423,8.9
105,126,9.467,30.3
105,127,10.633,34.02
105,128,16.386,52.43
105,129,16.926,44.01
105,130,16.697,48.42
105,131,11.982,31.15
105,132,16.423,47.63
105,133,15.276,48.88
105,134,16.602,48.15
105,135,10.765,31.22
105,136,15.168,48.54
105,137,16.767,53.66
105,138,5.492,17.57
105,139,22.819,59.33
105,140,15.073,39.19
105,141,14.349,41.61
105,142,16.61,53.15
105,143,12.535,32.59
105,144,14.889,43.18
105,145,19.014,55.14
105,146,14.785,38.44
105,147,12.901,37.41
105,148,15.48,49.54
105,149,1.77,5.13
105,150,11.801,30.68
105,151,14.456,37.59
105,152,19.37,61.98
105,153,17.424,50.53
105,154,4.615,14.77
105,155,14.797,47.35
105,156,11.194,35.82
105,157,19.684,51.18
105,158,5.521,14.35
105,159,19.423,62.15
105,160,17.145,44.58
105,161,2.916,8.46
105,162,22.308,64.69
105,163,0.894,2.86
105,164,2.368,7.58
105,165,14.862,47.56
105,166,4.962,12.9
105,167,3.679,11.77
105,168,2.453,7.11
105,169,13.429,42.97
105,170,18.145,58.06
105,171,13.476,39.08
105,172,16.065,51.41
105,173,24.241,77.57
105,174,12.354,35.83
105,175,17.245,44.84
105,176,1.554,4.97
105,177,4.769,15.26
105,178,12.725,33.09
105,179,5.278,13.72
105,180,14.526,37.77
105,181,3.319,9.62
105,182,13.735,35.71
105,183,11.765,37.65
105,184,16.967,49.2
105,185,13.374,38.79
105,186,14.997,47.99
105,187,22.772,66.04
105,188,10.226,32.72
105,189,14.666,42.53
105,190,4.132,11.98
105,191,20.893,60.59
105,192,3.469,10.06
105,193,15.939,46.22
105,194,15.735,40.91
105,195,11.962,31.1
105,196,22.248,64.52
105,197,15.613,49.96
105,198,15.326,49.04
105,199,14.863,43.1
105,200,17.181,44.67
106,0,8.185,18.83
106,1,16.529,33.06
106,2,8.367,19.24
106,3,13.636,27.27
106,4,12.747,25.49
106,5,8.317,19.13
106,6,5.815,15.12
106,7,4.603,10.59
106,8,13.559,27.12
106,9,3.943,10.25
106,10,16.302,37.49
106,11,3.477,9.04
106,12,14.949,34.38
106,13,4.713,9.43
106,14,9.336,21.47
106,15,16.751,43.55
106,16,19.139,38.28
106,17,5.872,11.74
106,18,9.489,21.83
106,19,13.091,26.18
106,20,19.121,38.24
106,21,6.1,15.86
106,22,12.63,25.26
106,23,13.932,32.04
106,24,12.144,31.57
106,25,16.729,43.5
106,26,16.611,38.2
106,27,19.057,43.83
106,28,17.823,46.34
106,29,17.696,46.01
106,30,10.061,23.14
106,31,6.858,15.77
106,32,2.929,6.74
106,33,0.141,0.28
106,34,4.376,8.75
106,35,12.604,25.21
106,36,9.78,19.56
106,37,13.564,35.27
106,38,13.688,35.59
106,39,8.454,19.44
106,40,4.704,12.23
106,41,10.844,24.94
106,42,9.145,21.03
106,43,4.176,10.86
106,44,11.722,30.48
106,45,2.38,5.47
106,46,10.557,27.45
106,47,9.658,19.32
106,48,11.907,30.96
106,49,1.43,3.29
106,50,16.021,32.04
106,51,7.139,14.28
106,52,17.181,44.67
106,53,4.02,9.25
106,54,18.737,48.72
106,55,9.491,21.83
106,56,14.663,29.33
106,57,11.125,28.93
106,58,13.216,26.43
106,59,13.588,35.33
106,60,10.789,28.05
106,61,19.967,39.93
106,62,12.406,32.26
106,63,12.605,25.21
106,64,12.217,24.43
106,65,18.042,41.5
106,66,19.895,45.76
106,67,9.661,25.12
106,68,14.23,32.73
106,69,10.906,21.81
106,70,11.874,27.31
106,71,1.508,3.02
106,72,10.69,24.59
106,73,11.343,29.49
106,74,15.852,41.22
106,75,11.297,29.37
106,76,3.779,8.69
106,77,20.953,48.19
106,78,15.612,31.22
106,79,9.273,18.55
106,80,15.924,36.63
106,81,7.707,17.73
106,82,8.227,16.45
106,83,15.834,31.67
106,84,20.89,54.32
106,85,14.329,32.96
106,86,6.716,15.45
106,87,5.118,10.24
106,88,5.501,12.65
106,89,10.493,20.99
106,90,13.882,31.93
106,91,9.27,21.32
106,92,3.204,7.37
106,93,14.178,36.86
106,94,5.89,11.78
106,95,3.623,9.42
106,96,6.051,13.92
106,97,9.075,18.15
106,98,12.807,25.61
106,99,2.325,5.35
106,100,2.279,5.24
106,101,6.999,16.1
106,102,12.914,29.7
106,103,17.111,44.49
106,104,12.312,28.32
106,105,17.986,46.76
106,107,10.397,20.79
106,108,16.801,38.64
106,109,11.623,23.25
106,110,3.142,7.23
106,111,17.837,41.03
106,112,2.337,4.67
106,113,11.03,28.68
106,114,12.107,24.21
106,115,2.656,5.31
106,116,14.722,38.28
106,117,9.225,21.22
106,118,13.124,26.25
106,119,4.831,11.11
106,120,6.196,12.39
106,121,1.928,4.43
106,122,9.892,25.72
106,123,6.849,17.81
106,124,11.701,30.42
106,125,20.852,41.7
106,126,9.889,25.71
106,127,10.434,27.13
106,128,2.998,7.79
106,129,13.661,27.32
106,130,14.958,34.4
106,131,11.44,22.88
106,132,16.577,38.13
106,133,14.497,37.69
106,134,13.135,30.21
106,135,8.267,19.01
106,136,15.082,39.21
106,137,14.232,37.0
106,138,14.96,38.89
106,139,8.409,16.82
106,140,6.58,13.16
106,141,13.6,31.28
106,142,13.901,36.14
106,143,12.747,25.49
106,144,5.814,13.37
106,145,4.101,9.43
106,146,9.302,18.6
106,147,9.325,21.45
106,148,15.201,39.52
106,149,16.406,37.73
106,150,10.415,20.83
106,151,11.821,23.64
106,152,1.524,3.96
106,153,2.851,6.56
106,154,17.799,46.28
106,155,6.179,16.07
106,156,9.659,25.11
106,157,5.721,11.44
106,158,14.445,28.89
106,159,8.168,21.24
106,160,6.014,12.03
106,161,20.479,47.1
106,162,5.098,11.72
106,163,17.648,45.89
106,164,15.874,41.27
106,165,10.186,26.48
106,166,14.286,28.57
106,167,16.111,41.89
106,168,19.343,44.49
106,169,5.292,13.76
106,170,8.643,22.47
106,171,12.951,29.79
106,172,12.562,32.66
106,173,7.307,19.0
106,174,12.15,27.94
106,175,14.113,28.23
106,176,19.255,50.06
106,177,16.758,43.57
106,178,9.044,18.09
106,179,21.155,42.31
106,180,12.932,25.86
106,181,14.695,33.8
106,182,12.447,24.89
106,183,9.023,23.46
106,184,1.91,4.39
106,185,12.996,29.89
106,186,15.909,41.36
106,187,4.871,11.2
106,188,14.428,37.51
106,189,15.034,34.58
106,190,17.601,40.48
106,191,5.209,11.98
106,192,14.572,33.51
106,193,3.483,8.01
106,194,13.155,26.31
106,195,7.917,15.83
106,196,5.191,11.94
106,197,17.326,45.05
106,198,2.676,6.96
106,199,12.459,28.66
106,200,15.995,31.99
107,0,6.669,15.34
107,1,6.144,12.29
107,2,10.543,24.25
107,3,4.151,8.3
107,4,3.107,6.21
107,5,15.895,36.56
107,6,6.923,18.0
107,7,6.719,15.45
107,8,19.569,39.14
107,9,11.794,30.66
107,10,14.605,33.59
107,11,8.957,23.29
107,12,5.438,12.51
107,13,6.877,13.75
107,14,13.028,29.96
107,15,12.941,33.65
107,16,9.257,18.51
107,17,7.511,15.02
107,18,14.71,33.83
107,19,2.706,5.41
107,20,12.54,25.08
107,21,7.732,20.1
107,22,2.964,5.93
107,23,9.396,21.61
107,24,14.743,38.33
107,25,11.498,29.89
107,26,9.309,21.41
107,27,12.717,29.25
107,28,12.778,33.22
107,29,10.24,26.62
107,30,13.302,30.59
107,31,13.294,30.58
107,32,7.7,17.71
107,33,10.322,20.64
107,34,11.606,23.21
107,35,3.893,7.79
107,36,13.831,27.66
107,37,3.336,8.67
107,38,3.451,8.97
107,39,15.711,36.13
107,40,14.955,38.88
107,41,15.393,35.4
107,42,14.071,32.36
107,43,12.734,33.11
107,44,1.53,3.98
107,45,8.293,19.07
107,46,15.606,40.57
107,47,14.072,28.14
107,48,16.567,43.07
107,49,9.847,22.65
107,50,9.861,19.72
107,51,9.784,19.57
107,52,10.302,26.79
107,53,6.377,14.67
107,54,14.13,36.74
107,55,15.163,34.87
107,56,5.034,10.07
107,57,14.972,38.93
107,58,2.892,5.78
107,59,3.242,8.43
107,60,15.709,40.84
107,61,9.997,19.99
107,62,2.027,5.27
107,63,2.267,4.53
107,64,18.485,36.97
107,65,15.589,35.85
107,66,14.151,32.55
107,67,0.929,2.42
107,68,8.239,18.95
107,69,15.116,30.23
107,70,15.149,34.84
107,71,9.419,18.84
107,72,13.511,31.07
107,73,1.433,3.73
107,74,10.518,27.35
107,75,16.088,41.83
107,76,9.103,20.94
107,77,14.591,33.56
107,78,12.866,25.73
107,79,15.408,30.82
107,80,8.047,18.51
107,81,11.965,27.52
107,82,12.499,25.0
107,83,10.857,21.71
107,84,15.888,41.31
107,85,8.98,20.65
107,86,13.568,31.21
107,87,10.583,21.17
107,88,5.994,13.79
107,89,12.267,24.53
107,90,3.593,8.26
107,91,13.699,31.51
107,92,11.551,26.57
107,93,8.702,22.63
107,94,12.502,25.0
107,95,11.971,31.12
107,96,13.357,30.72
107,97,13.302,26.6
107,98,19.097,38.19
107,99,8.967,20.62
107,100,11.685,26.87
107,101,13.903,31.98
107,102,2.554,5.87
107,103,12.817,33.32
107,104,16.677,38.36
107,105,14.047,36.52
107,106,10.397,20.79
107,108,11.385,26.18
107,109,16.657,33.31
107,110,7.917,18.21
107,111,12.063,27.75
107,112,8.32,16.64
107,113,16.129,41.93
107,114,16.761,33.52
107,115,8.626,17.25
107,116,8.14,21.16
107,117,14.337,32.97
107,118,2.838,5.68
107,119,7.415,17.06
107,120,8.027,16.05
107,121,8.482,19.51
107,122,15.157,39.41
107,123,10.912,28.37
107,124,14.85,38.61
107,125,15.491,30.98
107,126,11.99,31.18
107,127,13.793,35.86
107,128,7.403,19.25
107,129,4.071,8.14
107,130,4.951,11.39
107,131,15.748,31.5
107,132,6.3,14.49
107,133,4.173,10.85
107,134,19.727,45.37
107,135,11.246,25.87
107,136,4.718,12.27
107,137,4.403,11.45
107,138,8.807,22.9
107,139,10.04,20.08
107,140,13.675,27.35
107,141,3.206,7.37
107,142,4.082,10.61
107,143,17.19,34.38
107,144,12.827,29.5
107,145,8.174,18.8
107,146,15.78,31.56
107,147,14.506,33.36
107,148,4.869,12.66
107,149,13.273,30.53
107,150,14.696,29.39
107,151,17.589,35.18
107,152,10.842,28.19
107,153,7.85,18.06
107,154,11.271,29.3
107,155,13.091,34.04
107,156,13.457,34.99
107,157,7.777,15.55
107,158,8.608,17.22
107,159,6.153,16.0
107,160,5.254,10.51
107,161,15.345,35.29
107,162,11.793,27.12
107,163,13.291,34.56
107,164,11.723,30.48
107,165,16.54,43.0
107,166,9.086,18.17
107,167,10.635,27.65
107,168,14.054,32.33
107,169,10.568,27.48
107,170,17.16,44.62
107,171,2.62,6.03
107,172,2.835,7.37
107,173,12.924,33.6
107,174,2.351,5.41
107,175,20.754,41.51
107,176,14.606,37.98
107,177,10.338,26.88
107,178,14.11,28.22
107,179,14.587,29.17
107,180,2.562,5.12
107,181,11.242,25.86
107,182,2.073,4.15
107,183,13.286,34.54
107,184,8.493,19.53
107,185,2.686,6.18
107,186,5.515,14.34
107,187,14.504,33.36
107,188,5.361,13.94
107,189,4.639,10.67
107,190,11.369,26.15
107,191,9.555,21.98
107,192,11.035,25.38
107,193,6.916,15.91
107,194,3.11,6.22
107,195,12.232,24.46
107,196,11.581,26.64
107,197,6.935,18.03
107,198,8.73,22.7
107,199,2.187,5.03
107,200,5.967,11.93
108,0,8.624,22.42
108,1,12.326,28.35
108,2,9.942,25.85
108,3,14.156,32.56
108,4,8.939,20.56
108,5,16.583,43.12
108,6,16.869,48.92
108,7,15.845,41.2
108,8,16.997,39.09
108,9,20.077,58.22
108,10,5.772,15.01
108,11,17.634,51.14
108,12,14.856,38.63
108,13,16.135,37.11
108,14,11.475,29.84
108,15,2.59,7.51
108,16,9.376,21.57
108,17,17.489,40.23
108,18,13.53,35.18
108,19,10.911,25.09
108,20,2.708,6.23
108,21,17.807,51.64
108,22,13.322,30.64
108,23,2.875,7.48
108,24,10.734,31.13
108,25,0.288,0.84
108,26,3.247,8.44
108,27,2.453,6.38
108,28,1.404,4.07
108,29,3.43,9.95
108,30,11.053,28.74
108,31,14.276,37.12
108,32,15.608,40.58
108,33,16.825,38.7
108,34,20.198,46.45
108,35,14.683,33.77
108,36,12.026,27.66
108,37,12.417,36.01
108,38,10.052,29.15
108,39,16.132,41.94
108,40,19.644,56.97
108,41,13.087,34.03
108,42,13.002,33.81
108,43,20.702,60.03
108,44,12.022,34.86
108,45,15.996,41.59
108,46,13.712,39.76
108,47,12.472,28.69
108,48,13.738,39.84
108,49,15.485,40.26
108,50,1.666,3.83
108,51,20.031,46.07
108,52,2.4,6.96
108,53,14.048,36.53
108,54,2.795,8.11
108,55,14.183,36.88
108,56,14.446,33.23
108,57,12.17,35.29
108,58,11.929,27.44
108,59,10.576,30.67
108,60,13.62,39.5
108,61,16.714,38.44
108,62,10.891,31.58
108,63,11.743,27.01
108,64,16.6,38.18
108,65,5.513,14.33
108,66,3.112,8.09
108,67,11.021,31.96
108,68,3.162,8.22
108,69,12.613,29.01
108,70,11.616,30.2
108,71,16.817,38.68
108,72,10.646,27.68
108,73,12.368,35.87
108,74,0.971,2.81
108,75,13.652,39.59
108,76,13.261,34.48
108,77,4.194,10.9
108,78,3.925,9.03
108,79,14.781,34.0
108,80,4.483,11.66
108,81,21.969,57.12
108,82,11.984,27.56
108,83,1.03,2.37
108,84,4.539,13.16
108,85,2.61,6.79
108,86,14.772,38.41
108,87,19.837,45.62
108,88,15.613,40.59
108,89,9.362,21.53
108,90,10.257,26.67
108,91,12.383,32.2
108,92,19.506,50.72
108,93,2.842,8.24
108,94,14.225,32.72
108,95,15.639,45.35
108,96,15.139,39.36
108,97,12.081,27.79
108,98,17.013,39.13
108,99,14.487,37.67
108,100,18.972,49.33
108,101,14.945,38.86
108,102,10.702,27.83
108,103,1.977,5.73
108,104,13.472,35.03
108,105,3.113,9.03
108,106,16.801,38.64
108,107,11.385,26.18
108,109,14.191,32.64
108,110,16.214,42.16
108,111,1.072,2.79
108,112,14.59,33.56
108,113,14.004,40.61
108,114,13.83,31.81
108,115,16.741,38.5
108,116,3.302,9.58
108,117,13.283,34.53
108,118,12.075,27.77
108,119,16.837,43.78
108,120,18.126,41.69
108,121,15.279,39.72
108,122,13.752,39.88
108,123,11.732,34.02
108,124,11.372,32.98
108,125,4.253,9.78
108,126,9.713,28.17
108,127,11.286,32.73
108,128,14.797,42.91
108,129,13.98,32.15
108,130,13.669,35.54
108,131,12.977,29.85
108,132,13.329,34.66
108,133,12.249,35.52
108,134,17.782,46.23
108,135,10.653,27.7
108,136,12.111,35.12
108,137,13.78,39.96
108,138,2.586,7.5
108,139,20.669,47.54
108,140,15.048,34.61
108,141,11.368,29.56
108,142,13.641,39.56
108,143,13.822,31.79
108,144,14.686,38.18
108,145,17.209,44.74
108,146,15.322,35.24
108,147,13.413,34.87
108,148,12.422,36.02
108,149,3.54,9.2
108,150,12.535,28.83
108,151,15.502,35.65
108,152,18.067,52.4
108,153,15.792,41.06
108,154,1.887,5.47
108,155,14.671,42.55
108,156,11.67,33.84
108,157,17.676,40.65
108,158,2.806,6.45
108,159,17.083,49.54
108,160,15.038,34.59
108,161,4.016,10.44
108,162,20.692,53.8
108,163,2.221,6.44
108,164,1.909,5.54
108,165,15.575,45.17
108,166,2.594,5.97
108,167,0.768,2.23
108,168,2.736,7.11
108,169,12.863,37.3
108,170,18.445,53.49
108,171,10.54,27.4
108,172,13.186,38.24
108,173,22.487,65.21
108,174,9.505,24.71
108,175,18.549,42.66
108,176,3.24,9.4
108,177,1.685,4.89
108,178,13.159,30.27
108,179,4.459,10.25
108,180,11.598,26.67
108,181,3.035,7.89
108,182,10.845,24.94
108,183,12.114,35.13
108,184,15.526,40.37
108,185,10.434,27.13
108,186,11.907,34.53
108,187,21.669,56.34
108,188,7.177,20.81
108,189,11.605,30.17
108,190,1.388,3.61
108,191,19.05,49.53
108,192,2.992,7.78
108,193,14.304,37.19
108,194,12.804,29.45
108,195,11.995,27.59
108,196,20.596,53.55
108,197,12.502,36.26
108,198,14.132,40.98
108,199,11.978,31.14
108,200,14.114,32.46
109,0,10.101,23.23
109,1,21.769,43.54
109,2,6.164,14.18
109,3,20.806,41.61
109,4,16.951,33.9
109,5,4.481,10.31
109,6,16.371,42.56
109,7,14.837,34.13
109,8,3.035,6.07
109,9,15.405,40.05
109,10,9.793,22.52
109,11,14.839,38.58
109,12,22.089,50.81
109,13,15.103,30.21
109,14,3.652,8.4
109,15,12.369,32.16
109,16,21.645,43.29
109,17,16.703,33.41
109,18,2.197,5.05
109,19,18.522,37.04
109,20,16.867,33.73
109,21,17.016,44.24
109,22,19.618,39.24
109,23,12.119,27.87
109,24,3.521,9.15
109,25,13.948,36.26
109,26,16.237,37.34
109,27,16.538,38.04
109,28,14.311,37.21
109,29,17.043,44.31
109,30,3.566,8.2
109,31,4.766,10.96
109,32,13.243,30.46
109,33,11.753,23.51
109,34,15.92,31.84
109,35,20.354,40.71
109,36,2.844,5.69
109,37,19.778,51.42
109,38,18.439,47.94
109,39,4.023,9.25
109,40,10.504,27.31
109,41,1.296,2.98
109,42,2.722,6.26
109,43,15.293,39.76
109,44,18.158,47.21
109,45,13.067,30.05
109,46,1.126,2.93
109,47,2.586,5.17
109,48,0.578,1.5
109,49,10.476,24.09
109,50,14.644,29.29
109,51,18.566,37.13
109,52,16.058,41.75
109,53,12.815,29.47
109,54,14.342,37.29
109,55,2.142,4.93
109,56,21.677,43.35
109,57,2.055,5.34
109,58,19.236,38.47
109,59,18.691,48.6
109,60,0.962,2.5
109,61,26.267,52.53
109,62,17.977,46.74
109,63,18.666,37.33
109,64,2.409,4.82
109,65,11.541,26.54
109,66,16.374,37.66
109,67,15.736,40.91
109,68,13.738,31.6
109,69,1.688,3.38
109,70,2.611,6.01
109,71,12.88,25.76
109,72,3.697,8.5
109,73,18.078,47.0
109,74,13.655,35.5
109,75,0.597,1.55
109,76,8.971,20.63
109,77,17.826,41.0
109,78,10.682,21.36
109,79,2.509,5.02
109,80,16.538,38.04
109,81,19.33,44.46
109,82,4.22,8.44
109,83,13.254,26.51
109,84,16.185,42.08
109,85,13.095,30.12
109,86,4.96,11.41
109,87,16.733,33.47
109,88,15.426,35.48
109,89,5.137,10.27
109,90,18.715,43.04
109,91,2.973,6.84
109,92,14.656,33.71
109,93,13.181,34.27
109,94,5.739,11.48
109,95,8.064,20.97
109,96,5.676,13.06
109,97,3.361,6.72
109,98,2.85,5.7
109,99,10.332,23.76
109,100,13.503,31.06
109,101,4.728,10.87
109,102,18.254,41.98
109,103,13.087,34.03
109,104,1.085,2.5
109,105,13.155,34.2
109,106,11.623,23.25
109,107,16.657,33.31
109,108,14.191,32.64
109,110,13.866,31.89
109,111,15.149,34.84
109,112,11.206,22.41
109,113,0.603,1.57
109,114,0.659,1.32
109,115,13.779,27.56
109,116,14.542,37.81
109,117,2.53,5.82
109,118,19.256,38.51
109,119,15.578,35.83
109,120,17.217,34.43
109,121,11.855,27.27
109,122,1.754,4.56
109,123,5.933,15.42
109,124,2.828,7.35
109,125,16.571,33.14
109,126,5.079,13.21
109,127,3.15,8.19
109,128,12.523,32.56
109,129,20.727,41.45
109,130,21.46,49.36
109,131,1.215,2.43
109,132,22.357,51.42
109,133,20.347,52.9
109,134,3.615,8.31
109,135,5.416,12.46
109,136,20.676,53.76
109,137,21.019,54.65
109,138,14.176,36.86
109,139,19.783,39.57
109,140,5.153,10.31
109,141,19.184,44.12
109,142,20.711,53.85
109,143,1.266,2.53
109,144,5.822,13.39
109,145,15.172,34.9
109,146,2.755,5.51
109,147,2.389,5.5
109,148,20.934,54.43
109,149,11.451,26.34
109,150,1.999,4.0
109,151,1.314,2.63
109,152,13.057,33.95
109,153,13.321,30.64
109,154,15.999,41.6
109,155,5.464,14.21
109,156,3.237,8.42
109,157,16.663,33.33
109,158,13.648,27.3
109,159,18.295,47.57
109,160,15.479,30.96
109,161,16.055,36.93
109,162,16.658,38.31
109,163,13.44,34.94
109,164,12.357,32.13
109,165,2.203,5.73
109,166,12.923,25.85
109,167,13.928,36.21
109,168,15.49,35.63
109,169,6.945,18.06
109,170,6.022,15.66
109,171,18.18,41.81
109,172,19.491,50.68
109,173,18.859,49.03
109,174,16.836,38.72
109,175,4.482,8.96
109,176,14.706,38.24
109,177,15.301,39.78
109,178,2.751,5.5
109,179,18.219,36.44
109,180,18.824,37.65
109,181,11.157,25.66
109,182,17.98,35.96
109,183,3.381,8.79
109,184,12.167,27.98
109,185,18.148,41.74
109,186,21.122,54.92
109,187,14.737,33.89
109,188,17.146,44.58
109,189,20.351,46.81
109,190,15.544,35.75
109,191,16.696,38.4
109,192,11.212,25.79
109,193,12.496,28.74
109,194,19.705,39.41
109,195,4.522,9.04
109,196,16.782,38.6
109,197,22.38,58.19
109,198,10.227,26.59
109,199,18.698,43.01
109,200,22.399,44.8
110,0,7.813,20.31
110,1,13.914,32.0
110,2,9.413,24.47
110,3,10.731,24.68
110,4,10.636,24.46
110,5,11.108,28.88
110,6,2.721,7.89
110,7,1.482,3.85
110,8,16.123,37.08
110,9,4.051,11.75
110,10,16.812,43.71
110,11,1.428,4.14
110,12,12.011,31.23
110,13,1.571,3.61
110,14,11.022,28.66
110,15,16.65,48.28
110,16,17.044,39.2
110,17,2.896,6.66
110,18,11.671,30.35
110,19,10.612,24.41
110,20,18.257,41.99
110,21,3.182,9.23
110,22,9.8,22.54
110,23,13.443,34.95
110,24,13.703,39.74
110,25,16.196,46.97
110,26,15.429,40.11
110,27,18.268,47.5
110,28,17.394,50.44
110,29,16.504,47.86
110,30,11.666,30.33
110,31,9.226,23.99
110,32,0.699,1.82
110,33,3.015,6.93
110,34,4.04,9.29
110,35,9.625,22.14
110,36,11.62,26.73
110,37,10.863,31.5
110,38,11.345,32.9
110,39,11.166,29.03
110,40,7.782,22.57
110,41,12.907,33.56
110,42,11.212,29.15
110,43,4.898,14.21
110,44,9.077,26.32
110,45,0.842,2.19
110,46,12.751,36.98
110,47,11.603,26.69
110,48,14.057,40.77
110,49,3.583,9.32
110,50,15.169,34.89
110,51,4.798,11.04
110,52,16.156,46.85
110,53,2.167,5.63
110,54,18.476,53.58
110,55,11.808,30.7
110,56,11.755,27.04
110,57,12.996,37.69
110,58,10.579,24.33
110,59,11.16,32.36
110,60,12.958,37.58
110,61,17.064,39.25
110,62,9.94,28.83
110,63,9.996,22.99
110,64,14.808,34.06
110,65,18.403,47.85
110,66,19.32,50.23
110,67,7.331,21.26
110,68,13.325,34.65
110,69,12.873,29.61
110,70,13.619,35.41
110,71,1.719,3.95
110,72,12.213,31.75
110,73,8.646,25.07
110,74,15.244,44.21
110,75,13.455,39.02
110,76,4.999,13.0
110,77,20.21,52.55
110,78,15.773,36.28
110,79,11.713,26.94
110,80,14.53,37.78
110,81,6.127,15.93
110,82,9.996,22.99
110,83,15.333,35.27
110,84,20.576,59.67
110,85,13.624,35.42
110,86,9.209,23.94
110,87,3.689,8.48
110,88,2.396,6.23
110,89,11.664,26.83
110,90,11.504,29.91
110,91,11.189,29.09
110,92,3.679,9.57
110,93,13.424,38.93
110,94,8.223,18.91
110,95,6.343,18.4
110,96,8.639,22.46
110,97,10.912,25.1
110,98,15.419,35.46
110,99,3.534,9.19
110,100,3.789,9.85
110,101,9.53,24.78
110,102,10.471,27.22
110,103,16.88,48.95
110,104,14.398,37.43
110,105,17.899,51.91
110,106,3.142,7.23
110,107,7.917,18.21
110,108,16.214,42.16
110,109,13.866,31.89
110,111,17.184,44.68
110,112,2.683,6.17
110,113,13.263,38.46
110,114,14.264,32.81
110,115,0.709,1.63
110,116,13.67,39.64
110,117,11.355,29.52
110,118,10.466,24.07
110,119,1.78,4.63
110,120,3.36,7.73
110,121,2.015,5.24
110,122,12.112,35.12
110,123,8.353,24.22
110,124,13.398,38.85
110,125,20.425,46.98
110,126,11.106,32.21
110,127,12.107,35.11
110,128,1.585,4.6
110,129,10.774,24.78
110,130,12.137,31.56
110,131,13.466,30.97
110,132,13.847,36.0
110,133,11.834,34.32
110,134,15.828,41.15
110,135,9.588,24.93
110,136,12.45,36.11
110,137,11.38,33.0
110,138,14.052,40.75
110,139,5.953,13.69
110,140,9.14,21.02
110,141,11.048,28.73
110,142,11.056,32.06
110,143,14.874,34.21
110,144,8.281,21.53
110,145,1.334,3.47
110,146,11.841,27.23
110,147,11.484,29.86
110,148,12.532,36.34
110,149,16.492,42.88
110,150,12.372,28.46
110,151,14.271,32.82
110,152,3.008,8.72
110,153,0.564,1.47
110,154,16.908,49.03
110,155,8.646,25.07
110,156,11.409,33.08
110,157,2.816,6.48
110,158,13.601,31.28
110,159,5.039,14.61
110,160,2.992,6.88
110,161,20.112,52.29
110,162,4.482,11.65
110,163,17.421,50.52
110,164,15.626,45.31
110,165,12.729,36.91
110,166,13.623,31.33
110,167,15.473,44.87
110,168,18.893,49.12
110,169,6.993,20.28
110,170,11.654,33.8
110,171,10.536,27.39
110,172,9.748,28.27
110,173,6.343,18.39
110,174,9.958,25.89
110,175,16.837,38.72
110,176,19.0,55.1
110,177,15.859,45.99
110,178,11.147,25.64
110,179,20.349,46.8
110,180,10.344,23.79
110,181,14.588,37.93
110,182,9.988,22.97
110,183,10.867,31.52
110,184,1.717,4.47
110,185,10.598,27.55
110,186,13.326,38.64
110,187,6.587,17.13
110,188,12.582,36.49
110,189,12.467,32.42
110,190,16.796,43.67
110,191,3.135,8.15
110,192,14.431,37.52
110,193,1.966,5.11
110,194,10.398,23.91
110,195,9.666,22.23
110,196,4.382,11.39
110,197,14.721,42.69
110,198,3.664,10.63
110,199,9.814,25.52
110,200,13.16,30.27
111,0,9.654,25.1
111,1,12.512,28.78
111,2,11.009,28.62
111,3,14.613,33.61
111,4,9.464,21.77
111,5,17.628,45.83
111,6,17.755,51.49
111,7,16.772,43.61
111,8,17.916,41.21
111,9,21.073,61.11
111,10,6.379,16.59
111,11,18.599,53.94
111,12,15.234,39.61
111,13,17.058,39.23
111,14,12.506,32.52
111,15,3.136,9.1
111,16,9.164,21.08
111,17,18.378,42.27
111,18,14.547,37.82
111,19,11.381,26.18
111,20,1.72,3.96
111,21,18.691,54.2
111,22,13.838,31.83
111,23,3.93,10.22
111,24,11.668,33.84
111,25,1.243,3.6
111,26,3.304,8.59
111,27,1.405,3.65
111,28,1.275,3.7
111,29,3.133,9.09
111,30,12.067,31.37
111,31,15.337,39.88
111,32,16.588,43.13
111,33,17.859,41.08
111,34,21.182,48.72
111,35,15.217,35.0
111,36,13.041,29.99
111,37,12.855,37.28
111,38,10.469,30.36
111,39,17.173,44.65
111,40,20.715,60.07
111,41,14.067,36.57
111,42,14.029,36.48
111,43,21.713,62.97
111,44,12.598,36.54
111,45,16.987,44.17
111,46,14.701,42.63
111,47,13.489,31.02
111,48,14.684,42.58
111,49,16.53,42.98
111,50,2.204,5.07
111,51,20.915,48.1
111,52,2.261,6.56
111,53,15.017,39.04
111,54,2.533,7.35
111,55,15.201,39.52
111,56,14.835,34.12
111,57,13.141,38.11
111,58,12.391,28.5
111,59,11.002,31.9
111,60,14.602,42.35
111,61,16.776,38.59
111,62,11.419,33.12
111,63,12.253,28.18
111,64,17.558,40.38
111,65,5.82,15.13
111,66,2.157,5.61
111,67,11.761,34.11
111,68,3.964,10.31
111,69,13.591,31.26
111,70,12.559,32.65
111,71,17.825,41.0
111,72,11.642,30.27
111,73,12.971,37.62
111,74,1.986,5.76
111,75,14.619,42.39
111,76,14.317,37.22
111,77,3.13,8.14
111,78,4.681,10.77
111,79,15.804,36.35
111,80,4.673,12.15
111,81,22.881,59.49
111,82,13.035,29.98
111,83,2.101,4.83
111,84,3.844,11.15
111,85,3.561,9.26
111,86,15.834,41.17
111,87,20.787,47.81
111,88,16.508,42.92
111,89,10.382,23.88
111,90,10.655,27.7
111,91,13.41,34.86
111,92,20.512,53.33
111,93,3.762,10.91
111,94,15.294,35.18
111,95,16.71,48.46
111,96,16.206,42.14
111,97,13.114,30.16
111,98,17.957,41.3
111,99,15.527,40.37
111,100,19.996,51.99
111,101,16.004,41.61
111,102,11.188,29.09
111,103,2.402,6.96
111,104,14.401,37.44
111,105,3.253,9.43
111,106,17.837,41.03
111,107,12.063,27.75
111,108,1.072,2.79
111,109,15.149,34.84
111,110,17.184,44.68
111,112,15.613,35.91
111,113,14.98,43.44
111,114,14.769,33.97
111,115,17.723,40.76
111,116,3.924,11.38
111,117,14.307,37.2
111,118,12.546,28.85
111,119,17.757,46.17
111,120,19.01,43.72
111,121,16.293,42.36
111,122,14.759,42.8
111,123,12.803,37.13
111,124,12.323,35.74
111,125,3.432,7.89
111,126,10.748,31.17
111,127,12.286,35.63
111,128,15.786,45.78
111,129,14.432,33.19
111,130,14.019,36.45
111,131,13.937,32.05
111,132,13.539,35.2
111,133,12.61,36.57
111,134,18.725,48.69
111,135,11.714,30.46
111,136,12.42,36.02
111,137,14.188,41.14
111,138,3.298,9.56
111,139,21.518,49.49
111,140,16.111,37.06
111,141,11.795,30.67
111,142,14.07,40.8
111,143,14.736,33.89
111,144,15.755,40.96
111,145,18.153,47.2
111,146,16.346,37.6
111,147,14.435,37.53
111,148,12.727,36.91
111,149,4.15,10.79
111,150,13.53,31.12
111,151,16.462,37.86
111,152,19.089,55.36
111,153,16.772,43.61
111,154,1.368,3.97
111,155,15.738,45.64
111,156,12.691,36.8
111,157,18.572,42.72
111,158,3.638,8.37
111,159,17.879,51.85
111,160,15.916,36.61
111,161,3.293,8.56
111,162,21.665,56.33
111,163,2.404,6.97
111,164,2.793,8.1
111,165,16.58,48.08
111,166,3.574,8.22
111,167,1.728,5.01
111,168,2.014,5.24
111,169,13.935,40.41
111,170,19.493,56.53
111,171,11.023,28.66
111,172,13.706,39.75
111,173,23.431,67.95
111,174,10.075,26.2
111,175,19.472,44.79
111,176,2.851,8.27
111,177,1.817,5.27
111,178,14.188,32.63
111,179,3.387,7.79
111,180,12.081,27.79
111,181,4.021,10.45
111,182,11.37,26.15
111,183,13.148,38.13
111,184,16.535,42.99
111,185,10.914,28.38
111,186,12.139,35.2
111,187,22.707,59.04
111,188,7.544,21.88
111,189,11.91,30.97
111,190,0.918,2.39
111,191,19.982,51.95
111,192,4.002,10.4
111,193,15.287,39.75
111,194,13.278,30.54
111,195,13.051,30.02
111,196,21.563,56.06
111,197,12.62,36.6
111,198,15.172,44.0
111,199,12.5,32.5
111,200,14.394,33.11
112,0,5.969,13.73
112,1,14.461,28.92
112,2,6.853,15.76
112,3,11.844,23.69
112,4,10.494,20.99
112,5,8.705,20.02
112,6,5.196,13.51
112,7,3.687,8.48
112,8,13.544,27.09
112,9,5.621,14.61
112,10,14.52,33.4
112,11,3.86,10.04
112,12,13.182,30.32
112,13,3.929,7.86
112,14,8.347,19.2
112,15,14.694,38.21
112,16,16.857,33.71
112,17,5.498,11.0
112,18,9.01,20.72
112,19,10.976,21.95
112,20,16.853,33.71
112,21,5.809,15.1
112,22,10.77,21.54
112,23,11.735,26.99
112,24,11.051,28.73
112,25,14.532,37.78
112,26,14.29,32.87
112,27,16.804,38.65
112,28,15.659,40.71
112,29,15.377,39.98
112,30,9.002,20.7
112,31,6.63,15.25
112,32,2.038,4.69
112,33,2.322,4.64
112,34,5.873,11.75
112,35,10.925,21.85
112,36,8.938,17.88
112,37,11.581,30.11
112,38,11.506,29.92
112,39,8.705,20.02
112,40,6.64,17.26
112,41,10.229,23.53
112,42,8.538,19.64
112,43,6.136,15.95
112,44,9.724,25.28
112,45,1.95,4.48
112,46,10.087,26.23
112,47,8.921,17.84
112,48,11.385,29.6
112,49,1.534,3.53
112,50,13.747,27.49
112,51,7.469,14.94
112,52,14.881,38.69
112,53,2.11,4.85
112,54,16.63,43.24
112,55,9.172,21.1
112,56,12.862,25.72
112,57,10.314,26.82
112,58,11.191,22.38
112,59,11.444,29.75
112,60,10.291,26.76
112,61,18.12,36.24
112,62,10.292,26.76
112,63,10.57,21.14
112,64,12.247,24.49
112,65,16.191,37.24
112,66,17.696,40.7
112,67,7.524,19.56
112,68,11.942,27.47
112,69,10.19,20.38
112,70,10.945,25.17
112,71,2.319,4.64
112,72,9.563,21.99
112,73,9.388,24.41
112,74,13.632,35.44
112,75,10.785,28.04
112,76,2.322,5.34
112,77,18.714,43.04
112,78,13.657,27.31
112,79,9.113,18.23
112,80,13.589,31.25
112,81,8.628,19.84
112,82,7.314,14.63
112,83,13.643,27.29
112,84,18.772,48.81
112,85,12.08,27.78
112,86,6.661,15.32
112,87,6.054,12.11
112,88,4.405,10.13
112,89,9.088,18.18
112,90,11.713,26.94
112,91,8.507,19.57
112,92,4.979,11.45
112,93,11.918,30.99
112,94,5.633,11.27
112,95,4.061,10.56
112,96,6.151,14.15
112,97,8.23,16.46
112,98,12.864,25.73
112,99,0.915,2.1
112,100,4.385,10.08
112,101,6.994,16.09
112,102,10.782,24.8
112,103,15.008,39.02
112,104,11.719,26.95
112,105,15.94,41.44
112,106,2.337,4.67
112,107,8.32,16.64
112,108,14.59,33.56
112,109,11.206,22.41
112,110,2.683,6.17
112,111,15.613,35.91
112,113,10.604,27.57
112,114,11.593,23.19
112,115,2.754,5.51
112,116,12.414,32.28
112,117,8.688,19.98
112,118,11.115,22.23
112,119,4.372,10.06
112,120,6.014,12.03
112,121,0.787,1.81
112,122,9.455,24.58
112,123,5.685,14.78
112,124,10.728,27.89
112,125,18.698,37.4
112,126,8.513,22.13
112,127,9.436,24.53
112,128,1.383,3.6
112,129,11.846,23.69
112,130,13.06,30.04
112,131,10.785,21.57
112,132,14.588,33.55
112,133,12.477,32.44
112,134,13.312,30.62
112,135,6.959,16.01
112,136,13.036,33.89
112,137,12.373,32.17
112,138,12.673,32.95
112,139,8.636,17.27
112,140,6.626,13.25
112,141,11.519,26.49
112,142,12.039,31.3
112,143,12.198,24.4
112,144,5.743,13.21
112,145,4.013,9.23
112,146,9.277,18.55
112,147,8.82,20.29
112,148,13.178,34.26
112,149,14.423,33.17
112,150,9.69,19.38
112,151,11.658,23.32
112,152,3.477,9.04
112,153,2.126,4.89
112,154,15.523,40.36
112,155,6.099,15.86
112,156,8.73,22.7
112,157,5.458,10.92
112,158,12.168,24.34
112,159,7.303,18.99
112,160,4.674,9.35
112,161,18.342,42.19
112,162,6.497,14.94
112,163,15.55,40.43
112,164,13.761,35.78
112,165,10.16,26.42
112,166,12.046,24.09
112,167,13.884,36.1
112,168,17.178,39.51
112,169,4.311,11.21
112,170,9.493,24.68
112,171,10.807,24.86
112,172,10.687,27.79
112,173,8.6,22.36
112,174,9.926,22.83
112,175,14.334,28.67
112,176,17.152,44.6
112,177,14.478,37.64
112,178,8.477,16.95
112,179,18.903,37.81
112,180,10.879,21.76
112,181,12.627,29.04
112,182,10.328,20.66
112,183,8.185,21.28
112,184,1.111,2.55
112,185,10.843,24.94
112,186,13.826,35.95
112,187,7.154,16.46
112,188,12.115,31.5
112,189,12.948,29.78
112,190,15.342,35.29
112,191,5.718,13.15
112,192,12.49,28.73
112,193,1.592,3.66
112,194,11.222,22.44
112,195,6.985,13.97
112,196,6.492,14.93
112,197,15.247,39.64
112,198,0.983,2.56
112,199,10.449,24.03
112,200,14.101,28.2
113,0,9.606,27.86
113,1,21.301,55.38
113,2,5.675,16.46
113,3,20.276,52.72
113,4,16.486,42.86
113,5,4.07,11.8
113,6,15.769,50.46
113,7,14.236,41.29
113,8,3.48,9.05
113,9,14.823,47.43
113,10,9.8,28.42
113,11,14.238,45.56
113,12,21.564,62.54
113,13,14.501,37.7
113,14,3.17,9.19
113,15,12.265,39.25
113,16,21.279,55.33
113,17,16.1,41.86
113,18,1.595,4.62
113,19,18.03,46.88
113,20,16.693,43.4
113,21,16.413,52.52
113,22,19.088,49.63
113,23,11.848,34.36
113,24,3.469,11.1
113,25,13.767,44.05
113,26,15.955,46.27
113,27,16.375,47.49
113,28,14.181,45.38
113,29,16.785,53.71
113,30,3.177,9.21
113,31,4.175,12.11
113,32,12.64,36.66
113,33,11.159,29.01
113,34,15.334,39.87
113,35,19.808,51.5
113,36,2.369,6.16
113,37,19.269,61.66
113,38,17.968,57.5
113,39,3.591,10.42
113,40,10.008,32.03
113,41,0.925,2.68
113,42,2.135,6.19
113,43,14.722,47.11
113,44,17.634,56.43
113,45,12.464,36.15
113,46,0.536,1.71
113,47,2.064,5.37
113,48,0.957,3.06
113,49,9.876,28.64
113,50,14.393,37.42
113,51,17.964,46.71
113,52,15.813,50.6
113,53,12.219,35.43
113,54,14.269,45.66
113,55,1.567,4.54
113,56,21.154,55.0
113,57,1.842,5.89
113,58,18.73,48.7
113,59,18.21,58.27
113,60,0.436,1.4
113,61,25.781,67.03
113,62,17.477,55.93
113,63,18.156,47.21
113,64,2.662,6.92
113,65,11.583,33.59
113,66,16.27,47.18
113,67,15.206,48.66
113,68,13.426,38.94
113,69,1.392,3.62
113,70,2.569,7.45
113,71,12.28,31.93
113,72,3.402,9.87
113,73,17.546,56.15
113,74,13.435,42.99
113,75,0.467,1.49
113,76,8.371,24.27
113,77,17.713,51.37
113,78,10.583,27.52
113,79,1.996,5.19
113,80,16.212,47.02
113,81,18.736,54.33
113,82,3.658,9.51
113,83,13.049,33.93
113,84,16.156,51.7
113,85,12.811,37.15
113,86,4.384,12.71
113,87,16.137,41.96
113,88,14.828,43.0
113,89,4.814,12.52
113,90,18.243,52.9
113,91,2.43,7.05
113,92,14.073,40.81
113,93,12.886,41.24
113,94,5.143,13.37
113,95,7.48,23.94
113,96,5.105,14.81
113,97,2.827,7.35
113,98,3.179,8.26
113,99,9.729,28.22
113,100,12.924,37.48
113,101,4.163,12.07
113,102,17.763,51.51
113,103,12.971,41.51
113,104,1.465,4.25
113,105,13.096,41.91
113,106,11.03,28.68
113,107,16.129,41.93
113,108,14.004,40.61
113,109,0.603,1.57
113,110,13.263,38.46
113,111,14.98,43.44
113,112,10.604,27.57
113,114,1.126,2.93
113,115,13.177,34.26
113,116,14.228,45.53
113,117,1.932,5.6
113,118,18.747,48.74
113,119,14.975,43.43
113,120,16.614,43.2
113,121,11.252,32.63
113,122,1.152,3.69
113,123,5.358,17.14
113,124,2.732,8.74
113,125,16.518,42.95
113,126,4.696,15.03
113,127,2.806,8.98
113,128,11.922,38.15
113,129,20.199,52.52
113,130,20.951,60.76
113,131,1.142,2.97
113,132,21.874,63.43
113,133,19.852,63.53
113,134,3.922,11.38
113,135,4.905,14.23
113,136,20.191,64.61
113,137,20.5,65.6
113,138,13.886,44.44
113,139,19.181,49.87
113,140,4.586,11.92
113,141,18.691,54.2
113,142,20.19,64.61
113,143,1.777,4.62
113,144,5.235,15.18
113,145,14.569,42.25
113,146,2.314,6.02
113,147,1.789,5.19
113,148,20.446,65.43
113,149,11.37,32.97
113,150,1.577,4.1
113,151,1.583,4.12
113,152,12.468,39.9
113,153,12.718,36.88
113,154,15.79,50.53
113,155,4.879,15.61
113,156,2.773,8.87
113,157,16.06,41.76
113,158,13.35,34.71
113,159,17.699,56.64
113,160,14.885,38.7
113,161,16.006,46.42
113,162,16.071,46.61
113,163,13.342,42.69
113,164,12.195,39.02
113,165,1.92,6.14
113,166,12.643,32.87
113,167,13.711,43.88
113,168,15.397,44.65
113,169,6.346,20.31
113,170,5.708,18.27
113,171,17.692,51.31
113,172,18.961,60.68
113,173,18.274,58.48
113,174,16.355,47.43
113,175,4.851,12.61
113,176,14.649,46.88
113,177,15.064,48.2
113,178,2.155,5.6
113,179,18.098,47.06
113,180,18.32,47.63
113,181,10.97,31.81
113,182,17.481,45.45
113,183,2.842,9.1
113,184,11.564,33.54
113,185,17.662,51.22
113,186,20.652,66.09
113,187,14.198,41.18
113,188,16.737,53.56
113,189,19.873,57.63
113,190,15.343,44.49
113,191,16.096,46.68
113,192,11.015,31.94
113,193,11.896,34.5
113,194,19.187,49.89
113,195,3.954,10.28
113,196,16.193,46.96
113,197,21.922,70.15
113,198,9.624,30.8
113,199,18.183,52.73
113,200,21.897,56.93
114,0,10.152,23.35
114,1,21.752,43.5
114,2,6.224,14.31
114,3,20.911,41.82
114,4,16.934,33.87
114,5,5.132,11.8
114,6,16.73,43.5
114,7,15.194,34.95
114,8,3.213,6.43
114,9,15.922,41.4
114,10,9.278,21.34
114,11,15.274,39.71
114,12,22.182,51.02
114,13,15.465,30.93
114,14,3.737,8.6
114,15,11.935,31.03
114,16,21.476,42.95
114,17,17.08,34.16
114,18,2.621,6.03
114,19,18.552,37.1
114,20,16.488,32.98
114,21,17.397,45.23
114,22,19.725,39.45
114,23,11.848,27.25
114,24,3.101,8.06
114,25,13.581,35.31
114,26,15.971,36.73
114,27,16.149,37.14
114,28,13.897,36.13
114,29,16.751,43.55
114,30,3.516,8.09
114,31,5.267,12.11
114,32,13.63,31.35
114,33,12.234,24.47
114,34,16.428,32.86
114,35,20.499,41.0
114,36,2.943,5.89
114,37,19.837,51.58
114,38,18.432,47.92
114,39,4.668,10.74
114,40,11.125,28.93
114,41,1.409,3.24
114,42,3.056,7.03
114,43,15.835,41.17
114,44,18.249,47.45
114,45,13.476,31.0
114,46,1.551,4.03
114,47,2.777,5.55
114,48,0.209,0.54
114,49,10.925,25.13
114,50,14.346,28.69
114,51,18.992,37.98
114,52,15.753,40.96
114,53,13.137,30.22
114,54,13.878,36.08
114,55,2.687,6.18
114,56,21.765,43.53
114,57,1.876,4.88
114,58,19.29,38.58
114,59,18.7,48.62
114,60,1.319,3.43
114,61,26.28,52.56
114,62,18.022,46.86
114,63,18.73,37.46
114,64,2.841,5.68
114,65,11.0,25.3
114,66,15.934,36.65
114,67,15.846,41.2
114,68,13.51,31.07
114,69,1.647,3.29
114,70,2.215,5.1
114,71,13.332,26.66
114,72,3.524,8.11
114,73,18.188,47.29
114,74,13.327,34.65
114,75,0.813,2.11
114,76,9.327,21.45
114,77,17.392,40.0
114,78,10.248,20.5
114,79,3.115,6.23
114,80,16.324,37.54
114,81,19.808,45.56
114,82,4.451,8.9
114,83,12.91,25.82
114,84,15.687,40.79
114,85,12.836,29.52
114,86,5.496,12.64
114,87,17.204,34.41
114,88,15.756,36.24
114,89,4.969,9.94
114,90,18.708,43.03
114,91,3.189,7.33
114,92,15.171,34.89
114,93,12.935,33.63
114,94,6.217,12.43
114,95,8.58,22.31
114,96,6.221,14.31
114,97,3.548,7.1
114,98,3.19,6.38
114,99,10.733,24.69
114,100,14.028,32.26
114,101,5.283,12.15
114,102,18.282,42.05
114,103,12.662,32.92
114,104,0.446,1.02
114,105,12.683,32.98
114,106,12.107,24.21
114,107,16.761,33.52
114,108,13.83,31.81
114,109,0.659,1.32
114,110,14.264,32.81
114,111,14.769,33.97
114,112,11.593,23.19
114,113,1.126,2.93
114,115,14.204,28.41
114,116,14.316,37.22
114,117,2.913,6.7
114,118,19.316,38.63
114,119,15.958,36.7
114,120,17.606,35.21
114,121,12.26,28.2
114,122,2.219,5.77
114,123,6.185,16.08
114,124,2.473,6.43
114,125,16.091,32.18
114,126,4.989,12.97
114,127,3.055,7.94
114,128,12.889,33.51
114,129,20.827,41.65
114,130,21.52,49.49
114,131,1.028,2.06
114,132,22.366,51.44
114,133,20.38,52.99
114,134,3.957,9.1
114,135,5.522,12.7
114,136,20.69,53.79
114,137,21.1,54.86
114,138,13.921,36.2
114,139,20.199,40.4
114,140,5.705,11.41
114,141,19.214,44.19
114,142,20.796,54.07
114,143,0.653,1.31
114,144,6.332,14.56
114,145,15.58,35.83
114,146,3.395,6.79
114,147,2.795,6.43
114,148,20.954,54.48
114,149,11.0,25.3
114,150,2.076,4.15
114,151,1.798,3.6
114,152,13.557,35.25
114,153,13.715,31.54
114,154,15.657,40.71
114,155,5.981,15.55
114,156,3.305,8.59
114,157,17.049,34.1
114,158,13.403,26.81
114,159,18.608,48.38
114,160,15.782,31.56
114,161,15.572,35.82
114,162,17.163,39.48
114,163,12.999,33.8
114,164,11.975,31.14
114,165,2.861,7.44
114,166,12.661,25.32
114,167,13.596,35.35
114,168,15.043,34.6
114,169,7.3,18.98
114,170,6.68,17.37
114,171,18.203,41.87
114,172,19.595,50.95
114,173,19.369,50.36
114,174,16.848,38.75
114,175,4.736,9.47
114,176,14.231,37.0
114,177,14.988,38.97
114,178,3.117,6.23
114,179,17.792,35.58
114,180,18.877,37.75
114,181,10.801,24.84
114,182,18.023,36.05
114,183,3.578,9.3
114,184,12.577,28.93
114,185,18.167,41.78
114,186,21.11,54.89
114,187,15.324,35.25
114,188,17.042,44.31
114,189,20.353,46.81
114,190,15.193,34.94
114,191,17.138,39.42
114,192,10.866,24.99
114,193,12.838,29.53
114,194,19.785,39.57
114,195,4.769,9.54
114,196,17.281,39.75
114,197,22.348,58.1
114,198,10.61,27.59
114,199,18.772,43.18
114,200,22.445,44.89
115,0,8.261,19.0
115,1,14.62,29.24
115,2,9.598,22.08
115,3,11.412,22.82
115,4,11.331,22.66
115,5,10.829,24.91
115,6,3.168,8.24
115,7,2.125,4.89
115,8,15.939,31.88
115,9,3.411,8.87
115,10,17.147,39.44
115,11,1.106,2.87
115,12,12.685,29.18
115,13,2.154,4.31
115,14,11.072,25.46
115,15,17.098,44.45
115,16,17.743,35.49
115,17,3.221,6.44
115,18,11.594,26.67
115,19,11.321,22.64
115,20,18.829,37.66
115,21,3.463,9.0
115,22,10.493,20.99
115,23,13.947,32.08
115,24,13.797,35.87
115,25,16.714,43.46
115,26,16.038,36.89
115,27,18.829,43.31
115,28,17.898,46.54
115,29,17.116,44.5
115,30,11.739,27.0
115,31,9.081,20.89
115,32,1.138,2.62
115,33,2.52,5.04
115,34,3.46,6.92
115,35,10.292,20.58
115,36,11.634,23.27
115,37,11.566,30.07
115,38,12.051,31.33
115,39,10.918,25.11
115,40,7.197,18.71
115,41,12.868,29.6
115,42,11.164,25.68
115,43,4.221,10.97
115,44,9.784,25.44
115,45,0.825,1.9
115,46,12.674,32.95
115,47,11.59,23.18
115,48,13.998,36.39
115,49,3.348,7.7
115,50,15.733,31.47
115,51,4.789,9.58
115,52,16.746,43.54
115,53,2.739,6.3
115,54,18.956,49.28
115,55,11.691,26.89
115,56,12.435,24.87
115,57,13.009,33.82
115,58,11.286,22.57
115,59,11.868,30.86
115,60,12.89,33.51
115,61,17.742,35.48
115,62,10.649,27.69
115,63,10.704,21.41
115,64,14.613,29.23
115,65,18.771,43.17
115,66,19.851,45.66
115,67,8.034,20.89
115,68,13.892,31.95
115,69,12.86,25.72
115,70,13.667,31.43
115,71,1.156,2.31
115,72,12.309,28.31
115,73,9.351,24.31
115,74,15.772,41.01
115,75,13.391,34.82
115,76,5.059,11.64
115,77,20.767,47.76
115,78,16.171,32.34
115,79,11.559,23.12
115,80,15.164,34.88
115,81,5.878,13.52
115,82,10.017,20.03
115,83,15.845,31.69
115,84,21.068,54.78
115,85,14.162,32.57
115,86,9.025,20.76
115,87,3.332,6.66
115,88,3.038,6.99
115,89,11.839,23.68
115,90,12.211,28.09
115,91,11.18,25.71
115,92,2.995,6.89
115,93,13.969,36.32
115,94,8.08,16.16
115,95,6.062,15.76
115,96,8.421,19.37
115,97,10.923,21.85
115,98,15.217,30.43
115,99,3.506,8.06
115,100,3.083,7.09
115,101,9.337,21.47
115,102,11.179,25.71
115,103,17.351,45.11
115,104,14.358,33.02
115,105,18.348,47.7
115,106,2.656,5.31
115,107,8.626,17.25
115,108,16.741,38.5
115,109,13.779,27.56
115,110,0.709,1.63
115,111,17.723,40.76
115,112,2.754,5.51
115,113,13.177,34.26
115,114,14.204,28.41
115,116,14.259,37.07
115,117,11.291,25.97
115,118,11.172,22.34
115,119,2.179,5.01
115,120,3.585,7.17
115,121,1.993,4.58
115,122,12.025,31.27
115,123,8.423,21.9
115,124,13.457,34.99
115,125,20.934,41.87
115,126,11.266,29.29
115,127,12.166,31.63
115,128,1.963,5.1
115,129,11.459,22.92
115,130,12.83,29.51
115,131,13.439,26.88
115,132,14.547,33.46
115,133,12.539,32.6
115,134,15.597,35.87
115,135,9.713,22.34
115,136,13.157,34.21
115,137,12.069,31.38
115,138,14.621,38.02
115,139,6.007,12.01
115,140,8.935,17.87
115,141,11.757,27.04
115,142,11.747,30.54
115,143,14.823,29.65
115,144,8.099,18.63
115,145,1.469,3.38
115,146,11.655,23.31
115,147,11.412,26.25
115,148,13.237,34.42
115,149,16.906,38.88
115,150,12.359,24.72
115,151,14.121,28.24
115,152,2.323,6.04
115,153,0.953,2.19
115,154,17.481,45.45
115,155,8.467,22.01
115,156,11.445,29.76
115,157,3.085,6.17
115,158,14.159,28.32
115,159,5.536,14.39
115,160,3.67,7.34
115,161,20.612,47.41
115,162,3.966,9.12
115,163,17.893,46.52
115,164,16.096,41.85
115,165,12.545,32.62
115,166,14.155,28.31
115,167,16.006,41.61
115,168,19.404,44.63
115,169,6.997,18.19
115,170,11.273,29.31
115,171,11.244,25.86
115,172,10.443,27.15
115,173,5.943,15.45
115,174,10.657,24.51
115,175,16.595,33.19
115,176,19.479,50.65
115,177,16.432,42.72
115,178,11.089,22.18
115,179,20.916,41.83
115,180,11.052,22.1
115,181,15.031,34.57
115,182,10.697,21.39
115,183,10.876,28.28
115,184,1.663,3.82
115,185,11.305,26.0
115,186,14.034,36.49
115,187,5.879,13.52
115,188,13.259,34.47
115,189,13.176,30.3
115,190,17.357,39.92
115,191,2.973,6.84
115,192,14.879,34.22
115,193,2.437,5.61
115,194,11.098,22.2
115,195,9.69,19.38
115,196,3.901,8.97
115,197,15.428,40.11
115,198,3.699,9.62
115,199,10.521,24.2
115,200,13.851,27.7
116,0,6.693,19.41
116,1,9.309,24.2
116,2,9.218,26.73
116,3,10.87,28.26
116,4,5.64,14.66
116,5,16.066,46.59
116,6,13.993,44.78
116,7,13.111,38.02
116,8,17.526,45.57
116,9,17.658,56.51
116,10,8.011,23.23
116,11,15.057,48.18
116,12,11.612,33.67
116,13,13.384,34.8
116,14,11.292,32.75
116,15,5.368,17.18
116,16,7.308,19.0
116,17,14.62,38.01
116,18,13.405,38.88
116,19,7.624,19.82
116,20,4.626,12.03
116,21,14.922,47.75
116,22,10.021,26.05
116,23,2.63,7.63
116,24,11.372,36.39
116,25,3.461,11.08
116,26,1.95,5.65
116,27,4.706,13.65
116,28,4.706,15.06
116,29,3.011,9.63
116,30,11.072,32.11
116,31,13.52,39.21
116,32,13.122,38.05
116,33,14.724,38.28
116,34,17.707,46.04
116,35,11.381,29.59
116,36,11.985,31.16
116,37,9.142,29.25
116,38,6.798,21.75
116,39,15.671,45.45
116,40,18.128,58.01
116,41,13.308,38.59
116,42,12.799,37.12
116,43,18.376,58.8
116,44,8.723,27.91
116,45,13.574,39.36
116,46,13.838,44.28
116,47,12.402,32.25
116,48,14.184,45.39
116,49,13.522,39.21
116,50,1.721,4.47
116,51,17.138,44.56
116,52,2.487,7.96
116,53,11.521,33.41
116,54,6.095,19.5
116,55,14.041,40.72
116,56,11.196,29.11
116,57,12.492,39.97
116,58,8.644,22.47
116,59,7.313,23.4
116,60,13.806,44.18
116,61,13.843,35.99
116,62,7.589,24.29
116,63,8.444,21.95
116,64,16.89,43.91
116,65,8.329,24.15
116,66,6.034,17.5
116,67,7.847,25.11
116,68,0.807,2.34
116,69,12.866,33.45
116,70,12.154,35.25
116,71,14.502,37.7
116,72,10.846,31.45
116,73,9.077,29.05
116,74,2.564,8.21
116,75,13.958,44.67
116,76,11.501,33.35
116,77,6.645,19.27
116,78,6.013,15.63
116,79,14.565,37.87
116,80,2.022,5.86
116,81,19.159,55.56
116,82,11.499,29.9
116,83,3.032,7.88
116,84,7.751,24.8
116,85,1.635,4.74
116,86,13.986,40.56
116,87,17.18,44.67
116,88,12.771,37.04
116,89,9.415,24.48
116,90,7.016,20.35
116,91,12.208,35.4
116,92,17.153,49.74
116,93,1.442,4.62
116,94,13.241,34.43
116,95,14.202,45.45
116,96,14.206,41.2
116,97,11.845,30.8
116,98,17.385,45.2
116,99,12.484,36.2
116,100,16.765,48.62
116,101,14.22,41.24
116,102,7.411,21.49
116,103,5.012,16.04
116,104,14.03,40.69
116,105,6.25,20.0
116,106,14.722,38.28
116,107,8.14,21.16
116,108,3.302,9.58
116,109,14.542,37.81
116,110,13.67,39.64
116,111,3.924,11.38
116,112,12.414,32.28
116,113,14.228,45.53
116,114,14.316,37.22
116,115,14.259,37.07
116,117,13.097,37.98
116,118,8.787,22.85
116,119,14.073,40.81
116,120,15.241,39.63
116,121,13.024,37.77
116,122,13.718,43.9
116,123,10.781,34.5
116,124,11.87,37.98
116,125,7.354,19.12
116,126,9.574,30.64
116,127,11.422,36.55
116,128,12.378,39.61
116,129,10.696,27.81
116,130,10.45,30.3
116,131,13.351,34.71
116,132,10.266,29.77
116,133,9.028,28.89
116,134,18.142,52.61
116,135,10.033,29.1
116,136,8.94,28.61
116,137,10.52,33.66
116,138,0.762,2.44
116,139,17.685,45.98
116,140,14.23,37.0
116,141,8.102,23.5
116,142,10.369,33.18
116,143,14.458,37.59
116,144,13.697,39.72
116,145,14.539,42.16
116,146,15.087,39.23
116,147,13.251,38.43
116,148,9.253,29.61
116,149,6.043,17.52
116,150,12.663,32.92
116,151,15.802,41.09
116,152,15.844,50.7
116,153,13.307,38.59
116,154,3.282,10.5
116,155,13.764,44.05
116,156,11.589,37.08
116,157,14.828,38.55
116,158,0.995,2.59
116,159,13.993,44.78
116,160,12.145,31.58
116,161,7.206,20.9
116,162,18.137,52.6
116,163,5.401,17.28
116,164,4.209,13.47
116,165,15.516,49.65
116,166,1.827,4.75
116,167,2.6,8.32
116,168,5.917,17.16
116,169,11.586,37.08
116,170,17.84,57.09
116,171,7.249,21.02
116,172,9.885,31.63
116,173,19.796,63.35
116,174,6.204,17.99
116,175,19.021,49.45
116,176,6.541,20.93
116,177,2.262,7.24
116,178,12.929,33.62
116,179,6.73,17.5
116,180,8.305,21.59
116,181,4.433,12.85
116,182,7.544,19.62
116,183,11.864,37.97
116,184,13.231,38.37
116,185,7.145,20.72
116,186,8.832,28.26
116,187,19.568,56.75
116,188,4.009,12.83
116,189,8.443,24.49
116,190,3.277,9.5
116,191,16.321,47.33
116,192,4.249,12.32
116,193,11.855,34.38
116,194,9.514,24.74
116,195,11.419,29.69
116,196,18.011,52.23
116,197,9.589,30.69
116,198,12.131,38.82
116,199,8.677,25.16
116,200,10.96,28.5
117,0,7.934,20.63
117,1,19.668,45.24
117,2,4.092,10.64
117,3,18.473,42.49
117,4,14.873,34.21
117,5,3.485,9.06
117,6,13.843,40.15
117,7,12.309,32.0
117,8,5.241,12.05
117,9,13.079,37.93
117,10,9.783,25.43
117,11,12.362,35.85
117,12,19.775,51.42
117,13,12.576,28.92
117,14,1.823,4.74
117,15,11.837,34.33
117,16,19.951,45.89
117,17,14.181,32.62
117,18,0.373,0.97
117,19,16.334,37.57
117,20,15.99,36.78
117,21,14.496,42.04
117,22,17.286,39.76
117,23,10.883,28.29
117,24,3.708,10.75
117,25,13.07,37.9
117,26,14.913,38.77
117,27,15.713,40.85
117,28,13.642,39.56
117,29,15.811,45.85
117,30,2.273,5.91
117,31,2.467,6.41
117,32,10.726,27.89
117,33,9.349,21.5
117,34,13.569,31.21
117,35,17.964,41.32
117,36,1.316,3.03
117,37,17.527,50.83
117,38,16.333,47.37
117,39,2.987,7.77
117,40,8.729,25.31
117,41,1.626,4.23
117,42,0.301,0.78
117,43,13.044,37.83
117,44,15.854,45.98
117,45,10.564,27.47
117,46,1.404,4.07
117,47,0.881,2.03
117,48,2.708,7.85
117,49,8.018,20.85
117,50,13.464,30.97
117,51,16.079,36.98
117,52,14.888,43.18
117,53,10.286,26.74
117,54,13.918,40.36
117,55,0.946,2.46
117,56,19.371,44.55
117,57,2.144,6.22
117,58,16.996,39.09
117,59,16.547,47.99
117,60,1.603,4.65
117,61,24.092,55.41
117,62,15.76,45.7
117,63,16.411,37.74
117,64,4.167,9.58
117,65,11.636,30.25
117,66,15.796,41.07
117,67,13.41,38.89
117,68,12.312,32.01
117,69,1.78,4.09
117,70,3.048,7.92
117,71,10.425,23.98
117,72,2.832,7.36
117,73,15.743,45.66
117,74,12.614,36.58
117,75,2.101,6.09
117,76,6.442,16.75
117,77,17.197,44.71
117,78,10.202,23.46
117,79,1.499,3.45
117,80,15.029,39.08
117,81,16.915,43.98
117,82,1.85,4.25
117,83,12.285,28.25
117,84,15.922,46.17
117,85,11.792,30.66
117,86,2.802,7.29
117,87,14.307,32.91
117,88,12.896,33.53
117,89,3.927,9.03
117,90,16.605,43.17
117,91,0.903,2.35
117,92,12.327,32.05
117,93,11.831,34.31
117,94,3.351,7.71
117,95,5.761,16.71
117,96,3.528,9.17
117,97,1.253,2.88
117,98,4.768,10.97
117,99,7.822,20.34
117,100,11.204,29.13
117,101,2.684,6.98
117,102,16.071,41.78
117,103,12.494,36.23
117,104,3.089,8.03
117,105,12.8,37.12
117,106,9.225,21.22
117,107,14.337,32.97
117,108,13.283,34.53
117,109,2.53,5.82
117,110,11.355,29.52
117,111,14.307,37.2
117,112,8.688,19.98
117,113,1.932,5.6
117,114,2.913,6.7
117,115,11.291,25.97
117,116,13.097,37.98
117,118,17.004,39.11
117,119,13.058,33.95
117,120,14.701,33.81
117,121,9.349,24.31
117,122,0.829,2.4
117,123,3.47,10.06
117,124,3.013,8.74
117,125,16.204,37.27
117,126,3.588,10.41
117,127,2.203,6.39
117,128,9.997,28.99
117,129,18.403,42.33
117,130,19.204,49.93
117,131,2.232,5.13
117,132,20.198,52.51
117,133,18.147,52.63
117,134,5.432,14.12
117,135,3.265,8.49
117,136,18.512,53.68
117,137,18.727,54.31
117,138,12.838,37.23
117,139,17.287,39.76
117,140,3.063,7.05
117,141,16.993,44.18
117,142,18.413,53.4
117,143,3.537,8.14
117,144,3.529,9.18
117,145,12.669,32.94
117,146,2.04,4.69
117,147,0.171,0.44
117,148,18.758,54.4
117,149,11.034,28.69
117,150,1.361,3.13
117,151,3.257,7.49
117,152,10.694,31.01
117,153,10.807,28.1
117,154,14.981,43.44
117,155,3.205,9.29
117,156,1.622,4.7
117,157,14.145,32.53
117,158,12.282,28.25
117,159,15.767,45.72
117,160,12.954,29.79
117,161,15.709,40.84
117,162,14.302,37.18
117,163,12.919,37.46
117,164,11.579,33.58
117,165,2.434,7.06
117,166,11.638,26.77
117,167,12.899,37.41
117,168,14.966,38.91
117,169,4.415,12.8
117,170,5.359,15.54
117,171,16.008,41.62
117,172,17.162,49.77
117,173,16.511,47.88
117,174,14.693,38.2
117,175,6.441,14.81
117,176,14.342,41.59
117,177,14.172,41.1
117,178,0.23,0.53
117,179,17.555,40.38
117,180,16.591,38.16
117,181,10.297,26.77
117,182,15.768,36.27
117,183,1.236,3.58
117,184,9.665,25.13
117,185,15.984,41.56
117,186,19.014,55.14
117,187,12.687,32.99
117,188,15.292,44.35
117,189,18.216,47.36
117,190,14.566,37.87
117,191,14.227,36.99
117,192,10.306,26.8
117,193,9.966,25.91
117,194,17.417,40.06
117,195,2.104,4.84
117,196,14.41,37.47
117,197,20.315,58.91
117,198,7.707,22.35
117,199,16.424,42.7
117,200,20.167,46.38
118,0,9.164,21.08
118,1,3.45,6.9
118,2,13.098,30.13
118,3,2.084,4.17
118,4,3.171,6.34
118,5,18.697,43.0
118,6,9.013,23.43
118,7,9.143,21.03
118,8,22.211,44.42
118,9,14.157,36.81
118,10,16.159,37.16
118,11,11.354,29.52
118,12,3.02,6.95
118,13,9.246,18.49
118,14,15.607,35.9
118,15,14.037,36.5
118,16,7.498,15.0
118,17,9.533,19.07
118,18,17.376,39.97
118,19,1.166,2.33
118,20,12.637,25.27
118,21,9.685,25.18
118,22,1.415,2.83
118,23,10.654,24.5
118,24,17.11,44.49
118,25,12.247,31.84
118,26,9.411,21.64
118,27,12.905,29.68
118,28,13.472,35.03
118,29,10.141,26.37
118,30,15.818,36.38
118,31,16.077,36.98
118,32,10.336,23.77
118,33,13.042,26.08
118,34,13.896,27.79
118,35,2.794,5.59
118,36,16.414,32.83
118,37,0.523,1.36
118,38,2.141,5.57
118,39,18.499,42.55
118,40,17.734,46.11
118,41,17.975,41.34
118,42,16.73,38.48
118,43,15.137,39.36
118,44,1.402,3.65
118,45,10.932,25.14
118,46,18.232,47.4
118,47,16.683,33.37
118,48,19.128,49.73
118,49,12.648,29.09
118,50,10.431,20.86
118,51,11.492,22.98
118,52,10.488,27.27
118,53,9.119,20.97
118,54,14.87,38.66
118,55,17.855,41.07
118,56,2.583,5.17
118,57,17.49,45.47
118,58,0.182,0.36
118,59,1.61,4.19
118,60,18.321,47.63
118,61,7.177,14.35
118,62,1.362,3.54
118,63,0.595,1.19
118,64,21.168,42.34
118,65,16.886,38.84
118,66,14.472,33.29
118,67,3.733,9.71
118,68,9.134,21.01
118,69,17.67,35.34
118,70,17.59,40.46
118,71,12.055,24.11
118,72,15.966,36.72
118,73,1.824,4.74
118,74,11.339,29.48
118,75,18.676,48.56
118,76,11.938,27.46
118,77,14.63,33.65
118,78,14.28,28.56
118,79,18.131,36.26
118,80,8.019,18.44
118,81,13.695,31.5
118,82,15.156,30.31
118,83,11.77,23.54
118,84,16.372,42.57
118,85,10.008,23.02
118,86,16.365,37.64
118,87,12.71,25.42
118,88,8.318,19.13
118,89,14.651,29.3
118,90,2.033,4.68
118,91,16.324,37.55
118,92,13.999,32.2
118,93,9.726,25.29
118,94,15.306,30.61
118,95,14.808,38.5
118,96,16.174,37.2
118,97,15.924,31.85
118,98,21.772,43.54
118,99,11.788,27.11
118,100,14.255,32.79
118,101,16.697,38.4
118,102,1.38,3.17
118,103,13.769,35.8
118,104,19.202,44.16
118,105,15.014,39.04
118,106,13.124,26.25
118,107,2.838,5.68
118,108,12.075,27.77
118,109,19.256,38.51
118,110,10.466,24.07
118,111,12.546,28.85
118,112,11.115,22.23
118,113,18.747,48.74
118,114,19.316,38.63
118,115,11.172,22.34
118,116,8.787,22.85
118,117,17.004,39.11
118,119,9.684,22.27
118,120,9.944,19.89
118,121,11.23,25.83
118,122,17.815,46.32
118,123,13.623,35.42
118,124,17.287,44.95
118,125,15.869,31.74
118,126,14.437,37.54
118,127,16.301,42.38
118,128,10.128,26.33
118,129,1.913,3.83
118,130,2.204,5.07
118,131,18.293,36.59
118,132,3.474,7.99
118,133,1.374,3.57
118,134,22.422,51.57
118,135,13.843,31.84
118,136,1.985,5.16
118,137,1.876,4.88
118,138,9.535,24.79
118,139,11.464,22.93
118,140,16.48,32.96
118,141,0.9,2.07
118,142,1.642,4.27
118,143,19.711,39.42
118,144,15.641,35.97
118,145,10.517,24.19
118,146,18.521,37.04
118,147,17.175,39.5
118,148,2.077,5.4
118,149,14.544,33.45
118,150,17.273,34.55
118,151,20.24,40.48
118,152,13.451,34.97
118,153,10.471,24.08
118,154,11.512,29.93
118,155,15.898,41.33
118,156,16.029,41.67
118,157,9.815,19.63
118,158,9.503,19.01
118,159,7.613,19.79
118,160,7.593,15.19
118,161,15.815,36.37
118,162,13.984,32.16
118,163,14.181,36.87
118,164,12.824,33.34
118,165,19.259,50.07
118,166,10.154,20.31
118,167,11.387,29.61
118,168,14.557,33.48
118,169,13.365,34.75
118,170,19.988,51.97
118,171,1.539,3.54
118,172,1.32,3.43
118,173,14.824,38.54
118,174,2.783,6.4
118,175,23.441,46.88
118,176,15.298,39.77
118,177,10.734,27.91
118,178,16.779,33.56
118,179,14.538,29.08
118,180,0.501,1.0
118,181,12.61,29.0
118,182,1.382,2.76
118,183,15.912,41.37
118,184,11.214,25.79
118,185,1.642,3.78
118,186,2.885,7.5
118,187,17.014,39.13
118,188,5.055,13.14
118,189,2.071,4.76
118,190,11.73,26.98
118,191,11.647,26.79
118,192,12.401,28.52
118,193,9.664,22.23
118,194,0.732,1.46
118,195,14.905,29.81
118,196,13.744,31.61
118,197,4.258,11.07
118,198,11.558,30.05
118,199,0.667,1.53
118,200,3.171,6.34
119,0,8.777,22.82
119,1,13.115,30.17
119,2,10.866,28.25
119,3,9.638,22.17
119,4,10.373,23.86
119,5,12.888,33.51
119,6,0.993,2.88
119,7,1.009,2.62
119,8,17.883,41.13
119,9,4.481,12.99
119,10,17.953,46.68
119,11,1.771,5.14
119,12,10.855,28.22
119,13,0.705,1.62
119,14,12.629,32.83
119,15,17.516,50.8
119,16,16.671,38.34
119,17,1.128,2.59
119,18,13.381,34.79
119,19,10.013,23.03
119,20,18.698,43.0
119,21,1.439,4.17
119,22,8.827,20.3
119,23,14.167,36.83
119,24,15.249,44.22
119,25,16.847,48.86
119,26,15.719,40.87
119,27,18.751,48.75
119,28,18.085,52.45
119,29,16.77,48.63
119,30,13.245,34.44
119,31,10.977,28.54
119,32,2.339,6.08
119,33,4.696,10.8
119,34,4.217,9.7
119,35,8.441,19.41
119,36,13.258,30.49
119,37,10.023,29.07
119,38,10.857,31.49
119,39,12.944,33.65
119,40,9.341,27.09
119,41,14.587,37.93
119,42,12.903,33.55
119,43,5.476,15.88
119,44,8.348,24.21
119,45,2.622,6.82
119,46,14.458,41.93
119,47,13.265,30.51
119,48,15.75,45.68
119,49,5.363,13.94
119,50,15.66,36.02
119,51,3.382,7.78
119,52,16.53,47.94
119,53,3.165,8.23
119,54,19.242,55.8
119,55,13.541,35.21
119,56,10.643,24.48
119,57,14.631,42.43
119,58,9.818,22.58
119,59,10.597,30.73
119,60,14.66,42.51
119,61,15.912,36.6
119,62,9.374,27.19
119,63,9.28,21.34
119,64,16.573,38.12
119,65,19.465,50.61
119,66,19.912,51.77
119,67,7.012,20.34
119,68,13.822,35.94
119,69,14.531,33.42
119,70,15.218,39.57
119,71,3.335,7.67
119,72,13.764,35.79
119,73,7.871,22.83
119,74,15.87,46.02
119,75,15.152,43.94
119,76,6.642,17.27
119,77,20.699,53.82
119,78,16.773,38.58
119,79,13.464,30.97
119,80,14.701,38.22
119,81,5.136,13.35
119,82,11.633,26.76
119,83,16.016,36.84
119,84,21.293,61.75
119,85,14.227,36.99
119,86,10.973,28.53
119,87,3.206,7.37
119,88,1.425,3.7
119,89,13.116,30.17
119,90,10.98,28.55
119,91,12.849,33.41
119,92,4.401,11.44
119,93,14.005,40.61
119,94,9.975,22.94
119,95,8.123,23.56
119,96,10.412,27.07
119,97,12.556,28.88
119,98,17.186,39.53
119,99,5.259,13.67
119,100,4.929,12.82
119,101,11.297,29.37
119,102,9.912,25.77
119,103,17.679,51.27
119,104,16.075,41.8
119,105,18.758,54.4
119,106,4.831,11.11
119,107,7.415,17.06
119,108,16.837,43.78
119,109,15.578,35.83
119,110,1.78,4.63
119,111,17.757,46.17
119,112,4.372,10.06
119,113,14.975,43.43
119,114,15.958,36.7
119,115,2.179,5.01
119,116,14.073,40.81
119,117,13.058,33.95
119,118,9.684,22.27
119,120,1.665,3.83
119,121,3.77,9.8
119,122,13.827,40.1
119,123,9.954,28.87
119,124,14.986,43.46
119,125,21.084,48.49
119,126,12.58,36.48
119,127,13.699,39.73
119,128,3.085,8.95
119,129,9.706,22.32
119,130,11.134,28.95
119,131,15.135,34.81
119,132,12.926,33.61
119,133,11.017,31.95
119,134,17.601,45.76
119,135,11.117,28.91
119,136,11.656,33.8
119,137,10.348,30.01
119,138,14.532,42.14
119,139,4.393,10.1
119,140,10.911,25.1
119,141,10.366,26.95
119,142,10.04,29.12
119,143,16.559,38.08
119,144,10.047,26.12
119,145,0.892,2.32
119,146,13.604,31.29
119,147,13.191,34.3
119,148,11.698,33.92
119,149,17.449,45.37
119,150,14.032,32.27
119,151,16.018,36.84
119,152,4.345,12.6
119,153,2.28,5.93
119,154,17.35,50.32
119,155,10.411,30.19
119,156,13.027,37.78
119,157,1.101,2.53
119,158,14.126,32.49
119,159,3.369,9.77
119,160,2.163,4.98
119,161,20.806,54.1
119,162,4.379,11.38
119,163,18.216,52.83
119,164,16.433,47.66
119,165,14.491,42.02
119,166,14.249,32.77
119,167,16.079,46.63
119,168,19.556,50.85
119,169,8.663,25.12
119,170,13.416,38.91
119,171,10.002,26.0
119,172,8.797,25.51
119,173,5.738,16.64
119,174,9.648,25.08
119,175,18.612,42.81
119,176,19.763,57.31
119,177,16.313,47.31
119,178,12.846,29.54
119,179,20.802,47.84
119,180,9.642,22.18
119,181,15.48,40.25
119,182,9.428,21.68
119,183,12.513,36.29
119,184,3.487,9.07
119,185,10.079,26.2
119,186,12.568,36.45
119,187,7.454,19.38
119,188,12.476,36.18
119,189,11.741,30.53
119,190,17.289,44.95
119,191,2.257,5.87
119,192,15.31,39.81
119,193,3.251,8.45
119,194,9.502,21.85
119,195,11.303,26.0
119,196,4.174,10.85
119,197,13.923,40.38
119,198,5.351,15.52
119,199,9.063,23.56
119,200,12.127,27.89
120,0,10.294,23.68
120,1,13.288,26.58
120,2,12.521,28.8
120,3,9.542,19.08
120,4,11.102,22.2
120,5,14.412,33.15
120,6,1.257,3.27
120,7,2.584,5.94
120,8,19.478,38.96
120,9,4.776,12.42
120,10,19.504,44.86
120,11,2.763,7.18
120,12,10.65,24.49
120,13,2.274,4.55
120,14,14.293,32.87
120,15,18.938,49.24
120,16,17.216,34.43
120,17,0.648,1.3
120,18,15.021,34.55
120,19,10.45,20.9
120,20,19.862,39.72
120,21,0.319,0.83
120,22,8.901,17.8
120,23,15.527,35.71
120,24,16.913,43.97
120,25,18.153,47.2
120,26,16.799,38.64
120,27,19.944,45.87
120,28,19.408,50.46
120,29,17.827,46.35
120,30,14.91,34.29
120,31,12.585,28.95
120,32,3.976,9.14
120,33,6.056,12.11
120,34,4.324,8.65
120,35,8.263,16.53
120,36,14.919,29.84
120,37,10.213,26.55
120,38,11.38,29.59
120,39,14.492,33.33
120,40,10.455,27.18
120,41,16.24,37.35
120,42,14.551,33.47
120,43,5.792,15.06
120,44,8.705,22.63
120,45,4.183,9.62
120,46,16.1,41.86
120,47,14.922,29.84
120,48,17.399,45.24
120,49,6.905,15.88
120,50,16.874,33.75
120,51,1.905,3.81
120,52,17.662,45.92
120,53,4.79,11.02
120,54,20.603,53.57
120,55,15.166,34.88
120,56,10.5,21.0
120,57,16.294,42.36
120,58,10.096,20.19
120,59,11.054,28.74
120,60,16.304,42.39
120,61,15.64,31.28
120,62,9.859,25.63
120,63,9.62,19.24
120,64,18.16,36.32
120,65,20.978,48.25
120,66,21.167,48.69
120,67,7.799,20.28
120,68,15.052,34.62
120,69,16.189,32.38
120,70,16.883,38.83
120,71,4.694,9.39
120,72,15.428,35.48
120,73,8.2,21.32
120,74,17.165,44.63
120,75,16.799,43.68
120,76,8.3,19.09
120,77,21.886,50.34
120,78,18.264,36.53
120,79,15.072,30.14
120,80,15.705,36.12
120,81,3.971,9.13
120,82,13.294,26.59
120,83,17.343,34.69
120,84,22.621,58.81
120,85,15.519,35.69
120,86,12.562,28.89
120,87,2.883,5.77
120,88,2.526,5.81
120,89,14.768,29.54
120,90,11.466,26.37
120,91,14.506,33.36
120,92,4.955,11.4
120,93,15.284,39.74
120,94,11.582,23.16
120,95,9.643,25.07
120,96,11.979,27.55
120,97,14.216,28.43
120,98,18.769,37.54
120,99,6.887,15.84
120,100,5.782,13.3
120,101,12.88,29.62
120,102,10.39,23.9
120,103,19.065,49.57
120,104,17.729,40.78
120,105,20.172,52.45
120,106,6.196,12.39
120,107,8.027,16.05
120,108,18.126,41.69
120,109,17.217,34.43
120,110,3.36,7.73
120,111,19.01,43.72
120,112,6.014,12.03
120,113,16.614,43.2
120,114,17.606,35.21
120,115,3.585,7.17
120,116,15.241,39.63
120,117,14.701,33.81
120,118,9.944,19.89
120,119,1.665,3.83
120,121,5.375,12.36
120,122,15.464,40.21
120,123,11.618,30.21
120,124,16.651,43.29
120,125,22.378,44.76
120,126,14.237,37.01
120,127,15.364,39.95
120,128,4.748,12.35
120,129,9.641,19.28
120,130,11.112,25.56
120,131,16.791,33.58
120,132,12.968,29.83
120,133,11.209,29.14
120,134,19.165,44.08
120,135,12.781,29.4
120,136,11.858,30.83
120,137,10.311,26.81
120,138,15.747,40.94
120,139,2.755,5.51
120,140,12.486,24.97
120,141,10.711,24.64
120,142,10.028,26.07
120,143,18.21,36.42
120,144,11.634,26.76
120,145,2.117,4.87
120,146,15.194,30.39
120,147,14.833,34.11
120,148,11.856,30.83
120,149,18.917,43.51
120,150,15.689,31.38
120,151,17.63,35.26
120,152,5.407,14.06
120,153,3.897,8.96
120,154,18.523,48.16
120,155,12.0,31.2
120,156,14.69,38.19
120,157,0.564,1.13
120,158,15.372,30.74
120,159,2.641,6.87
120,160,3.097,6.19
120,161,22.122,50.88
120,162,4.198,9.66
120,163,19.597,50.95
120,164,17.828,46.35
120,165,16.083,41.82
120,166,15.554,31.11
120,167,17.361,45.14
120,168,20.857,47.97
120,169,10.317,26.82
120,170,14.839,38.58
120,171,10.5,24.15
120,172,8.898,23.13
120,173,4.911,12.77
120,174,10.354,23.81
120,175,20.168,40.34
120,176,21.121,54.91
120,177,17.499,45.5
120,178,14.491,28.98
120,179,21.965,43.93
120,180,9.985,19.97
120,181,16.923,38.92
120,182,9.917,19.83
120,183,14.173,36.85
120,184,5.075,11.67
120,185,10.589,24.35
120,186,12.793,33.26
120,187,7.909,18.19
120,188,13.297,34.57
120,189,12.013,27.63
120,190,18.495,42.54
120,191,1.834,4.22
120,192,16.747,38.52
120,193,4.911,11.29
120,194,9.644,19.29
120,195,12.964,25.93
120,196,3.924,9.02
120,197,14.083,36.62
120,198,6.996,18.19
120,199,9.374,21.56
120,200,12.05,24.1
121,0,6.673,17.35
121,1,14.62,33.63
121,2,7.634,19.85
121,3,11.824,27.19
121,4,10.825,24.9
121,5,9.154,23.8
121,6,4.654,13.5
121,7,3.205,8.33
121,8,14.114,32.46
121,9,4.865,14.11
121,10,15.301,39.78
121,11,3.098,8.98
121,12,13.15,34.19
121,13,3.409,7.84
121,14,9.081,23.61
121,15,15.438,44.77
121,16,17.225,39.62
121,17,4.896,11.26
121,18,9.662,25.12
121,19,11.171,25.69
121,20,17.503,40.26
121,21,5.192,15.06
121,22,10.787,24.81
121,23,12.434,32.33
121,24,11.804,34.23
121,25,15.228,44.16
121,26,14.88,38.69
121,27,17.465,45.41
121,28,16.369,47.47
121,29,15.966,46.3
121,30,9.746,25.34
121,31,7.213,18.75
121,32,1.452,3.77
121,33,1.87,4.3
121,34,5.098,11.72
121,35,10.841,24.94
121,36,9.652,22.2
121,37,11.678,33.86
121,38,11.76,34.11
121,39,9.19,23.89
121,40,6.521,18.91
121,41,10.911,28.37
121,42,9.211,23.95
121,43,5.424,15.73
121,44,9.829,28.5
121,45,1.218,3.17
121,46,10.742,31.15
121,47,9.619,22.12
121,48,12.054,34.96
121,49,1.679,4.36
121,50,14.395,33.11
121,51,6.752,15.53
121,52,15.501,44.95
121,53,2.111,5.49
121,54,17.359,50.34
121,55,9.793,25.46
121,56,12.848,29.55
121,57,11.028,31.98
121,58,11.316,26.03
121,59,11.664,33.83
121,60,10.951,31.76
121,61,18.138,41.72
121,62,10.486,30.41
121,63,10.703,24.62
121,64,12.803,29.45
121,65,16.967,44.11
121,66,18.388,47.81
121,67,7.736,22.43
121,68,12.578,32.7
121,69,10.889,25.04
121,70,11.677,30.36
121,71,1.559,3.59
121,72,10.317,26.82
121,73,9.463,27.44
121,74,14.317,41.52
121,75,11.45,33.2
121,76,3.067,7.97
121,77,19.384,50.4
121,78,14.421,33.17
121,79,9.7,22.31
121,80,14.132,36.74
121,81,7.853,20.42
121,82,8.032,18.47
121,83,14.342,32.99
121,84,19.496,56.54
121,85,12.749,33.15
121,86,7.204,18.73
121,87,5.272,12.13
121,88,4.009,10.42
121,89,9.866,22.69
121,90,11.955,31.08
121,91,9.207,23.94
121,92,4.244,11.03
121,93,12.579,36.48
121,94,6.21,14.28
121,95,4.419,12.81
121,96,6.649,17.29
121,97,8.942,20.57
121,98,13.416,30.86
121,99,1.53,3.98
121,100,3.741,9.73
121,101,7.528,19.57
121,102,10.991,28.58
121,103,15.74,45.65
121,104,12.401,32.24
121,105,16.685,48.39
121,106,1.928,4.43
121,107,8.482,19.51
121,108,15.279,39.72
121,109,11.855,27.27
121,110,2.015,5.24
121,111,16.293,42.36
121,112,0.787,1.81
121,113,11.252,32.63
121,114,12.26,28.2
121,115,1.993,4.58
121,116,13.024,37.77
121,117,9.349,24.31
121,118,11.23,25.83
121,119,3.77,9.8
121,120,5.375,12.36
121,122,10.101,29.29
121,123,6.43,18.65
121,124,11.466,33.25
121,125,19.409,44.64
121,126,9.289,26.94
121,127,10.174,29.5
121,128,1.126,3.26
121,129,11.838,27.23
121,130,13.103,34.07
121,131,11.475,26.39
121,132,14.691,38.2
121,133,12.6,36.54
121,134,13.836,35.97
121,135,7.725,20.09
121,136,13.179,38.22
121,137,12.392,35.94
121,138,13.31,38.6
121,139,7.941,18.26
121,140,7.144,16.43
121,141,11.687,30.39
121,142,12.059,34.97
121,143,12.873,29.61
121,144,6.277,16.32
121,145,3.32,8.63
121,146,9.834,22.62
121,147,9.476,24.64
121,148,13.304,38.58
121,149,15.182,39.47
121,150,10.388,23.89
121,151,12.256,28.19
121,152,2.82,8.18
121,153,1.49,3.87
121,154,16.167,46.88
121,155,6.641,19.26
121,156,9.457,27.42
121,157,4.829,11.11
121,158,12.814,29.47
121,159,6.864,19.91
121,160,4.386,10.09
121,161,19.06,49.56
121,162,5.715,14.86
121,163,16.282,47.22
121,164,14.49,42.02
121,165,10.721,31.09
121,166,12.721,29.26
121,167,14.565,42.24
121,168,17.886,46.5
121,169,5.015,14.54
121,170,9.813,28.46
121,171,11.027,28.67
121,172,10.713,31.07
121,173,7.814,22.66
121,174,10.223,26.58
121,175,14.85,34.16
121,176,17.882,51.86
121,177,15.119,43.85
121,178,9.143,21.03
121,179,19.563,44.99
121,180,11.025,25.36
121,181,13.369,34.76
121,182,10.526,24.21
121,183,8.896,25.8
121,184,0.331,0.86
121,185,11.071,28.78
121,186,13.997,40.59
121,187,6.57,17.08
121,188,12.538,36.36
121,189,13.12,34.11
121,190,15.999,41.6
121,191,4.965,12.91
121,192,13.229,34.4
121,193,1.567,4.07
121,194,11.285,25.96
121,195,7.705,17.72
121,196,5.707,14.84
121,197,15.415,44.7
121,198,1.706,4.95
121,199,10.563,27.46
121,200,14.143,32.53
122,0,8.723,25.3
122,1,20.454,53.18
122,2,4.844,14.05
122,3,19.295,50.17
122,4,15.652,40.7
122,5,3.411,9.89
122,6,14.625,46.8
122,7,13.093,37.97
122,8,4.415,11.48
122,9,13.704,43.85
122,10,9.957,28.87
122,11,13.087,41.88
122,12,20.595,59.73
122,13,13.357,34.73
122,14,2.44,7.08
122,15,12.187,39.0
122,16,20.646,53.68
122,17,14.952,38.88
122,18,0.462,1.34
122,19,17.135,44.55
122,20,16.457,42.79
122,21,15.264,48.85
122,22,18.108,47.08
122,23,11.439,33.17
122,24,3.693,11.82
122,25,13.529,43.29
122,26,15.505,44.96
122,27,16.163,46.87
122,28,14.041,44.93
122,29,16.379,52.41
122,30,2.704,7.84
122,31,3.049,8.84
122,32,11.491,33.32
122,33,10.02,26.05
122,34,14.209,36.94
122,35,18.791,48.86
122,36,1.744,4.53
122,37,18.338,58.68
122,38,17.118,54.78
122,39,2.904,8.42
122,40,9.071,29.03
122,41,1.171,3.4
122,42,1.087,3.15
122,43,13.626,43.6
122,44,16.672,53.35
122,45,11.313,32.81
122,46,0.668,2.14
122,47,1.316,3.42
122,48,2.023,6.47
122,49,8.727,25.31
122,50,14.012,36.43
122,51,16.812,43.71
122,52,15.437,49.4
122,53,11.089,32.16
122,54,14.242,45.58
122,55,0.597,1.73
122,56,20.19,52.49
122,57,1.992,6.38
122,58,17.805,46.29
122,59,17.339,55.49
122,60,0.913,2.92
122,61,24.892,64.72
122,62,16.566,53.01
122,63,17.222,44.78
122,64,3.372,8.77
122,65,11.788,34.19
122,66,16.173,46.9
122,67,14.231,45.54
122,68,12.926,37.49
122,69,1.524,3.96
122,70,2.899,8.41
122,71,11.132,28.94
122,72,3.136,9.1
122,73,16.565,53.01
122,74,13.12,41.98
122,75,1.417,4.53
122,76,7.231,20.97
122,77,17.593,51.02
122,78,10.527,27.37
122,79,1.227,3.19
122,80,15.671,45.45
122,81,17.596,51.03
122,82,2.66,6.92
122,83,12.768,33.2
122,84,16.203,51.85
122,85,12.37,35.87
122,86,3.294,9.55
122,87,14.994,38.99
122,88,13.694,39.71
122,89,4.403,11.45
122,90,17.391,50.43
122,91,1.555,4.51
122,92,12.953,37.56
122,93,12.422,39.75
122,94,4.002,10.4
122,95,6.363,20.36
122,96,4.024,11.67
122,97,1.953,5.08
122,98,3.963,10.3
122,99,8.579,24.88
122,100,11.812,34.26
122,101,3.104,9.0
122,102,16.87,48.92
122,103,12.866,41.17
122,104,2.468,7.16
122,105,13.099,41.92
122,106,9.892,25.72
122,107,15.157,39.41
122,108,13.752,39.88
122,109,1.754,4.56
122,110,12.112,35.12
122,111,14.759,42.8
122,112,9.455,24.58
122,113,1.152,3.69
122,114,2.219,5.77
122,115,12.025,31.27
122,116,13.718,43.9
122,117,0.829,2.4
122,118,17.815,46.32
122,119,13.827,40.1
122,120,15.464,40.21
122,121,10.101,29.29
122,123,4.299,13.76
122,124,2.948,9.43
122,125,16.518,42.95
122,126,4.15,13.28
122,127,2.486,7.95
122,128,10.777,34.49
122,129,19.224,49.98
122,130,20.016,58.05
122,131,1.756,4.57
122,132,20.994,60.88
122,133,18.95,60.64
122,134,4.645,13.47
122,135,4.031,11.69
122,136,19.309,61.79
122,137,19.544,62.54
122,138,13.429,42.97
122,139,18.029,46.88
122,140,3.518,9.15
122,141,17.794,51.6
122,142,19.231,61.54
122,143,2.866,7.45
122,144,4.115,11.93
122,145,13.418,38.91
122,146,1.724,4.48
122,147,0.667,1.93
122,148,19.557,62.58
122,149,11.344,32.9
122,150,1.313,3.41
122,151,2.432,6.32
122,152,11.339,36.29
122,153,11.568,33.55
122,154,15.486,49.56
122,155,3.766,12.05
122,156,2.131,6.82
122,157,14.911,38.77
122,158,12.879,33.49
122,159,16.57,53.03
122,160,13.763,35.78
122,161,16.015,46.44
122,162,14.945,43.34
122,163,13.27,42.46
122,164,12.003,38.41
122,165,1.826,5.84
122,166,12.211,31.75
122,167,13.402,42.89
122,168,15.325,44.44
122,169,5.21,16.67
122,170,5.213,16.68
122,171,16.806,48.74
122,172,17.984,57.55
122,173,17.15,54.88
122,174,15.485,44.91
122,175,5.643,14.67
122,176,14.65,46.88
122,177,14.707,47.06
122,178,1.058,2.75
122,179,17.962,46.7
122,180,17.399,45.24
122,181,10.739,31.14
122,182,16.572,43.09
122,183,1.951,6.24
122,184,10.413,30.2
122,185,16.78,48.66
122,186,19.801,63.36
122,187,13.167,38.18
122,188,16.021,51.27
122,189,19.007,55.12
122,190,15.059,43.67
122,191,14.946,43.34
122,192,10.762,31.21
122,193,10.759,31.2
122,194,18.234,47.41
122,195,2.927,7.61
122,196,15.063,43.68
122,197,21.094,67.5
122,198,8.476,27.12
122,199,17.239,49.99
122,200,20.976,54.54
123,0,4.758,13.8
123,1,16.414,42.68
123,2,1.85,5.37
123,3,15.034,39.09
123,4,11.675,30.35
123,5,5.422,15.72
123,6,10.658,34.11
123,7,9.122,26.45
123,8,8.705,22.63
123,9,10.787,34.52
123,10,9.782,28.37
123,11,9.527,30.49
123,12,16.344,47.4
123,13,9.408,24.46
123,14,2.675,7.76
123,15,10.919,34.94
123,16,17.152,44.59
123,17,11.055,28.74
123,18,3.841,11.14
123,19,13.011,33.83
123,20,14.37,37.36
123,21,11.385,36.43
123,22,13.848,36.01
123,23,8.995,26.09
123,24,5.378,17.21
123,25,11.574,37.04
123,26,12.703,36.84
123,27,14.174,41.11
123,28,12.417,39.73
123,29,13.701,43.84
123,30,3.317,9.62
123,31,2.772,8.04
123,32,7.679,22.27
123,33,6.946,18.06
123,34,11.185,29.08
123,35,14.5,37.7
123,36,3.332,8.66
123,37,14.145,45.26
123,38,13.091,41.89
123,39,5.102,14.8
123,40,8.129,26.01
123,41,4.776,13.85
123,42,3.23,9.37
123,43,10.983,35.14
123,44,12.436,39.79
123,45,7.632,22.13
123,46,4.822,15.43
123,47,3.411,8.87
123,48,5.977,19.13
123,49,5.456,15.82
123,50,11.514,29.94
123,51,13.15,34.19
123,52,12.895,41.26
123,53,7.001,20.3
123,54,13.023,41.67
123,55,4.254,12.34
123,56,15.945,41.46
123,57,4.692,15.02
123,58,13.624,35.42
123,59,13.264,42.45
123,60,4.972,15.91
123,61,20.756,53.96
123,62,12.413,39.72
123,63,13.028,33.87
123,64,7.579,19.71
123,65,11.609,33.67
123,66,14.6,42.34
123,67,9.983,31.95
123,68,10.058,29.17
123,69,4.641,12.07
123,70,5.268,15.28
123,71,7.748,20.14
123,72,3.894,11.29
123,73,12.306,39.38
123,74,10.909,34.91
123,75,5.418,17.34
123,76,3.365,9.76
123,77,15.881,46.06
123,78,9.498,24.69
123,79,4.509,11.72
123,80,12.558,36.42
123,81,14.255,41.34
123,82,1.735,4.51
123,83,10.703,27.83
123,84,15.16,48.51
123,85,9.746,28.26
123,86,3.215,9.32
123,87,11.65,30.29
123,88,9.623,27.91
123,89,3.68,9.57
123,90,13.357,38.74
123,91,2.996,8.69
123,92,10.052,29.15
123,93,9.712,31.08
123,94,2.5,6.5
123,95,4.218,13.5
123,96,3.443,9.98
123,97,2.653,6.9
123,98,8.194,21.3
123,99,4.934,14.31
123,100,9.072,26.31
123,101,3.473,10.07
123,102,12.753,36.98
123,103,11.444,36.62
123,104,6.228,18.06
123,105,12.067,38.62
123,106,6.849,17.81
123,107,10.912,28.37
123,108,11.732,34.02
123,109,5.933,15.42
123,110,8.353,24.22
123,111,12.803,37.13
123,112,5.685,14.78
123,113,5.358,17.14
123,114,6.185,16.08
123,115,8.423,21.9
123,116,10.781,34.5
123,117,3.47,10.06
123,118,13.623,35.42
123,119,9.954,28.87
123,120,11.618,30.21
123,121,6.43,18.65
123,122,4.299,13.76
123,124,5.045,16.14
123,125,15.285,39.74
123,126,3.07,9.82
123,127,3.753,12.01
123,128,6.87,21.98
123,129,14.969,38.92
123,130,15.814,45.86
123,131,5.269,13.7
123,132,16.886,48.97
123,133,14.806,47.38
123,134,8.816,25.57
123,135,1.449,4.2
123,136,15.202,48.65
123,137,15.312,49.0
123,138,10.689,34.2
123,139,14.297,37.17
123,140,3.451,8.97
123,141,13.664,39.62
123,142,14.994,47.98
123,143,6.733,17.51
123,144,2.962,8.59
123,145,9.688,28.09
123,146,4.915,12.78
123,147,3.635,10.54
123,148,15.436,49.39
123,149,10.343,29.99
123,150,4.152,10.79
123,151,6.721,17.48
123,152,8.373,26.79
123,153,7.79,22.59
123,154,13.198,42.23
123,155,2.99,9.57
123,156,3.076,9.84
123,157,11.055,28.74
123,158,10.118,26.31
123,159,12.446,39.83
123,160,9.612,24.99
123,161,14.839,43.03
123,162,11.883,34.46
123,163,11.944,38.22
123,164,10.323,33.03
123,165,5.636,18.04
123,166,9.628,25.03
123,167,11.196,35.83
123,168,13.88,40.25
123,169,1.568,5.02
123,170,7.099,22.72
123,171,12.702,36.84
123,172,13.727,43.93
123,173,14.072,45.03
123,174,11.425,33.13
123,175,9.843,25.59
123,176,13.51,43.23
123,177,12.264,39.24
123,178,3.24,8.42
123,179,16.179,42.07
123,180,13.225,34.39
123,181,9.026,26.18
123,182,12.425,32.3
123,183,2.618,8.38
123,184,6.76,19.61
123,185,12.686,36.79
123,186,15.755,50.42
123,187,11.156,32.35
123,188,12.356,39.54
123,189,14.933,43.31
123,190,12.857,37.29
123,191,11.395,33.05
123,192,8.966,26.0
123,193,6.748,19.57
123,194,14.008,36.42
123,195,1.416,3.68
123,196,11.937,34.62
123,197,17.092,54.69
123,198,4.724,15.12
123,199,13.028,37.78
123,200,16.793,43.66
124,0,8.181,23.73
124,1,19.557,50.85
124,2,4.419,12.82
124,3,18.982,49.35
124,4,14.753,38.36
124,5,6.352,18.42
124,6,15.661,50.12
124,7,14.131,40.98
124,8,5.68,14.77
124,9,15.633,50.03
124,10,7.085,20.55
124,11,14.559,46.59
124,12,20.215,58.62
124,13,14.423,37.5
124,14,2.388,6.92
124,15,9.549,30.56
124,16,19.068,49.58
124,17,16.078,41.8
124,18,3.006,8.72
124,19,16.458,42.79
124,20,14.042,36.51
124,21,16.411,52.52
124,22,17.803,46.29
124,23,9.382,27.21
124,24,0.753,2.41
124,25,11.126,35.6
124,26,13.504,39.16
124,27,13.71,39.76
124,28,11.484,36.75
124,29,14.278,45.69
124,30,1.744,5.06
124,31,5.345,15.5
124,32,12.723,36.9
124,33,11.813,30.71
124,34,16.077,41.8
124,35,18.672,48.55
124,36,1.967,5.12
124,37,17.804,56.97
124,38,16.262,52.04
124,39,5.844,16.95
124,40,11.711,37.48
124,41,1.901,5.51
124,42,2.906,8.43
124,43,15.706,50.26
124,44,16.299,52.16
124,45,12.673,36.75
124,46,2.599,8.32
124,47,2.23,5.8
124,48,2.369,7.58
124,49,10.374,30.09
124,50,11.874,30.87
124,51,18.195,47.31
124,52,13.28,42.5
124,53,11.972,34.72
124,54,11.541,36.93
124,55,3.534,10.25
124,56,19.791,51.46
124,57,0.961,3.08
124,58,17.248,44.84
124,59,16.563,53.0
124,60,2.425,7.76
124,61,24.131,62.74
124,62,15.964,51.08
124,63,16.71,43.45
124,64,5.235,13.61
124,65,8.889,25.78
124,66,13.555,39.31
124,67,13.957,44.66
124,68,11.063,32.08
124,69,1.448,3.76
124,70,0.305,0.88
124,71,12.733,33.11
124,72,1.345,3.9
124,73,16.283,52.11
124,74,10.856,34.74
124,75,2.324,7.44
124,76,8.406,24.38
124,77,15.004,43.51
124,78,7.864,20.45
124,79,4.175,10.85
124,80,13.883,40.26
124,81,19.259,55.85
124,82,3.477,9.04
124,83,10.444,27.16
124,84,13.424,42.96
124,85,10.374,30.08
124,86,5.748,16.67
124,87,16.646,43.28
124,88,14.581,42.29
124,89,2.664,6.93
124,90,16.54,47.96
124,91,2.532,7.34
124,92,14.885,43.17
124,93,10.479,33.53
124,94,6.069,15.78
124,95,8.48,27.14
124,96,6.451,18.71
124,97,2.644,6.87
124,98,5.642,14.67
124,99,9.956,28.87
124,100,13.82,40.08
124,101,5.672,16.45
124,102,16.186,46.94
124,103,10.263,32.84
124,104,2.161,6.27
124,105,10.364,33.17
124,106,11.701,30.42
124,107,14.85,38.61
124,108,11.372,32.98
124,109,2.828,7.35
124,110,13.398,38.85
124,111,12.323,35.74
124,112,10.728,27.89
124,113,2.732,8.74
124,114,2.473,6.43
124,115,13.457,34.99
124,116,11.87,37.98
124,117,3.013,8.74
124,118,17.287,44.95
124,119,14.986,43.46
124,120,16.651,43.29
124,121,11.466,33.25
124,122,2.948,9.43
124,123,5.045,16.14
124,125,13.786,35.84
124,126,2.86,9.15
124,127,1.292,4.13
124,128,11.907,38.1
124,129,18.884,49.1
124,130,19.48,56.49
124,131,1.625,4.23
124,132,20.219,58.64
124,133,18.285,58.51
124,134,6.411,18.59
124,135,3.928,11.39
124,136,18.557,59.38
124,137,19.11,61.15
124,138,11.46,36.67
124,139,19.34,50.28
124,140,6.027,15.67
124,141,17.119,49.64
124,142,18.817,60.21
124,143,2.598,6.75
124,144,6.349,18.41
124,145,14.732,42.72
124,146,4.664,12.13
124,147,3.03,8.79
124,148,18.831,60.26
124,149,8.644,25.07
124,150,1.681,4.37
124,151,4.142,10.77
124,152,13.215,42.29
124,153,12.835,37.22
124,154,13.191,42.21
124,155,6.07,19.43
124,156,2.042,6.53
124,157,16.087,41.83
124,158,10.947,28.46
124,159,17.338,55.48
124,160,14.501,37.7
124,161,13.274,38.49
124,162,16.794,48.7
124,163,10.623,33.99
124,164,9.531,30.5
124,165,4.56,14.59
124,166,10.197,26.51
124,167,11.126,35.6
124,168,12.677,36.76
124,169,6.482,20.74
124,170,8.159,26.11
124,171,16.096,46.68
124,172,17.669,56.54
124,173,18.999,60.8
124,174,14.726,42.7
124,175,7.209,18.74
124,176,11.918,38.14
124,177,12.515,40.05
124,178,3.07,7.98
124,179,15.394,40.03
124,180,16.83,43.76
124,181,8.339,24.18
124,182,15.96,41.49
124,183,2.698,8.63
124,184,11.795,34.21
124,185,16.052,46.55
124,186,18.925,60.56
124,187,15.529,45.04
124,188,14.717,47.09
124,189,18.196,52.77
124,190,12.73,36.92
124,191,16.43,47.65
124,192,8.4,24.36
124,193,11.758,34.1
124,194,17.798,46.28
124,195,3.794,9.86
124,196,16.871,48.93
124,197,20.123,64.39
124,198,9.761,31.24
124,199,16.775,48.65
124,200,20.372,52.97
125,0,12.736,29.29
125,1,15.527,31.05
125,2,13.439,30.91
125,3,17.917,35.83
125,4,12.837,25.67
125,5,19.654,45.2
125,6,21.121,54.91
125,7,20.09,46.21
125,8,19.059,38.12
125,9,24.24,63.02
125,10,6.87,15.8
125,11,21.849,56.81
125,12,18.461,42.46
125,13,20.382,40.76
125,14,14.493,33.33
125,15,4.401,11.44
125,16,11.573,23.15
125,17,21.742,43.48
125,18,16.386,37.69
125,19,14.709,29.42
125,20,3.406,6.81
125,21,22.059,57.35
125,22,17.191,34.38
125,23,6.989,16.07
125,24,13.06,33.96
125,25,4.238,11.02
125,26,6.473,14.89
125,27,3.037,6.99
125,28,3.04,7.9
125,29,5.919,15.39
125,30,13.932,32.04
125,31,17.603,40.49
125,32,19.807,45.56
125,33,20.886,41.77
125,34,24.383,48.77
125,35,18.578,37.16
125,36,14.891,29.78
125,37,16.151,41.99
125,38,13.761,35.78
125,39,19.171,44.09
125,40,23.372,60.77
125,41,15.654,36.0
125,42,15.953,36.69
125,43,24.83,64.56
125,44,15.99,41.57
125,45,20.176,46.4
125,46,16.333,42.47
125,47,15.338,30.68
125,48,16.047,41.72
125,49,19.498,44.84
125,50,5.635,11.27
125,51,24.283,48.57
125,52,5.388,14.01
125,53,18.262,42.0
125,54,2.292,5.96
125,55,17.026,39.16
125,56,18.076,36.15
125,57,14.697,38.21
125,58,15.709,31.42
125,59,14.298,37.17
125,60,16.19,42.09
125,61,19.553,39.11
125,62,14.787,38.45
125,63,15.606,31.21
125,64,18.932,37.86
125,65,5.438,12.51
125,66,1.408,3.24
125,67,15.192,39.5
125,68,7.371,16.95
125,69,15.178,30.36
125,70,13.97,32.13
125,71,20.959,41.92
125,72,13.397,30.81
125,73,16.375,42.57
125,74,5.215,13.56
125,75,16.105,41.87
125,76,17.212,39.59
125,77,2.108,4.85
125,78,6.002,12.0
125,79,17.661,35.32
125,80,7.875,18.11
125,81,26.218,60.3
125,82,15.206,30.41
125,83,5.091,10.18
125,84,0.754,1.96
125,85,6.861,15.78
125,86,18.106,41.64
125,87,24.064,48.13
125,88,19.865,45.69
125,89,12.346,24.69
125,90,13.93,32.04
125,91,15.342,35.29
125,92,23.65,54.39
125,93,7.094,18.44
125,94,17.713,35.43
125,95,19.379,50.39
125,96,18.567,42.7
125,97,15.106,30.21
125,98,19.242,38.48
125,99,18.528,42.61
125,100,23.062,53.04
125,101,18.228,41.93
125,102,14.53,33.42
125,103,3.842,9.99
125,104,15.679,36.06
125,105,3.423,8.9
125,106,20.852,41.7
125,107,15.491,30.98
125,108,4.253,9.78
125,109,16.571,33.14
125,110,20.425,46.98
125,111,3.432,7.89
125,112,18.698,37.4
125,113,16.518,42.95
125,114,16.091,32.18
125,115,20.934,41.87
125,116,7.354,19.12
125,117,16.204,37.27
125,118,15.869,31.74
125,119,21.084,48.49
125,120,22.378,44.76
125,121,19.409,44.64
125,122,16.518,42.95
125,123,15.285,39.74
125,124,13.786,35.84
125,126,12.818,33.33
125,127,14.046,36.52
125,128,18.981,49.35
125,129,17.733,35.47
125,130,17.223,39.61
125,131,15.402,30.8
125,132,16.577,38.13
125,133,15.835,41.17
125,134,19.995,45.99
125,135,14.041,32.29
125,136,15.59,40.53
125,137,17.449,45.37
125,138,6.724,17.48
125,139,24.915,49.83
125,140,18.397,36.79
125,141,15.087,34.7
125,142,17.353,45.12
125,143,15.924,31.85
125,144,18.164,41.78
125,145,21.443,49.32
125,146,18.198,36.4
125,147,16.308,37.51
125,148,15.89,41.31
125,149,5.174,11.9
125,150,15.222,30.44
125,151,17.869,35.74
125,152,22.169,57.64
125,153,19.99,45.98
125,154,4.361,11.34
125,155,18.093,47.04
125,156,14.592,37.94
125,157,21.928,43.86
125,158,7.031,14.06
125,159,21.302,55.38
125,160,19.29,38.58
125,161,0.525,1.21
125,162,24.894,57.26
125,163,3.345,8.7
125,164,5.014,13.04
125,165,18.284,47.54
125,166,6.835,13.67
125,167,5.017,13.04
125,168,1.532,3.52
125,169,16.573,43.09
125,170,21.538,56.0
125,171,14.363,33.04
125,172,17.062,44.36
125,173,26.718,69.47
125,174,13.47,30.98
125,175,20.614,41.23
125,176,1.87,4.86
125,177,5.176,13.46
125,178,16.123,32.25
125,179,2.54,5.08
125,180,15.417,30.83
125,181,6.278,14.44
125,182,14.737,29.47
125,183,15.148,39.38
125,184,19.668,45.24
125,185,14.252,32.78
125,186,15.218,39.57
125,187,25.698,59.11
125,188,10.824,28.14
125,189,15.079,34.68
125,190,4.154,9.55
125,191,23.291,53.57
125,192,6.363,14.63
125,193,18.498,42.55
125,194,16.601,33.2
125,195,15.284,30.57
125,196,24.806,57.05
125,197,15.535,40.39
125,198,18.177,47.26
125,199,15.86,36.48
125,200,17.515,35.03
126,0,5.322,15.43
126,1,16.775,43.62
126,2,1.72,4.99
126,3,16.122,41.92
126,4,11.96,31.1
126,5,6.892,19.99
126,6,13.175,42.16
126,7,11.67,33.84
126,8,8.113,21.09
126,9,13.813,44.2
126,10,6.836,19.82
126,11,12.37,39.59
126,12,17.357,50.34
126,13,11.973,31.13
126,14,1.767,5.13
126,15,8.419,26.94
126,16,16.583,43.12
126,17,13.637,35.46
126,18,3.865,11.21
126,19,13.624,35.42
126,20,12.419,32.29
126,21,13.977,44.73
126,22,14.943,38.85
126,23,7.299,21.17
126,24,2.822,9.03
126,25,9.507,30.42
126,26,11.355,32.93
126,27,12.153,35.24
126,28,10.14,32.45
126,29,12.235,39.15
126,30,1.519,4.41
126,31,4.819,13.98
126,32,10.412,30.19
126,33,9.981,25.95
126,34,14.189,36.89
126,35,15.818,41.13
126,36,2.412,6.27
126,37,14.955,47.85
126,38,13.463,43.08
126,39,6.429,18.64
126,40,10.975,35.12
126,41,3.797,11.01
126,42,3.3,9.57
126,43,14.041,44.93
126,44,13.44,43.01
126,45,10.452,30.31
126,46,4.276,13.68
126,47,2.835,7.37
126,48,4.821,15.43
126,49,8.478,24.59
126,50,9.879,25.69
126,51,15.883,41.3
126,52,11.304,36.17
126,53,9.471,27.47
126,54,10.527,33.69
126,55,4.514,13.09
126,56,16.933,44.03
126,57,3.116,9.97
126,58,14.4,37.44
126,59,13.747,43.99
126,60,4.265,13.65
126,61,21.324,55.44
126,62,13.119,41.98
126,63,13.858,36.03
126,64,7.349,19.11
126,65,8.692,25.21
126,66,12.314,35.71
126,67,11.099,35.52
126,68,8.779,25.46
126,69,3.395,8.83
126,70,3.16,9.16
126,71,10.695,27.81
126,72,1.529,4.43
126,73,13.424,42.96
126,74,9.029,28.89
126,75,4.483,14.34
126,76,6.255,18.14
126,77,13.688,39.7
126,78,6.851,17.81
126,79,5.086,13.22
126,80,11.54,33.47
126,81,17.141,49.71
126,82,2.4,6.24
126,83,8.708,22.64
126,84,12.6,40.32
126,85,8.221,23.84
126,86,5.319,15.43
126,87,14.558,37.85
126,88,12.033,34.9
126,89,0.611,1.59
126,90,13.74,39.85
126,91,2.685,7.79
126,92,13.085,37.95
126,93,8.272,26.47
126,94,5.097,13.25
126,95,7.208,23.07
126,96,5.846,16.95
126,97,2.368,6.16
126,98,7.874,20.47
126,99,7.857,22.79
126,100,12.129,35.17
126,101,5.419,15.72
126,102,13.353,38.72
126,103,9.036,28.91
126,104,4.811,13.95
126,105,9.467,30.3
126,106,9.889,25.71
126,107,11.99,31.18
126,108,9.713,28.17
126,109,5.079,13.21
126,110,11.106,32.21
126,111,10.748,31.17
126,112,8.513,22.13
126,113,4.696,15.03
126,114,4.989,12.97
126,115,11.266,29.29
126,116,9.574,30.64
126,117,3.588,10.41
126,118,14.437,37.54
126,119,12.58,36.48
126,120,14.237,37.01
126,121,9.289,26.94
126,122,4.15,13.28
126,123,3.07,9.82
126,124,2.86,9.15
126,125,12.818,33.33
126,127,1.939,6.2
126,128,9.552,30.57
126,129,16.025,41.66
126,130,16.633,48.23
126,131,3.965,10.31
126,132,17.41,50.49
126,133,15.453,49.45
126,134,8.617,24.99
126,135,1.625,4.71
126,136,15.74,50.37
126,137,16.254,52.01
126,138,9.279,29.69
126,139,16.97,44.12
126,140,5.615,14.6
126,141,14.286,41.43
126,142,15.96,51.07
126,143,5.308,13.8
126,144,5.515,15.99
126,145,12.43,36.05
126,146,5.624,14.62
126,147,3.729,10.81
126,148,16.01,51.23
126,149,7.701,22.33
126,150,3.119,8.11
126,151,6.279,16.33
126,152,11.409,36.51
126,153,10.544,30.58
126,154,11.394,36.46
126,155,5.379,17.21
126,156,2.019,6.46
126,157,13.674,35.55
126,158,8.729,22.7
126,159,14.705,47.06
126,160,11.885,30.9
126,161,12.34,35.79
126,162,14.873,43.13
126,163,9.489,30.37
126,164,8.054,25.77
126,165,5.964,19.08
126,166,8.064,20.97
126,167,9.314,29.81
126,168,11.513,33.39
126,169,4.636,14.84
126,170,8.768,28.06
126,171,13.267,38.48
126,172,14.809,47.39
126,173,17.043,54.54
126,174,11.902,34.52
126,175,9.541,24.81
126,176,10.979,35.13
126,177,10.584,33.87
126,178,3.452,8.97
126,179,14.033,36.48
126,180,13.983,36.36
126,181,6.757,19.6
126,182,13.116,34.1
126,183,2.401,7.68
126,184,9.619,27.89
126,185,13.226,38.36
126,186,16.136,51.64
126,187,14.215,41.22
126,188,12.069,38.62
126,189,15.391,44.63
126,190,10.983,31.85
126,191,14.215,41.22
126,192,6.753,19.58
126,193,9.328,27.05
126,194,14.942,38.85
126,195,2.522,6.56
126,196,14.911,43.24
126,197,17.363,55.56
126,198,7.602,24.33
126,199,13.919,40.37
126,200,17.534,45.59
127,0,7.145,20.72
127,1,18.699,48.62
127,2,3.266,9.47
127,3,17.938,46.64
127,4,13.881,36.09
127,5,5.687,16.49
127,6,14.381,46.02
127,7,12.85,37.26
127,8,6.18,16.07
127,9,14.371,45.99
127,10,7.58,21.98
127,11,13.267,42.46
127,12,19.193,55.66
127,13,13.141,34.17
127,14,1.101,3.19
127,15,9.704,31.05
127,16,18.496,48.09
127,17,14.794,38.46
127,18,2.345,6.8
127,19,15.515,40.34
127,20,13.988,36.37
127,21,15.126,48.4
127,22,16.755,43.56
127,23,9.053,26.25
127,24,1.74,5.57
127,25,11.059,35.39
127,26,13.153,38.14
127,27,13.688,39.7
127,28,11.555,36.98
127,29,13.994,44.78
127,30,0.496,1.44
127,31,4.265,12.37
127,32,11.432,33.15
127,33,10.544,27.41
127,34,14.808,38.5
127,35,17.578,45.7
127,36,0.907,2.36
127,37,16.821,53.83
127,38,15.38,49.22
127,39,5.187,15.04
127,40,10.661,34.11
127,41,1.887,5.47
127,42,1.997,5.79
127,43,14.465,46.29
127,44,15.265,48.85
127,45,11.381,33.0
127,46,2.443,7.82
127,47,1.322,3.44
127,48,2.884,9.23
127,49,9.096,26.38
127,50,11.609,30.18
127,51,16.903,43.95
127,52,13.031,41.7
127,53,10.698,31.02
127,54,11.767,37.65
127,55,2.979,8.64
127,56,18.773,48.81
127,57,1.192,3.81
127,58,16.27,42.3
127,59,15.654,50.09
127,60,2.387,7.64
127,61,23.234,60.41
127,62,14.996,47.99
127,63,15.717,40.87
127,64,5.468,14.22
127,65,9.434,27.36
127,66,13.688,39.69
127,67,12.888,41.24
127,68,10.62,30.8
127,69,1.462,3.8
127,70,1.521,4.41
127,71,11.447,29.76
127,72,0.651,1.89
127,73,15.224,48.72
127,74,10.678,34.17
127,75,2.555,8.18
127,76,7.114,20.63
127,77,15.107,43.81
127,78,8.05,20.93
127,79,3.617,9.41
127,80,13.408,38.88
127,81,17.972,52.12
127,82,2.208,5.74
127,83,10.312,26.81
127,84,13.747,43.99
127,85,10.009,29.03
127,86,4.707,13.65
127,87,15.36,39.94
127,88,13.311,38.6
127,89,2.008,5.22
127,90,15.657,45.4
127,91,1.464,4.25
127,92,13.624,39.51
127,93,10.082,32.26
127,94,4.898,12.73
127,95,7.28,23.29
127,96,5.377,15.59
127,97,1.45,3.77
127,98,5.971,15.52
127,99,8.665,25.13
127,100,12.573,36.46
127,101,4.684,13.58
127,102,15.245,44.21
127,103,10.38,33.22
127,104,2.902,8.42
127,105,10.633,34.02
127,106,10.434,27.13
127,107,13.793,35.86
127,108,11.286,32.73
127,109,3.15,8.19
127,110,12.107,35.11
127,111,12.286,35.63
127,112,9.436,24.53
127,113,2.806,8.98
127,114,3.055,7.94
127,115,12.166,31.63
127,116,11.422,36.55
127,117,2.203,6.39
127,118,16.301,42.38
127,119,13.699,39.73
127,120,15.364,39.95
127,121,10.174,29.5
127,122,2.486,7.95
127,123,3.753,12.01
127,124,1.292,4.13
127,125,14.046,36.52
127,126,1.939,6.2
127,128,10.618,33.98
127,129,17.848,46.4
127,130,18.502,53.65
127,131,2.029,5.27
127,132,19.319,56.03
127,133,17.344,55.5
127,134,6.723,19.5
127,135,2.688,7.79
127,136,17.645,56.47
127,137,18.1,57.92
127,138,11.083,35.47
127,139,18.05,46.93
127,140,4.999,13.0
127,141,16.178,46.92
127,142,17.801,56.96
127,143,3.41,8.87
127,144,5.215,15.12
127,145,13.441,38.98
127,146,4.153,10.8
127,147,2.285,6.63
127,148,17.911,57.32
127,149,8.872,25.73
127,150,1.258,3.27
127,151,4.382,11.39
127,152,11.951,38.24
127,153,11.543,33.48
127,154,13.041,41.73
127,155,4.965,15.89
127,156,0.806,2.58
127,157,14.8,38.48
127,158,10.545,27.42
127,159,16.084,51.47
127,160,13.246,34.44
127,161,13.547,39.29
127,162,15.521,45.01
127,163,10.787,34.52
127,164,9.522,30.47
127,165,4.297,13.75
127,166,9.843,25.59
127,167,10.958,35.07
127,168,12.841,37.24
127,169,5.196,16.63
127,170,7.557,24.18
127,171,15.163,43.97
127,172,16.623,53.19
127,173,17.725,56.72
127,174,13.804,40.03
127,175,7.626,19.83
127,176,12.18,38.98
127,177,12.289,39.32
127,178,2.174,5.65
127,179,15.477,40.24
127,180,15.855,41.22
127,181,8.265,23.97
127,182,14.995,38.99
127,183,1.505,4.82
127,184,10.503,30.46
127,185,15.125,43.86
127,186,18.057,57.78
127,187,14.352,41.62
127,188,14.006,44.82
127,189,17.304,50.18
127,190,12.606,36.56
127,191,15.138,43.9
127,192,8.294,24.05
127,193,10.476,30.38
127,194,16.786,43.64
127,195,2.517,6.54
127,196,15.594,45.22
127,197,19.293,61.74
127,198,8.469,27.1
127,199,15.768,45.73
127,200,19.417,50.48
128,0,6.298,18.27
128,1,13.531,35.18
128,2,7.851,22.77
128,3,10.698,27.82
128,4,9.842,25.59
128,5,10.087,29.25
128,6,3.848,12.31
128,7,2.322,6.73
128,8,14.908,38.76
128,9,5.293,16.94
128,10,15.234,44.18
128,11,2.973,9.51
128,12,12.024,34.87
128,13,2.58,6.71
128,14,9.545,27.68
128,15,15.136,48.43
128,16,16.258,42.27
128,17,4.196,10.91
128,18,10.327,29.95
128,19,10.101,26.26
128,20,16.921,44.0
128,21,4.52,14.46
128,22,9.665,25.13
128,23,11.992,34.78
128,24,12.184,38.99
128,25,14.765,47.25
128,26,14.19,41.15
128,27,16.91,49.04
128,28,15.943,51.02
128,29,15.273,48.87
128,30,10.167,29.48
128,31,7.996,23.19
128,32,0.889,2.58
128,33,2.92,7.59
128,34,5.403,14.05
128,35,9.718,25.27
128,36,10.173,26.45
128,37,10.57,33.83
128,38,10.722,34.31
128,39,10.089,29.26
128,40,7.641,24.45
128,41,11.512,33.38
128,42,9.834,28.52
128,43,6.002,19.21
128,44,8.726,27.92
128,45,1.202,3.49
128,46,11.4,36.48
128,47,10.184,26.48
128,48,12.681,40.58
128,49,2.749,7.97
128,50,13.819,35.93
128,51,6.332,16.46
128,52,14.865,47.57
128,53,1.034,3.0
128,54,16.994,54.38
128,55,10.514,30.49
128,56,11.723,30.48
128,57,11.546,36.95
128,58,10.218,26.57
128,59,10.606,33.94
128,60,11.597,37.11
128,61,17.014,44.24
128,62,9.417,30.13
128,63,9.608,24.98
128,64,13.617,35.41
128,65,16.837,48.83
128,66,17.908,51.93
128,67,6.684,21.39
128,68,11.983,34.75
128,69,11.449,29.77
128,70,12.136,35.2
128,71,2.179,5.66
128,72,10.696,31.02
128,73,8.352,26.73
128,74,13.828,44.25
128,75,12.086,38.68
128,76,3.564,10.34
128,77,18.844,54.65
128,78,14.221,36.98
128,79,10.475,27.23
128,80,13.372,38.78
128,81,7.711,22.36
128,82,8.549,22.23
128,83,13.892,36.12
128,84,19.108,61.15
128,85,12.226,35.46
128,86,8.039,23.31
128,87,5.244,13.64
128,88,3.022,8.76
128,89,10.103,26.27
128,90,10.909,31.64
128,91,9.767,28.33
128,92,4.776,13.85
128,93,12.039,38.53
128,94,7.003,18.21
128,95,5.416,17.33
128,96,7.535,21.85
128,97,9.472,24.63
128,98,14.236,37.01
128,99,2.298,6.66
128,100,4.514,13.09
128,101,8.373,24.28
128,102,9.928,28.79
128,103,15.388,49.24
128,104,12.998,37.7
128,105,16.386,52.43
128,106,2.998,7.79
128,107,7.403,19.25
128,108,14.797,42.91
128,109,12.523,32.56
128,110,1.585,4.6
128,111,15.786,45.78
128,112,1.383,3.6
128,113,11.922,38.15
128,114,12.889,33.51
128,115,1.963,5.1
128,116,12.378,39.61
128,117,9.997,28.99
128,118,10.128,26.33
128,119,3.085,8.95
128,120,4.748,12.35
128,121,1.126,3.26
128,122,10.777,34.49
128,123,6.87,21.98
128,124,11.907,38.1
128,125,18.981,49.35
128,126,9.552,30.57
128,127,10.618,33.98
128,129,10.714,27.86
128,130,11.984,34.75
128,131,12.055,31.34
128,132,13.584,39.39
128,133,11.5,36.8
128,134,14.69,42.6
128,135,8.057,23.37
128,136,12.085,38.67
128,137,11.269,36.06
128,138,12.715,40.69
128,139,7.44,19.34
128,140,8.008,20.82
128,141,10.605,30.75
128,142,10.937,35.0
128,143,13.484,35.06
128,144,7.123,20.66
128,145,2.884,8.36
128,146,10.65,27.69
128,147,10.134,29.39
128,148,12.204,39.05
128,149,14.951,43.36
128,150,10.95,28.47
128,151,13.012,33.83
128,152,3.605,11.54
128,153,1.053,3.05
128,154,15.576,49.84
128,155,7.478,23.93
128,156,9.942,31.81
128,157,4.185,10.88
128,158,12.242,31.83
128,159,5.92,18.94
128,160,3.317,8.62
128,161,18.654,54.1
128,162,5.928,17.19
128,163,15.93,50.98
128,164,14.134,45.23
128,165,11.531,36.9
128,166,12.214,31.76
128,167,14.066,45.01
128,168,17.451,50.61
128,169,5.59,17.89
128,170,10.842,34.69
128,171,9.97,28.91
128,172,9.592,30.69
128,173,7.884,25.23
128,174,9.217,26.73
128,175,15.714,40.86
128,176,17.518,56.06
128,177,14.527,46.48
128,178,9.782,25.43
128,179,19.002,49.4
128,180,9.934,25.83
128,181,13.069,37.9
128,182,9.458,24.59
128,183,9.429,30.17
128,184,1.09,3.16
128,185,10.018,29.05
128,186,12.913,41.32
128,187,7.387,21.42
128,188,11.634,37.23
128,189,12.038,34.91
128,190,15.439,44.77
128,191,4.72,13.69
128,192,12.917,37.46
128,193,0.541,1.57
128,194,10.17,26.44
128,195,8.218,21.37
128,196,5.862,17.0
128,197,14.329,45.85
128,198,2.318,7.42
128,199,9.462,27.44
128,200,13.023,33.86
129,0,10.709,24.63
129,1,3.89,7.78
129,2,14.606,33.59
129,3,0.191,0.38
129,4,5.084,10.17
129,5,19.857,45.67
129,6,8.9,23.14
129,7,9.348,21.5
129,8,23.637,47.27
129,9,14.162,36.82
129,10,18.04,41.49
129,11,11.455,29.78
129,12,1.381,3.18
129,13,9.387,18.77
129,14,17.096,39.32
129,15,15.949,41.47
129,16,8.695,17.39
129,17,9.336,18.67
129,18,18.777,43.19
129,19,3.071,6.14
129,20,14.467,28.93
129,21,9.424,24.5
129,22,1.124,2.25
129,23,12.556,28.88
129,24,18.749,48.75
129,25,14.154,36.8
129,26,11.263,25.91
129,27,14.749,33.92
129,28,15.375,39.97
129,29,11.951,31.07
129,30,17.359,39.93
129,31,17.293,39.77
129,32,10.767,24.76
129,33,13.563,27.13
129,34,13.826,27.65
129,35,1.458,2.92
129,36,17.9,35.8
129,37,1.582,4.11
129,38,3.972,10.33
129,39,19.696,45.3
129,40,18.349,47.71
129,41,19.462,44.76
129,42,18.138,41.72
129,43,15.171,39.44
129,44,2.585,6.72
129,45,11.353,26.11
129,46,19.676,51.16
129,47,18.143,36.29
129,48,20.633,53.65
129,49,13.372,30.76
129,50,12.331,24.66
129,51,10.967,21.93
129,52,12.346,32.1
129,53,9.762,22.45
129,54,16.773,43.61
129,55,19.222,44.21
129,56,1.018,2.04
129,57,19.03,49.48
129,58,2.052,4.1
129,59,3.435,8.93
129,60,19.78,51.43
129,61,6.307,12.61
129,62,3.216,8.36
129,63,2.346,4.69
129,64,22.546,45.09
129,65,18.792,43.22
129,66,16.331,37.56
129,67,4.994,12.99
129,68,11.046,25.41
129,69,19.181,38.36
129,70,19.184,44.12
129,71,12.449,24.9
129,72,17.55,40.36
129,73,2.662,6.92
129,74,13.25,34.45
129,75,20.158,52.41
129,76,12.968,29.83
129,77,16.438,37.81
129,78,16.175,32.35
129,79,19.455,38.91
129,80,9.864,22.69
129,81,13.131,30.2
129,82,16.567,33.13
129,83,13.683,27.37
129,84,18.249,47.45
129,85,11.92,27.42
129,86,17.544,40.35
129,87,12.505,25.01
129,88,8.456,19.45
129,89,16.277,32.55
129,90,3.811,8.76
129,91,17.769,40.87
129,92,14.105,32.44
129,93,11.637,30.26
129,94,16.467,32.93
129,95,15.728,40.89
129,96,17.29,39.77
129,97,17.373,34.75
129,98,23.159,46.32
129,99,12.603,28.99
129,100,14.515,33.38
129,101,17.883,41.13
129,102,3.293,7.57
129,103,15.681,40.77
129,104,20.738,47.7
129,105,16.926,44.01
129,106,13.661,27.32
129,107,4.071,8.14
129,108,13.98,32.15
129,109,20.727,41.45
129,110,10.774,24.78
129,111,14.432,33.19
129,112,11.846,23.69
129,113,20.199,52.52
129,114,20.827,41.65
129,115,11.459,22.92
129,116,10.696,27.81
129,117,18.403,42.33
129,118,1.913,3.83
129,119,9.706,22.32
129,120,9.641,19.28
129,121,11.838,27.23
129,122,19.224,49.98
129,123,14.969,38.92
129,124,18.884,49.1
129,125,17.733,35.47
129,126,16.025,41.66
129,127,17.848,46.4
129,128,10.714,27.86
129,130,1.48,3.4
129,131,19.812,39.62
129,132,3.361,7.73
129,133,2.155,5.6
129,134,23.784,54.7
129,135,15.316,35.23
129,136,2.705,7.03
129,137,0.679,1.77
129,138,11.445,29.76
129,139,10.733,21.47
129,140,17.634,35.27
129,141,2.646,6.09
129,142,0.479,1.25
129,143,21.25,42.5
129,144,16.77,38.57
129,145,10.585,24.34
129,146,19.815,39.63
129,147,18.572,42.72
129,148,2.552,6.63
129,149,16.45,37.83
129,150,18.764,37.53
129,151,21.656,43.31
129,152,13.78,35.83
129,153,10.878,25.02
129,154,13.372,34.77
129,155,17.05,44.33
129,156,17.524,45.56
129,157,9.621,19.24
129,158,11.416,22.83
129,159,7.094,18.45
129,160,7.789,15.58
129,161,17.691,40.69
129,162,13.812,31.77
129,163,16.092,41.84
129,164,14.736,38.31
129,165,20.587,53.53
129,166,12.065,24.13
129,167,13.296,34.57
129,168,16.439,37.81
129,169,14.555,37.84
129,170,21.037,54.7
129,171,3.451,7.94
129,172,1.242,3.23
129,173,14.375,37.37
129,174,4.662,10.72
129,175,24.812,49.62
129,176,17.197,44.71
129,177,12.617,32.8
129,178,18.176,36.35
129,179,16.328,32.66
129,180,2.406,4.81
129,181,14.506,33.36
129,182,3.247,6.49
129,183,17.357,45.13
129,184,11.771,27.07
129,185,3.552,8.17
129,186,3.581,9.31
129,187,17.156,39.46
129,188,6.909,17.96
129,189,3.1,7.13
129,190,13.605,31.29
129,191,11.438,26.31
129,192,14.297,32.88
129,193,10.307,23.71
129,194,1.204,2.41
129,195,16.299,32.6
129,196,13.549,31.16
129,197,4.62,12.01
129,198,12.414,32.28
129,199,2.19,5.04
129,200,2.423,4.85
130,0,11.368,29.56
130,1,2.518,5.79
130,2,15.302,39.79
130,3,1.605,3.69
130,4,5.063,11.64
130,5,20.846,54.2
130,6,10.349,30.01
130,7,10.734,27.91
130,8,24.414,56.15
130,9,15.602,45.25
130,10,18.094,47.04
130,11,12.872,37.33
130,12,1.265,3.29
130,13,10.789,24.81
130,14,17.811,46.31
130,15,15.794,45.8
130,16,7.509,17.27
130,17,10.797,24.83
130,18,19.577,50.9
130,19,3.091,7.11
130,20,13.885,31.94
130,21,10.892,31.59
130,22,2.338,5.38
130,23,12.532,32.58
130,24,19.292,55.95
130,25,13.866,40.21
130,26,10.765,27.99
130,27,14.201,36.92
130,28,15.041,43.62
130,29,11.346,32.9
130,30,18.02,46.85
130,31,18.24,47.43
130,32,12.092,31.44
130,33,14.865,34.19
130,34,15.277,35.14
130,35,2.925,6.73
130,36,18.618,42.82
130,37,1.682,4.88
130,38,3.675,10.66
130,39,20.659,53.71
130,40,19.624,56.91
130,41,20.179,52.47
130,42,18.93,49.22
130,43,16.607,48.16
130,44,3.427,9.94
130,45,12.684,32.98
130,46,20.436,59.26
130,47,18.887,43.44
130,48,21.331,61.86
130,49,14.593,37.94
130,50,12.003,27.61
130,51,12.447,28.63
130,52,11.851,34.37
130,53,11.006,28.62
130,54,16.44,47.68
130,55,20.052,52.13
130,56,0.968,2.23
130,57,19.691,57.11
130,58,2.233,5.13
130,59,3.196,9.27
130,60,20.525,59.52
130,61,5.073,11.67
130,62,3.518,10.2
130,63,2.795,6.43
130,64,23.366,53.74
130,65,18.706,48.63
130,66,15.815,41.12
130,67,5.872,17.03
130,68,10.896,28.33
130,69,19.873,45.71
130,70,19.783,51.44
130,71,13.791,31.72
130,72,18.161,47.22
130,73,3.686,10.69
130,74,13.012,37.74
130,75,20.88,60.55
130,76,14.032,36.48
130,77,15.798,41.07
130,78,16.173,37.2
130,79,20.321,46.74
130,80,9.365,24.35
130,81,14.61,37.99
130,82,17.357,39.92
130,83,13.478,31.0
130,84,17.781,51.56
130,85,11.805,30.69
130,86,18.518,48.15
130,87,13.971,32.13
130,88,9.854,25.62
130,89,16.838,38.73
130,90,3.44,8.94
130,91,18.528,48.17
130,92,15.525,40.37
130,93,11.528,33.43
130,94,17.452,40.14
130,95,16.858,48.89
130,96,18.306,47.6
130,97,18.127,41.69
130,98,23.972,55.14
130,99,13.78,35.83
130,100,15.9,41.34
130,101,18.853,49.02
130,102,3.36,8.74
130,103,15.461,44.84
130,104,21.403,55.65
130,105,16.697,48.42
130,106,14.958,34.4
130,107,4.951,11.39
130,108,13.669,35.54
130,109,21.46,49.36
130,110,12.137,31.56
130,111,14.019,36.45
130,112,13.06,30.04
130,113,20.951,60.76
130,114,21.52,49.49
130,115,12.83,29.51
130,116,10.45,30.3
130,117,19.204,49.93
130,118,2.204,5.07
130,119,11.134,28.95
130,120,11.112,25.56
130,121,13.103,34.07
130,122,20.016,58.05
130,123,15.814,45.86
130,124,19.48,56.49
130,125,17.223,39.61
130,126,16.633,48.23
130,127,18.502,53.65
130,128,11.984,34.75
130,129,1.48,3.4
130,131,20.496,47.14
130,132,1.885,4.9
130,133,1.422,4.12
130,134,24.619,64.01
130,135,16.047,41.72
130,136,1.665,4.83
130,137,0.803,2.33
130,138,11.211,32.51
130,139,12.202,28.06
130,140,18.625,42.84
130,141,2.466,6.41
130,142,1.094,3.17
130,143,21.911,50.4
130,144,17.777,46.22
130,145,12.006,31.22
130,146,20.705,47.62
130,147,19.374,50.37
130,148,1.399,4.06
130,149,16.374,42.57
130,150,19.477,44.8
130,151,22.442,51.62
130,152,15.145,43.92
130,153,12.212,31.75
130,154,12.876,37.34
130,155,18.042,52.32
130,156,18.233,52.88
130,157,11.082,25.49
130,158,11.256,25.89
130,159,8.574,24.86
130,160,9.17,21.09
130,161,17.224,44.78
130,162,15.276,39.72
130,163,15.838,45.93
130,164,14.6,42.34
130,165,21.45,62.2
130,166,11.965,27.52
130,167,13.026,37.77
130,168,16.003,41.61
130,169,15.518,45.0
130,170,22.099,64.09
130,171,3.48,9.05
130,172,2.397,6.95
130,173,15.855,45.98
130,174,4.847,12.6
130,175,25.639,58.97
130,176,16.836,48.82
130,177,12.205,35.4
130,178,18.979,43.65
130,179,15.651,36.0
130,180,2.649,6.09
130,181,14.503,37.71
130,182,3.525,8.11
130,183,18.115,52.53
130,184,13.056,33.95
130,185,3.552,9.23
130,186,2.351,6.82
130,187,18.573,48.29
130,188,6.493,18.83
130,189,2.164,5.63
130,190,13.155,34.2
130,191,12.903,33.55
130,192,14.295,37.17
130,193,11.553,30.04
130,194,1.856,4.27
130,195,17.103,39.34
130,196,15.016,39.04
130,197,3.194,9.26
130,198,13.571,39.36
130,199,2.788,7.25
130,200,1.041,2.39
131,0,9.129,21.0
131,1,20.724,41.45
131,2,5.206,11.97
131,3,19.898,39.8
131,4,15.906,31.81
131,5,5.076,11.67
131,6,15.883,41.3
131,7,14.345,32.99
131,8,4.184,8.37
131,9,15.308,39.8
131,10,8.664,19.93
131,11,14.522,37.76
131,12,21.165,48.68
131,13,14.622,29.24
131,14,2.739,6.3
131,15,11.175,29.05
131,16,20.482,40.96
131,17,16.251,32.5
131,18,2.032,4.67
131,19,17.525,35.05
131,20,15.654,31.31
131,21,16.573,43.09
131,22,18.712,37.42
131,23,10.912,25.1
131,24,2.343,6.09
131,25,12.734,33.11
131,26,15.032,34.57
131,27,15.327,35.25
131,28,13.108,34.08
131,29,15.833,41.16
131,30,2.488,5.72
131,31,4.693,10.79
131,32,12.819,29.48
131,33,11.563,23.13
131,34,15.794,31.59
131,35,19.498,39.0
131,36,1.964,3.93
131,37,18.814,48.92
131,38,17.403,45.25
131,39,4.579,10.53
131,40,10.827,28.15
131,41,0.611,1.41
131,42,2.295,5.28
131,43,15.276,39.72
131,44,17.233,44.81
131,45,12.693,29.19
131,46,1.183,3.07
131,47,1.872,3.74
131,48,0.856,2.23
131,49,10.206,23.47
131,50,13.432,26.86
131,51,18.224,36.45
131,52,14.846,38.6
131,53,12.258,28.19
131,54,13.162,34.22
131,55,2.336,5.37
131,56,20.748,41.5
131,57,0.864,2.25
131,58,18.266,36.53
131,59,17.672,45.95
131,60,0.944,2.46
131,61,25.252,50.5
131,62,16.997,44.19
131,63,17.707,35.41
131,64,3.624,7.25
131,65,10.442,24.02
131,66,15.181,34.92
131,67,14.835,38.57
131,68,12.545,28.85
131,69,0.64,1.28
131,70,1.435,3.3
131,71,12.609,25.22
131,72,2.521,5.8
131,73,17.176,44.66
131,74,12.44,32.34
131,75,0.704,1.83
131,76,8.493,19.53
131,77,16.629,38.25
131,78,9.489,18.98
131,79,2.909,5.82
131,80,15.352,35.31
131,81,19.117,43.97
131,82,3.537,7.07
131,83,12.038,24.08
131,84,15.031,39.08
131,85,11.891,27.35
131,86,4.995,11.49
131,87,16.505,33.01
131,88,14.88,34.22
131,89,3.967,7.93
131,90,17.68,40.66
131,91,2.29,5.27
131,92,14.556,33.48
131,93,11.982,31.15
131,94,5.582,11.16
131,95,7.993,20.78
131,96,5.727,13.17
131,97,2.615,5.23
131,98,4.059,8.12
131,99,9.946,22.88
131,100,13.436,30.9
131,101,4.833,11.12
131,102,17.256,39.69
131,103,11.888,30.91
131,104,0.961,2.21
131,105,11.982,31.15
131,106,11.44,22.88
131,107,15.748,31.5
131,108,12.977,29.85
131,109,1.215,2.43
131,110,13.466,30.97
131,111,13.937,32.05
131,112,10.785,21.57
131,113,1.142,2.97
131,114,1.028,2.06
131,115,13.439,26.88
131,116,13.351,34.71
131,117,2.232,5.13
131,118,18.293,36.59
131,119,15.135,34.81
131,120,16.791,33.58
131,121,11.475,26.39
131,122,1.756,4.57
131,123,5.269,13.7
131,124,1.625,4.23
131,125,15.402,30.8
131,126,3.965,10.31
131,127,2.029,5.27
131,128,12.055,31.34
131,129,19.812,39.62
131,130,20.496,47.14
131,132,21.338,49.08
131,133,19.353,50.32
131,134,4.826,11.1
131,135,4.522,10.4
131,136,19.662,51.12
131,137,20.08,52.21
131,138,12.974,33.73
131,139,19.415,38.83
131,140,5.237,10.47
131,141,18.188,41.83
131,142,19.778,51.42
131,143,1.473,2.95
131,144,5.759,13.24
131,145,14.79,34.02
131,146,3.321,6.64
131,147,2.158,4.96
131,148,19.926,51.81
131,149,10.267,23.61
131,150,1.117,2.23
131,151,2.525,5.05
131,152,12.918,33.59
131,153,12.911,29.69
131,154,14.784,38.44
131,155,5.428,14.11
131,156,2.304,5.99
131,157,16.23,32.46
131,158,12.449,24.9
131,159,17.714,46.06
131,160,14.88,29.76
131,161,14.889,34.24
131,162,16.525,38.01
131,163,12.248,31.85
131,164,11.146,28.98
131,165,3.045,7.92
131,166,11.719,23.44
131,167,12.713,33.05
131,168,14.301,32.89
131,169,6.475,16.83
131,170,6.787,17.65
131,171,17.176,39.5
131,172,18.582,48.31
131,173,18.735,48.71
131,174,15.821,36.39
131,175,5.671,11.34
131,176,13.535,35.19
131,177,14.087,36.63
131,178,2.399,4.8
131,179,17.019,34.04
131,180,17.852,35.7
131,181,9.942,22.87
131,182,16.997,33.99
131,183,2.651,6.89
131,184,11.797,27.13
131,185,17.139,39.42
131,186,20.082,52.21
131,187,14.888,34.24
131,188,16.026,41.67
131,189,19.325,44.45
131,190,14.329,32.96
131,191,16.392,37.7
131,192,9.997,22.99
131,193,11.978,27.55
131,194,18.766,37.53
131,195,3.863,7.73
131,196,16.63,38.25
131,197,21.321,55.43
131,198,9.802,25.49
131,199,17.751,40.83
131,200,21.42,42.84
132,0,12.274,31.91
132,1,1.06,2.44
132,2,16.199,42.12
132,3,3.49,8.03
132,4,5.477,12.6
132,5,22.063,57.36
132,6,12.17,35.29
132,7,12.476,32.44
132,8,25.352,58.31
132,9,17.404,50.47
132,10,18.167,47.23
132,11,14.646,42.47
132,12,2.813,7.31
132,13,12.549,28.86
132,14,18.709,48.64
132,15,15.626,45.32
132,16,6.059,13.94
132,17,12.635,29.06
132,18,20.567,53.47
132,19,3.875,8.91
132,20,13.183,30.32
132,21,12.741,36.95
132,22,4.101,9.43
132,23,12.584,32.72
132,24,19.967,57.9
132,25,13.553,39.3
132,26,10.237,26.62
132,27,13.54,35.2
132,28,14.651,42.49
132,29,10.658,30.91
132,30,18.85,49.01
132,31,19.419,50.49
132,32,13.757,35.77
132,33,16.491,37.93
132,34,17.097,39.32
132,35,4.809,11.06
132,36,19.515,44.88
132,37,3.014,8.74
132,38,3.963,11.49
132,39,21.844,56.8
132,40,21.202,61.49
132,41,21.065,54.77
132,42,19.915,51.78
132,43,18.403,53.37
132,44,4.866,14.11
132,45,14.352,37.31
132,46,21.372,61.98
132,47,19.814,45.57
132,48,22.185,64.34
132,49,16.121,41.91
132,50,11.674,26.85
132,51,14.327,32.95
132,52,11.302,32.78
132,53,12.582,32.71
132,54,16.034,46.5
132,55,21.076,54.8
132,56,2.714,6.24
132,57,20.51,59.48
132,58,3.408,7.84
132,59,3.666,10.63
132,60,21.442,62.18
132,61,3.914,9.0
132,62,4.494,13.03
132,63,4.033,9.28
132,64,24.363,56.04
132,65,18.595,48.35
132,66,15.176,39.46
132,67,7.171,20.8
132,68,10.824,28.14
132,69,20.73,47.68
132,70,20.524,53.36
132,71,15.47,35.58
132,72,18.93,49.22
132,73,5.235,15.18
132,74,12.78,37.06
132,75,21.768,63.13
132,76,15.376,39.98
132,77,14.993,38.98
132,78,16.196,37.25
132,79,21.389,49.19
132,80,8.877,23.08
132,81,16.493,42.88
132,82,18.349,42.2
132,83,13.28,30.54
132,84,17.184,49.83
132,85,11.757,30.57
132,86,19.728,51.29
132,87,15.816,36.38
132,88,11.614,30.2
132,89,17.556,40.38
132,90,3.686,9.58
132,91,19.474,50.63
132,92,17.301,44.98
132,93,11.493,33.33
132,94,18.682,42.97
132,95,18.267,52.97
132,96,19.569,50.88
132,97,19.071,43.86
132,98,24.957,57.4
132,99,15.261,39.68
132,100,17.628,45.83
132,101,20.055,52.14
132,102,4.133,10.75
132,103,15.214,44.12
132,104,22.217,57.76
132,105,16.423,47.63
132,106,16.577,38.13
132,107,6.3,14.49
132,108,13.329,34.66
132,109,22.357,51.42
132,110,13.847,36.0
132,111,13.539,35.2
132,112,14.588,33.55
132,113,21.874,63.43
132,114,22.366,51.44
132,115,14.547,33.46
132,116,10.266,29.77
132,117,20.198,52.51
132,118,3.474,7.99
132,119,12.926,33.61
132,120,12.968,29.83
132,121,14.691,38.2
132,122,20.994,60.88
132,123,16.886,48.97
132,124,20.219,58.64
132,125,16.577,38.13
132,126,17.41,50.49
132,127,19.319,56.03
132,128,13.584,39.39
132,129,3.361,7.73
132,130,1.885,4.9
132,131,21.338,49.08
132,133,2.132,6.18
132,134,25.63,66.64
132,135,16.979,44.14
132,136,1.686,4.89
132,137,2.682,7.78
132,138,11.021,31.96
132,139,14.086,32.4
132,140,19.855,45.67
132,141,3.228,8.39
132,142,2.945,8.54
132,143,22.717,52.25
132,144,19.031,49.48
132,145,13.788,35.85
132,146,21.8,50.14
132,147,20.369,52.96
132,148,1.457,4.23
132,149,16.3,42.38
132,150,20.359,46.83
132,151,23.4,53.82
132,152,16.848,48.86
132,153,13.886,36.1
132,154,12.304,35.68
132,155,19.276,55.9
132,156,19.12,55.45
132,157,12.92,29.72
132,158,11.161,25.67
132,159,10.448,30.3
132,160,10.912,25.1
132,161,16.633,43.25
132,162,17.117,44.5
132,163,15.541,45.07
132,164,14.475,41.98
132,165,22.508,65.27
132,166,11.932,27.44
132,167,12.752,36.98
132,168,15.465,40.21
132,169,16.733,48.53
132,170,23.402,67.87
132,171,4.19,10.89
132,172,4.13,11.98
132,173,17.732,51.42
132,174,5.52,14.35
132,175,26.636,61.26
132,176,16.389,47.53
132,177,11.76,34.11
132,178,19.977,45.95
132,179,14.799,34.04
132,180,3.755,8.64
132,181,14.546,37.82
132,182,4.477,10.3
132,183,19.063,55.28
132,184,14.668,38.14
132,185,4.214,10.96
132,186,1.435,4.16
132,187,20.34,52.88
132,188,6.266,18.17
132,189,2.025,5.27
132,190,12.642,32.87
132,191,14.747,38.34
132,192,14.344,37.3
132,193,13.128,34.13
132,194,3.449,7.93
132,195,18.115,41.67
132,196,16.86,43.84
132,197,1.431,4.15
132,198,15.029,43.58
132,199,4.14,10.76
132,200,1.237,2.85
133,0,10.247,29.72
133,1,2.098,5.45
133,2,14.183,41.13
133,3,2.343,6.09
133,4,3.695,9.61
133,5,19.949,57.85
133,6,10.32,33.02
133,7,10.5,30.45
133,8,23.327,60.65
133,9,15.496,49.59
133,10,16.697,48.42
133,11,12.702,40.65
133,12,2.627,7.62
133,13,10.595,27.55
133,14,16.695,48.42
133,15,14.374,46.0
133,16,6.562,17.06
133,17,10.822,28.14
133,18,18.518,53.7
133,19,1.829,4.75
133,20,12.514,32.54
133,21,10.96,35.07
133,22,2.363,6.14
133,23,11.127,32.27
133,24,18.068,57.82
133,25,12.445,39.82
133,26,9.369,27.17
133,27,12.82,37.18
133,28,13.623,43.59
133,29,9.979,31.93
133,30,16.868,48.92
133,31,17.312,50.2
133,32,11.709,33.96
133,33,14.415,37.48
133,34,15.221,39.58
133,35,3.496,9.09
133,36,17.503,45.51
133,37,0.998,3.19
133,38,2.263,7.24
133,39,19.737,57.24
133,40,19.101,61.12
133,41,19.059,55.27
133,42,17.867,51.82
133,43,16.481,52.74
133,44,2.776,8.88
133,45,12.305,35.68
133,46,19.345,61.9
133,47,17.789,46.25
133,48,20.195,64.62
133,49,14.008,40.62
133,50,10.585,27.52
133,51,12.695,33.01
133,52,10.455,33.46
133,53,10.49,30.42
133,54,15.023,48.07
133,55,19.015,55.14
133,56,2.245,5.84
133,57,18.535,59.31
133,58,1.286,3.34
133,59,1.809,5.79
133,60,19.423,62.15
133,61,5.95,15.47
133,62,2.392,7.66
133,63,1.908,4.96
133,64,22.314,58.02
133,65,17.289,50.14
133,66,14.428,41.84
133,67,5.04,16.13
133,68,9.478,27.49
133,69,18.737,48.72
133,70,18.589,53.91
133,71,13.428,34.91
133,72,16.979,49.24
133,73,3.188,10.2
133,74,11.59,37.09
133,75,19.762,63.24
133,76,13.245,38.41
133,77,14.447,41.9
133,78,14.768,38.4
133,79,19.313,50.21
133,80,7.967,23.1
133,81,14.891,43.18
133,82,16.297,42.37
133,83,12.056,31.35
133,84,16.384,52.43
133,85,10.389,30.13
133,86,17.614,51.08
133,87,14.006,36.42
133,88,9.665,28.03
133,89,15.63,40.64
133,90,2.022,5.86
133,91,17.441,50.58
133,92,15.352,44.52
133,93,10.113,32.36
133,94,16.564,43.07
133,95,16.136,51.63
133,96,17.446,50.59
133,97,17.039,44.3
133,98,22.913,59.57
133,99,13.138,38.1
133,100,15.622,45.31
133,101,17.943,52.04
133,102,2.099,6.09
133,103,14.039,44.93
133,104,20.246,58.71
133,105,15.276,48.88
133,106,14.497,37.69
133,107,4.173,10.85
133,108,12.249,35.52
133,109,20.347,52.9
133,110,11.834,34.32
133,111,12.61,36.57
133,112,12.477,32.44
133,113,19.852,63.53
133,114,20.38,52.99
133,115,12.539,32.6
133,116,9.028,28.89
133,117,18.147,52.63
133,118,1.374,3.57
133,119,11.017,31.95
133,120,11.209,29.14
133,121,12.6,36.54
133,122,18.95,60.64
133,123,14.806,47.38
133,124,18.285,58.51
133,125,15.835,41.17
133,126,15.453,49.45
133,127,17.344,55.5
133,128,11.5,36.8
133,129,2.155,5.6
133,130,1.422,4.12
133,131,19.353,50.32
133,132,2.132,6.18
133,134,23.576,68.37
133,135,14.949,43.35
133,136,0.65,2.08
133,137,1.671,5.35
133,138,9.789,31.32
133,139,12.591,32.74
133,140,17.738,46.12
133,141,1.166,3.38
133,142,1.686,5.4
133,143,20.75,53.95
133,144,16.909,49.04
133,145,11.859,34.39
133,146,19.716,51.26
133,147,18.318,53.12
133,148,0.704,2.25
133,149,14.959,43.38
133,150,18.355,47.72
133,151,21.365,55.55
133,152,14.822,47.43
133,153,11.844,34.35
133,154,11.481,36.74
133,155,17.158,54.9
133,156,17.112,54.76
133,157,11.106,28.88
133,158,9.837,25.58
133,159,8.801,28.16
133,160,8.945,23.26
133,161,15.826,45.9
133,162,15.29,44.34
133,163,14.416,46.13
133,164,13.182,42.18
133,165,20.436,65.4
133,166,10.55,27.43
133,167,11.604,37.13
133,168,14.599,42.34
133,169,14.617,46.77
133,170,21.276,68.08
133,171,2.19,6.35
133,172,2.337,7.48
133,173,16.059,51.39
133,174,3.567,10.35
133,175,24.588,63.93
133,176,15.422,49.35
133,177,10.795,34.55
133,178,17.925,46.6
133,179,14.313,37.21
133,180,1.623,4.22
133,181,13.099,37.99
133,182,2.381,6.19
133,183,17.029,54.49
133,184,12.587,36.5
133,185,2.242,6.5
133,186,1.589,5.09
133,187,18.373,53.28
133,188,5.077,16.24
133,189,0.949,2.75
133,190,11.752,34.08
133,191,12.94,37.53
133,192,12.892,37.39
133,193,11.035,32.0
133,194,1.575,4.09
133,195,16.056,41.75
133,196,15.044,43.63
133,197,2.905,9.3
133,198,12.903,41.29
133,199,2.038,5.91
133,200,2.105,5.47
134,0,13.364,34.75
134,1,25.098,57.72
134,2,9.486,24.66
134,3,23.847,54.85
134,4,20.297,46.68
134,5,4.838,12.58
134,6,18.486,53.61
134,7,16.997,44.19
134,8,1.15,2.64
134,9,16.543,47.98
134,10,13.145,34.18
134,11,16.569,48.05
134,12,25.16,65.42
134,13,17.228,39.62
134,14,7.029,18.28
134,15,15.883,46.06
134,16,25.199,57.96
134,17,18.724,43.06
134,18,5.064,13.17
134,19,21.765,50.06
134,20,20.445,47.02
134,21,19.007,55.12
134,22,22.663,52.12
134,23,15.733,40.9
134,24,7.058,20.47
134,25,17.534,50.85
134,26,19.849,51.61
134,27,20.106,52.28
134,28,17.851,51.77
134,29,20.658,59.91
134,30,7.099,18.46
134,31,6.731,17.5
134,32,15.284,39.74
134,33,13.275,30.53
134,34,17.12,39.38
134,35,23.283,53.55
134,36,6.254,14.38
134,37,22.944,66.54
134,38,21.762,63.11
134,39,4.685,12.18
134,40,10.683,30.98
134,41,4.836,12.57
134,42,5.717,14.86
134,43,16.213,47.02
134,44,21.25,61.63
134,45,14.991,38.98
134,46,4.355,12.63
134,47,5.891,13.55
134,48,4.043,11.73
134,49,12.259,31.87
134,50,18.258,41.99
134,51,20.272,46.63
134,52,19.672,57.05
134,53,15.178,39.46
134,54,17.804,51.63
134,55,4.567,11.87
134,56,24.761,56.95
134,57,5.669,16.44
134,58,22.417,51.56
134,59,21.978,63.74
134,60,4.352,12.62
134,61,29.522,67.9
134,62,21.187,61.44
134,63,21.828,50.2
134,64,1.278,2.94
134,65,14.802,38.49
134,66,19.877,51.68
134,67,18.799,54.52
134,68,17.339,45.08
134,69,5.277,12.14
134,70,6.167,16.03
134,71,14.559,33.49
134,72,7.299,18.98
134,73,21.121,61.25
134,74,17.262,50.06
134,75,4.188,12.14
134,76,11.31,29.41
134,77,21.338,55.48
134,78,14.197,32.65
134,79,4.352,10.01
134,80,20.131,52.34
134,81,20.683,53.78
134,82,7.281,16.75
134,83,16.855,38.77
134,84,19.566,56.74
134,85,16.706,43.44
134,86,6.651,17.29
134,87,18.181,41.82
134,88,17.699,46.02
134,89,8.727,20.07
134,90,22.034,57.29
134,91,6.19,16.09
134,92,15.827,41.15
134,93,16.79,48.69
134,94,7.702,17.71
134,95,9.544,27.68
134,96,7.189,18.69
134,97,6.592,15.16
134,98,0.769,1.77
134,99,12.398,32.23
134,100,14.627,38.03
134,101,6.318,16.43
134,102,21.502,55.9
134,103,16.614,48.18
134,104,4.339,11.28
134,105,16.602,48.15
134,106,13.135,30.21
134,107,19.727,45.37
134,108,17.782,46.23
134,109,3.615,8.31
134,110,15.828,41.15
134,111,18.725,48.69
134,112,13.312,30.62
134,113,3.922,11.38
134,114,3.957,9.1
134,115,15.597,35.87
134,116,18.142,52.61
134,117,5.432,14.12
134,118,22.422,51.57
134,119,17.601,45.76
134,120,19.165,44.08
134,121,13.836,35.97
134,122,4.645,13.47
134,123,8.816,25.57
134,124,6.411,18.59
134,125,19.995,45.99
134,126,8.617,24.99
134,127,6.723,19.5
134,128,14.69,42.6
134,129,23.784,54.7
134,130,24.619,64.01
134,131,4.826,11.1
134,132,25.63,66.64
134,133,23.576,68.37
134,135,8.676,22.56
134,136,23.944,69.44
134,137,24.127,69.97
134,138,17.786,51.58
134,139,21.537,49.54
134,140,6.693,15.39
134,141,22.423,58.3
134,142,23.809,69.05
134,143,4.071,9.36
134,144,7.57,19.68
134,145,17.055,44.34
134,146,4.069,9.36
134,147,5.261,13.68
134,148,24.189,70.15
134,149,14.938,38.84
134,150,5.498,12.65
134,151,2.341,5.39
134,152,14.39,41.73
134,153,15.325,39.85
134,154,19.601,56.84
134,155,7.213,20.92
134,156,6.661,19.32
134,157,18.636,42.86
134,158,17.255,39.69
134,159,20.603,59.75
134,160,17.874,41.11
134,161,19.474,50.63
134,162,17.854,46.42
134,163,16.942,49.13
134,164,15.932,46.2
134,165,3.226,9.35
134,166,16.536,38.03
134,167,17.534,50.85
134,168,18.981,49.35
134,169,9.402,27.27
134,170,5.283,15.32
134,171,21.44,55.74
134,172,22.542,65.37
134,173,19.98,57.94
134,174,20.125,52.32
134,175,1.037,2.39
134,176,18.143,52.61
134,177,18.913,54.85
134,178,5.652,13.0
134,179,21.741,50.0
134,180,22.014,50.63
134,181,14.75,38.35
134,182,21.196,48.75
134,183,6.594,19.12
134,184,14.115,36.7
134,185,21.416,55.68
134,186,24.444,70.89
134,187,15.198,39.51
134,188,20.633,59.84
134,189,23.647,61.48
134,190,19.141,49.77
134,191,18.344,47.69
134,192,14.811,38.51
134,193,14.776,38.42
134,194,22.821,52.49
134,195,7.52,17.3
134,196,18.03,46.88
134,197,25.739,74.64
134,198,12.383,35.91
134,199,21.835,56.77
134,200,25.588,58.85
135,0,4.705,12.23
135,1,16.426,37.78
135,2,0.838,2.18
135,3,15.397,35.41
135,4,11.622,26.73
135,5,6.043,15.71
135,6,11.761,34.11
135,7,10.238,26.62
135,8,8.378,19.27
135,9,12.195,35.37
135,10,8.358,21.73
135,11,10.818,31.37
135,12,16.675,43.36
135,13,10.535,24.23
135,14,1.785,4.64
135,15,9.65,27.98
135,16,16.729,38.48
135,17,12.196,28.05
135,18,3.623,9.42
135,19,13.128,30.19
135,20,13.331,30.66
135,21,12.532,36.34
135,22,14.21,32.68
135,23,8.023,20.86
135,24,4.133,11.98
135,25,10.474,30.38
135,26,11.91,30.96
135,27,13.105,34.07
135,28,11.238,32.59
135,29,12.863,37.3
135,30,2.199,5.72
135,31,3.623,9.42
135,32,8.9,23.14
135,33,8.36,19.23
135,34,12.579,28.93
135,35,14.977,34.45
135,36,2.585,5.95
135,37,14.365,41.66
135,38,13.09,37.96
135,39,5.639,14.66
135,40,9.486,27.51
135,41,4.147,10.78
135,42,2.97,7.72
135,43,12.416,36.01
135,44,12.743,36.96
135,45,8.906,23.16
135,46,4.396,12.75
135,47,2.842,6.54
135,48,5.325,15.44
135,49,6.86,17.84
135,50,10.59,24.36
135,51,14.381,33.08
135,52,11.999,34.8
135,53,8.062,20.96
135,54,11.762,34.11
135,55,4.19,10.89
135,56,16.262,37.4
135,57,3.798,11.01
135,58,13.825,31.8
135,59,13.319,38.62
135,60,4.478,12.99
135,61,20.882,48.03
135,62,12.572,36.46
135,63,13.252,30.48
135,64,7.401,17.02
135,65,10.196,26.51
135,66,13.425,34.91
135,67,10.329,29.95
135,68,9.272,24.11
135,69,3.884,8.93
135,70,4.189,10.89
135,71,9.103,20.94
135,72,2.652,6.89
135,73,12.67,36.74
135,74,9.88,28.65
135,75,4.843,14.04
135,76,4.671,12.14
135,77,14.747,38.34
135,78,8.17,18.79
135,79,4.625,10.64
135,80,11.908,30.96
135,81,15.576,40.5
135,82,1.486,3.42
135,83,9.626,22.14
135,84,13.879,40.25
135,85,8.852,23.02
135,86,4.12,10.71
135,87,12.983,29.86
135,88,10.662,27.72
135,89,2.234,5.14
135,90,13.363,34.75
135,91,2.496,6.49
135,92,11.466,29.81
135,93,8.853,25.67
135,94,3.68,8.46
135,95,5.637,16.35
135,96,4.53,11.78
135,97,2.092,4.81
135,98,7.986,18.37
135,99,6.268,16.3
135,100,10.504,27.31
135,101,4.296,11.17
135,102,12.862,33.44
135,103,10.211,29.61
135,104,5.469,14.22
135,105,10.765,31.22
135,106,8.267,19.01
135,107,11.246,25.87
135,108,10.653,27.7
135,109,5.416,12.46
135,110,9.588,24.93
135,111,11.714,30.46
135,112,6.959,16.01
135,113,4.905,14.23
135,114,5.522,12.7
135,115,9.713,22.34
135,116,10.033,29.1
135,117,3.265,8.49
135,118,13.843,31.84
135,119,11.117,28.91
135,120,12.781,29.4
135,121,7.725,20.09
135,122,4.031,11.69
135,123,1.449,4.2
135,124,3.928,11.39
135,125,14.041,32.29
135,126,1.625,4.71
135,127,2.688,7.79
135,128,8.057,23.37
135,129,15.316,35.23
135,130,16.047,41.72
135,131,4.522,10.4
135,132,16.979,44.14
135,133,14.949,43.35
135,134,8.676,22.56
135,136,15.294,44.35
135,137,15.604,45.25
135,138,9.853,28.57
135,139,15.495,35.64
135,140,4.399,10.12
135,141,13.789,35.85
135,142,15.296,44.36
135,143,5.985,13.77
135,144,4.126,10.73
135,145,10.919,28.39
135,146,5.12,11.78
135,147,3.434,8.93
135,148,15.546,45.08
135,149,9.02,23.45
135,150,3.451,7.94
135,151,6.422,14.77
135,152,9.789,28.39
135,153,9.024,23.46
135,154,12.214,35.42
135,155,4.057,11.76
135,156,2.219,6.43
135,157,12.217,28.1
135,158,9.286,21.36
135,159,13.411,38.89
135,160,10.574,24.32
135,161,13.581,35.31
135,162,13.268,34.5
135,163,10.695,31.02
135,164,9.137,26.5
135,165,5.675,16.46
135,166,8.717,20.05
135,167,10.168,29.49
135,168,12.671,32.94
135,169,3.012,8.74
135,170,7.855,22.78
135,171,12.793,33.26
135,172,14.081,40.83
135,173,15.445,44.79
135,174,11.463,29.8
135,175,9.669,22.24
135,176,12.237,35.49
135,177,11.327,32.85
135,178,3.058,7.03
135,179,15.065,34.65
135,180,13.415,30.85
135,181,7.831,20.36
135,182,12.576,28.93
135,183,2.086,6.05
135,184,8.056,20.95
135,185,12.765,33.19
135,186,15.774,45.74
135,187,12.605,32.77
135,188,12.037,34.91
135,189,14.985,38.96
135,190,11.843,30.79
135,191,12.675,32.95
135,192,7.791,20.26
135,193,7.873,20.47
135,194,14.289,32.87
135,195,1.387,3.19
135,196,13.311,34.61
135,197,17.063,49.48
135,198,6.027,17.48
135,199,13.282,34.53
135,200,16.991,39.08
136,0,10.589,30.71
136,1,1.465,3.81
136,2,14.516,42.1
136,3,2.886,7.5
136,4,3.846,10.0
136,5,20.392,59.14
136,6,10.965,35.09
136,7,11.127,32.27
136,8,23.669,61.54
136,9,16.133,51.63
136,10,16.721,48.49
136,11,13.335,42.67
136,12,2.93,8.5
136,13,11.227,29.19
136,14,17.027,49.38
136,15,14.305,45.78
136,16,5.991,15.58
136,17,11.47,29.82
136,18,18.881,54.76
136,19,2.195,5.71
136,20,12.24,31.82
136,21,11.609,37.15
136,22,3.008,7.82
136,23,11.138,32.3
136,24,18.316,58.61
136,25,12.318,39.42
136,26,9.147,26.53
136,27,12.563,36.43
136,28,13.469,43.1
136,29,9.699,31.04
136,30,17.175,49.81
136,31,17.743,51.46
136,32,12.312,35.71
136,33,15.002,39.01
136,34,15.863,41.24
136,35,4.096,10.65
136,36,17.833,46.37
136,37,1.646,5.27
136,38,2.341,7.49
136,39,20.169,58.49
136,40,19.669,62.94
136,41,19.384,56.21
136,42,18.229,52.86
136,43,17.116,54.77
136,44,3.377,10.81
136,45,12.908,37.43
136,46,19.688,63.0
136,47,18.13,47.14
136,48,20.508,65.63
136,49,14.565,42.24
136,50,10.445,27.16
136,51,13.345,34.7
136,52,10.231,32.74
136,53,11.069,32.1
136,54,14.866,47.57
136,55,19.39,56.23
136,56,2.602,6.76
136,57,18.837,60.28
136,58,1.874,4.87
136,59,1.994,6.38
136,60,19.759,63.23
136,61,5.591,14.54
136,62,2.831,9.06
136,63,2.477,6.44
136,64,22.678,58.96
136,65,17.245,50.01
136,66,14.182,41.13
136,67,5.556,17.78
136,68,9.436,27.36
136,69,19.052,49.53
136,70,18.861,54.7
136,71,14.033,36.48
136,72,17.262,50.06
136,73,3.809,12.19
136,74,11.492,36.77
136,75,20.087,64.28
136,76,13.741,39.85
136,77,14.141,41.01
136,78,14.772,38.41
136,79,19.704,51.23
136,80,7.753,22.48
136,81,15.54,45.07
136,82,16.663,43.32
136,83,11.972,31.13
136,84,16.158,51.71
136,85,10.359,30.04
136,86,18.057,52.37
136,87,14.654,38.1
136,88,10.298,29.86
136,89,15.896,41.33
136,90,2.07,6.0
136,91,17.789,51.59
136,92,15.982,46.35
136,93,10.087,32.28
136,94,17.015,44.24
136,95,16.649,53.28
136,96,17.908,51.93
136,97,17.386,45.2
136,98,23.272,60.51
136,99,13.681,39.67
136,100,16.239,47.09
136,101,18.383,53.31
136,102,2.449,7.1
136,103,13.94,44.61
136,104,20.544,59.58
136,105,15.168,48.54
136,106,15.082,39.21
136,107,4.718,12.27
136,108,12.111,35.12
136,109,20.676,53.76
136,110,12.45,36.11
136,111,12.42,36.02
136,112,13.036,33.89
136,113,20.191,64.61
136,114,20.69,53.79
136,115,13.157,34.21
136,116,8.94,28.61
136,117,18.512,53.68
136,118,1.985,5.16
136,119,11.656,33.8
136,120,11.858,30.83
136,121,13.179,38.22
136,122,19.309,61.79
136,123,15.202,48.65
136,124,18.557,59.38
136,125,15.59,40.53
136,126,15.74,50.37
136,127,17.645,56.47
136,128,12.085,38.67
136,129,2.705,7.03
136,130,1.665,4.83
136,131,19.662,51.12
136,132,1.686,4.89
136,133,0.65,2.08
136,134,23.944,69.44
136,135,15.294,44.35
136,137,2.14,6.85
136,138,9.702,31.05
136,139,13.234,34.41
136,140,18.188,47.29
136,141,1.56,4.52
136,142,2.226,7.12
136,143,21.046,54.72
136,144,17.368,50.37
136,145,12.495,36.23
136,146,20.116,52.3
136,147,18.683,54.18
136,148,0.313,1.0
136,149,14.927,43.29
136,150,18.679,48.57
136,151,21.716,56.46
136,152,15.433,49.39
136,153,12.45,36.1
136,154,11.253,36.01
136,155,17.609,56.35
136,156,17.439,55.8
136,157,11.754,30.56
136,158,9.787,25.45
136,159,9.45,30.24
136,160,9.576,24.9
136,161,15.602,45.25
136,162,15.936,46.21
136,163,14.299,45.76
136,164,13.127,42.01
136,165,20.823,66.63
136,166,10.526,27.37
136,167,11.489,36.77
136,168,14.392,41.74
136,169,15.065,48.21
136,170,21.748,69.59
136,171,2.504,7.26
136,172,2.985,9.55
136,173,16.71,53.47
136,174,3.842,11.14
136,175,24.951,64.87
136,176,15.25,48.8
136,177,10.612,33.96
136,178,18.292,47.56
136,179,13.99,36.37
136,180,2.157,5.61
136,181,13.109,38.01
136,182,2.809,7.3
136,183,17.378,55.61
136,184,13.173,38.2
136,185,2.529,7.34
136,186,0.94,3.01
136,187,18.999,55.1
136,188,4.942,15.81
136,189,0.511,1.48
136,190,11.546,33.48
136,191,13.588,39.41
136,192,12.904,37.42
136,193,11.612,33.68
136,194,2.225,5.78
136,195,16.43,42.72
136,196,15.691,45.5
136,197,2.273,7.27
136,198,13.438,43.0
136,199,2.638,7.65
136,200,2.024,5.26
137,0,10.956,31.77
137,1,3.236,8.41
137,2,14.876,43.14
137,3,0.818,2.13
137,4,4.981,12.95
137,5,20.274,58.79
137,6,9.555,30.58
137,7,9.966,28.9
137,8,23.952,62.27
137,9,14.812,47.4
137,10,18.011,52.23
137,11,12.091,38.69
137,12,1.144,3.32
137,13,10.014,26.04
137,14,17.377,50.39
137,15,15.823,50.63
137,16,8.117,21.1
137,17,9.998,26.0
137,18,19.1,55.39
137,19,2.952,7.68
137,20,14.149,36.79
137,21,10.091,32.29
137,22,1.605,4.17
137,23,12.484,36.2
137,24,18.949,60.64
137,25,13.965,44.69
137,26,10.977,31.83
137,27,14.446,41.89
137,28,15.167,48.53
137,29,11.619,37.18
137,30,17.615,51.08
137,31,17.688,51.3
137,32,11.352,32.92
137,33,14.137,36.76
137,34,14.482,37.65
137,35,2.133,5.55
137,36,18.183,47.28
137,37,1.413,4.52
137,38,3.729,11.93
137,39,20.1,58.29
137,40,18.91,60.51
137,41,19.746,57.26
137,42,18.458,53.53
137,43,15.818,50.62
137,44,2.876,9.2
137,45,11.941,34.63
137,46,19.981,63.94
137,47,18.439,47.94
137,48,20.909,66.91
137,49,13.903,40.32
137,50,12.122,31.52
137,51,11.646,30.28
137,52,12.063,38.6
137,53,10.303,29.88
137,54,16.567,53.02
137,55,19.56,56.73
137,56,0.707,1.84
137,57,19.287,61.72
137,58,1.967,5.11
137,59,3.207,10.26
137,60,20.078,64.25
137,61,5.748,14.95
137,62,3.238,10.36
137,63,2.416,6.28
137,64,22.881,59.49
137,65,18.699,54.23
137,66,16.044,46.53
137,67,5.332,17.06
137,68,10.914,31.65
137,69,19.453,50.58
137,70,19.411,56.29
137,71,13.044,33.91
137,72,17.782,51.57
137,73,3.058,9.79
137,74,13.083,41.86
137,75,20.445,65.42
137,76,13.419,38.91
137,77,16.096,46.68
137,78,16.118,41.91
137,79,19.811,51.51
137,80,9.574,27.77
137,81,13.811,40.05
137,82,16.885,43.9
137,83,13.531,35.18
137,84,17.984,57.55
137,85,11.805,34.24
137,86,17.953,52.06
137,87,13.171,34.24
137,88,9.081,26.33
137,89,16.484,42.86
137,90,3.533,10.24
137,91,18.072,52.41
137,92,14.743,42.76
137,93,11.525,36.88
137,94,16.881,43.89
137,95,16.214,51.88
137,96,17.719,51.39
137,97,17.674,45.95
137,98,23.491,61.08
137,99,13.111,38.02
137,100,15.134,43.89
137,101,18.29,53.04
137,102,3.202,9.29
137,103,15.525,49.68
137,104,20.997,60.89
137,105,16.767,53.66
137,106,14.232,37.0
137,107,4.403,11.45
137,108,13.78,39.96
137,109,21.019,54.65
137,110,11.38,33.0
137,111,14.188,41.14
137,112,12.373,32.17
137,113,20.5,65.6
137,114,21.1,54.86
137,115,12.069,31.38
137,116,10.52,33.66
137,117,18.727,54.31
137,118,1.876,4.88
137,119,10.348,30.01
137,120,10.311,26.81
137,121,12.392,35.94
137,122,19.544,62.54
137,123,15.312,49.0
137,124,19.11,61.15
137,125,17.449,45.37
137,126,16.254,52.01
137,127,18.1,57.92
137,128,11.269,36.06
137,129,0.679,1.77
137,130,0.803,2.33
137,131,20.08,52.21
137,132,2.682,7.78
137,133,1.671,5.35
137,134,24.127,69.97
137,135,15.604,45.25
137,136,2.14,6.85
137,138,11.276,36.08
137,139,11.411,29.67
137,140,18.051,46.93
137,141,2.418,7.01
137,142,0.335,1.07
137,143,21.508,55.92
137,144,17.194,49.86
137,145,11.223,32.55
137,146,20.183,52.48
137,147,18.897,54.8
137,148,1.948,6.23
137,149,16.36,47.44
137,150,19.046,49.52
137,151,21.975,57.13
137,152,14.387,46.04
137,153,11.468,33.26
137,154,13.09,41.89
137,155,17.467,55.9
137,156,17.803,56.97
137,157,10.284,26.74
137,158,11.28,29.33
137,159,7.771,24.87
137,160,8.404,21.85
137,161,17.426,50.54
137,162,14.477,41.98
137,163,15.921,50.95
137,164,14.617,46.77
137,165,20.942,67.02
137,166,11.958,31.09
137,167,13.114,41.96
137,168,16.187,46.94
137,169,14.956,47.86
137,170,21.49,68.77
137,171,3.346,9.7
137,172,1.687,5.4
137,173,15.053,48.17
137,174,4.651,13.49
137,175,25.151,65.39
137,176,16.979,54.33
137,177,12.371,39.59
137,178,18.501,48.1
137,179,15.97,41.52
137,180,2.372,6.17
137,181,14.447,41.9
137,182,3.258,8.47
137,183,17.659,56.51
137,184,12.335,35.77
137,185,3.436,9.96
137,186,2.969,9.5
137,187,17.793,51.6
137,188,6.644,21.26
137,189,2.581,7.48
137,190,13.344,38.7
137,191,12.103,35.1
137,192,14.238,41.29
137,193,10.849,31.46
137,194,1.315,3.42
137,195,16.623,43.22
137,196,14.216,41.23
137,197,3.952,12.65
137,198,12.912,41.32
137,199,2.334,6.77
137,200,1.783,4.64
138,0,6.835,19.82
138,1,10.06,26.16
138,2,9.055,26.26
138,3,11.619,30.21
138,4,6.38,16.59
138,5,15.896,46.1
138,6,14.494,46.38
138,7,13.558,39.32
138,8,17.134,44.55
138,9,18.007,57.62
138,10,7.302,21.18
138,11,15.453,49.45
138,12,12.37,35.87
138,13,13.838,35.98
138,14,11.021,31.96
138,15,4.608,14.75
138,16,7.88,20.49
138,17,15.119,39.31
138,18,13.135,38.09
138,19,8.374,21.77
138,20,4.208,10.94
138,21,15.427,49.37
138,22,10.757,27.97
138,23,2.095,6.08
138,24,10.931,34.98
138,25,2.726,8.72
138,26,2.076,6.02
138,27,4.223,12.25
138,28,3.988,12.76
138,29,3.015,9.65
138,30,10.755,31.19
138,31,13.396,38.85
138,32,13.483,39.1
138,33,14.968,38.92
138,34,18.079,47.0
138,35,12.111,31.49
138,36,11.688,30.39
138,37,9.895,31.66
138,38,7.557,24.18
138,39,15.486,44.91
138,40,18.215,58.29
138,41,12.963,37.59
138,42,12.542,36.37
138,43,18.696,59.83
138,44,9.44,30.21
138,45,13.915,40.35
138,46,13.516,43.25
138,47,12.114,31.5
138,48,13.797,44.15
138,49,13.721,39.79
138,50,1.129,2.93
138,51,17.649,45.89
138,52,2.258,7.22
138,53,11.892,34.49
138,54,5.367,17.18
138,55,13.777,39.95
138,56,11.953,31.08
138,57,12.121,38.79
138,58,9.393,24.42
138,59,8.07,25.83
138,60,13.47,43.11
138,61,14.578,37.9
138,62,8.325,26.64
138,63,9.183,23.88
138,64,16.545,43.02
138,65,7.574,21.96
138,66,5.442,15.78
138,67,8.472,27.11
138,68,0.732,2.12
138,69,12.511,32.53
138,70,11.738,34.04
138,71,14.811,38.51
138,72,10.489,30.42
138,73,9.783,31.31
138,74,1.807,5.78
138,75,13.598,43.51
138,76,11.632,33.73
138,77,6.17,17.89
138,78,5.302,13.78
138,79,14.321,37.23
138,80,2.578,7.48
138,81,19.641,56.96
138,82,11.299,29.38
138,83,2.27,5.9
138,84,7.085,22.67
138,85,1.087,3.15
138,86,13.871,40.23
138,87,17.606,45.78
138,88,13.257,38.45
138,89,9.077,23.6
138,90,7.776,22.55
138,91,11.942,34.63
138,92,17.48,50.69
138,93,1.008,3.22
138,94,13.172,34.25
138,95,14.255,45.62
138,96,14.129,40.97
138,97,11.59,30.13
138,98,17.024,44.26
138,99,12.691,36.8
138,100,17.045,49.43
138,101,14.092,40.87
138,102,8.157,23.66
138,103,4.252,13.61
138,104,13.62,39.5
138,105,5.492,17.57
138,106,14.96,38.89
138,107,8.807,22.9
138,108,2.586,7.5
138,109,14.176,36.86
138,110,14.052,40.75
138,111,3.298,9.56
138,112,12.673,32.95
138,113,13.886,44.44
138,114,13.921,36.2
138,115,14.621,38.02
138,116,0.762,2.44
138,117,12.838,37.23
138,118,9.535,24.79
138,119,14.532,42.14
138,120,15.747,40.94
138,121,13.31,38.6
138,122,13.429,42.97
138,123,10.689,34.2
138,124,11.46,36.67
138,125,6.724,17.48
138,126,9.279,29.69
138,127,11.083,35.47
138,128,12.715,40.69
138,129,11.445,29.76
138,130,11.211,32.51
138,131,12.974,33.73
138,132,11.021,31.96
138,133,9.789,31.32
138,134,17.786,51.58
138,135,9.853,28.57
138,136,9.702,31.05
138,137,11.276,36.08
138,139,18.231,47.4
138,140,14.125,36.72
138,141,8.858,25.69
138,142,11.122,35.59
138,143,14.034,36.49
138,144,13.632,39.53
138,145,14.966,43.4
138,146,14.849,38.61
138,147,12.988,37.67
138,148,10.015,32.05
138,149,5.299,15.37
138,150,12.334,32.07
138,151,15.451,40.17
138,152,16.128,51.61
138,153,13.668,39.64
138,154,2.862,9.16
138,155,13.679,43.77
138,156,11.298,36.15
138,157,15.319,39.83
138,158,0.571,1.48
138,159,14.582,46.66
138,160,12.65,32.89
138,161,6.547,18.99
138,162,18.53,53.74
138,163,4.647,14.87
138,164,3.457,11.06
138,165,15.241,48.77
138,166,1.27,3.3
138,167,1.859,5.95
138,168,5.256,15.24
138,169,11.584,37.07
138,170,17.696,56.63
138,171,7.997,23.19
138,172,10.62,33.98
138,173,20.236,64.76
138,174,6.927,20.09
138,175,18.644,48.47
138,176,5.824,18.64
138,177,1.812,5.8
138,178,12.679,32.97
138,179,6.297,16.37
138,180,9.051,23.53
138,181,3.761,10.91
138,182,8.281,21.53
138,183,11.612,37.16
138,184,13.531,39.24
138,185,7.893,22.89
138,186,9.587,30.68
138,187,19.822,57.48
138,188,4.769,15.26
138,189,9.205,26.69
138,190,2.757,7.99
138,191,16.771,48.64
138,192,3.588,10.4
138,193,12.2,35.38
138,194,10.26,26.68
138,195,11.239,29.22
138,196,18.414,53.4
138,197,10.327,33.05
138,198,12.336,39.48
138,199,9.413,27.3
138,200,11.721,30.48
139,0,13.022,29.95
139,1,14.582,29.16
139,2,15.258,35.09
139,3,10.597,21.19
139,4,13.145,26.29
139,5,16.726,38.47
139,6,3.943,10.25
139,7,5.339,12.28
139,8,21.922,43.84
139,9,5.793,15.06
139,10,22.241,51.15
139,11,4.977,12.94
139,12,11.485,26.42
139,13,5.028,10.06
139,14,16.97,39.03
139,15,21.592,56.14
139,16,18.935,37.87
139,17,3.388,6.78
139,18,17.595,40.47
139,19,12.172,24.34
139,20,22.279,44.56
139,21,3.043,7.91
139,22,10.228,20.46
139,23,18.14,41.72
139,24,19.624,51.02
139,25,20.711,53.85
139,26,19.145,44.03
139,27,22.389,51.49
139,28,21.978,57.14
139,29,20.142,52.37
139,30,17.603,40.49
139,31,15.086,34.7
139,32,6.618,15.22
139,33,8.269,16.54
139,34,5.187,10.37
139,35,9.278,18.56
139,36,17.573,35.15
139,37,11.631,30.24
139,38,13.178,34.26
139,39,16.853,38.76
139,40,12.147,31.58
139,41,18.852,43.36
139,42,17.152,39.45
139,43,6.661,17.32
139,44,10.401,27.04
139,45,6.724,15.46
139,46,18.675,48.56
139,47,17.554,35.11
139,48,19.993,51.98
139,49,9.343,21.49
139,50,19.353,38.71
139,51,1.282,2.56
139,52,20.056,52.15
139,53,7.543,17.35
139,54,23.206,60.33
139,55,17.699,40.71
139,56,11.436,22.87
139,57,18.949,49.27
139,58,11.635,23.27
139,59,12.782,33.23
139,60,18.888,49.11
139,61,16.206,32.41
139,62,11.659,30.31
139,63,11.254,22.51
139,64,20.588,41.18
139,65,23.693,54.49
139,66,23.671,54.44
139,67,9.995,25.99
139,68,17.554,40.38
139,69,18.824,37.65
139,70,19.565,45.0
139,71,6.983,13.97
139,72,18.136,41.71
139,73,9.888,25.71
139,74,19.718,51.27
139,75,19.388,50.41
139,76,10.95,25.19
139,77,24.32,55.94
139,78,20.968,41.94
139,79,17.56,35.12
139,80,17.979,41.35
139,81,2.583,5.94
139,82,15.949,31.9
139,83,19.923,39.85
139,84,25.189,65.49
139,85,18.074,41.57
139,86,15.018,34.54
139,87,3.68,7.36
139,88,5.211,11.98
139,89,17.508,35.02
139,90,13.217,30.4
139,91,17.141,39.42
139,92,6.28,14.44
139,93,17.83,46.36
139,94,14.086,28.17
139,95,11.997,31.19
139,96,14.396,33.11
139,97,16.865,33.73
139,98,21.187,42.37
139,99,9.47,21.78
139,100,7.375,16.96
139,101,15.324,35.24
139,102,12.163,27.97
139,103,21.69,56.39
139,104,20.342,46.79
139,105,22.819,59.33
139,106,8.409,16.82
139,107,10.04,20.08
139,108,20.669,47.54
139,109,19.783,39.57
139,110,5.953,13.69
139,111,21.518,49.49
139,112,8.636,17.27
139,113,19.181,49.87
139,114,20.199,40.4
139,115,6.007,12.01
139,116,17.685,45.98
139,117,17.287,39.76
139,118,11.464,22.93
139,119,4.393,10.1
139,120,2.755,5.51
139,121,7.941,18.26
139,122,18.029,46.88
139,123,14.297,37.17
139,124,19.34,50.28
139,125,24.915,49.83
139,126,16.97,44.12
139,127,18.05,46.93
139,128,7.44,19.34
139,129,10.733,21.47
139,130,12.202,28.06
139,131,19.415,38.83
139,132,14.086,32.4
139,133,12.591,32.74
139,134,21.537,49.54
139,135,15.495,35.64
139,136,13.234,34.41
139,137,11.411,29.67
139,138,18.231,47.4
139,140,14.916,29.83
139,141,12.311,28.32
139,142,11.177,29.06
139,143,20.814,41.63
139,144,14.094,32.42
139,145,4.625,10.64
139,146,17.642,35.28
139,147,17.411,40.05
139,148,13.172,34.25
139,149,21.605,49.69
139,150,18.323,36.65
139,151,20.122,40.24
139,152,7.298,18.97
139,153,6.513,14.98
139,154,20.953,54.48
139,155,14.463,37.6
139,156,17.359,45.13
139,157,3.309,6.62
139,158,17.887,35.77
139,159,3.911,10.17
139,160,5.674,11.35
139,161,24.679,56.76
139,162,4.676,10.75
139,163,22.218,57.77
139,164,20.463,53.2
139,165,18.531,48.18
139,166,18.121,36.24
139,167,19.901,51.74
139,168,23.404,53.83
139,169,12.945,33.66
139,170,16.961,44.1
139,171,12.294,28.28
139,172,10.261,26.68
139,173,4.025,10.46
139,174,12.389,28.49
139,175,22.52,45.04
139,176,23.719,61.67
139,177,19.947,51.86
139,178,17.082,34.16
139,179,24.373,48.75
139,180,11.61,23.22
139,181,19.596,45.07
139,182,11.719,23.44
139,183,16.821,43.73
139,184,7.622,17.53
139,185,12.395,28.51
139,186,14.171,36.85
139,187,8.746,20.12
139,188,15.399,40.04
139,189,13.476,31.0
139,190,20.958,48.2
139,191,3.214,7.39
139,192,19.416,44.66
139,193,7.642,17.58
139,194,11.024,22.05
139,195,15.619,31.24
139,196,4.382,10.08
139,197,15.341,39.89
139,198,9.616,25.0
139,199,10.984,25.26
139,200,13.024,26.05
140,0,8.07,18.56
140,1,19.474,38.95
140,2,5.118,11.77
140,3,17.674,35.35
140,4,14.841,29.68
140,5,2.223,5.11
140,6,11.793,30.66
140,7,10.307,23.71
140,8,7.007,14.01
140,9,10.272,26.71
140,10,12.372,28.46
140,11,9.939,25.84
140,12,19.014,43.73
140,13,10.536,21.07
140,14,4.131,9.5
140,15,13.997,36.39
140,16,20.529,41.06
140,17,12.035,24.07
140,18,3.206,7.37
140,19,15.996,31.99
140,20,17.719,35.44
140,21,12.322,32.04
140,22,16.512,33.02
140,23,12.378,28.47
140,24,6.674,17.35
140,25,14.873,38.67
140,26,16.149,37.14
140,27,17.5,40.25
140,28,15.63,40.64
140,29,17.139,44.56
140,30,4.853,11.16
140,31,0.796,1.83
140,32,8.591,19.76
140,33,6.715,13.43
140,34,10.8,21.6
140,35,16.972,33.94
140,36,4.118,8.24
140,37,16.993,44.18
140,38,16.194,42.1
140,39,2.107,4.85
140,40,5.685,14.78
140,41,4.627,10.64
140,42,3.124,7.19
140,43,10.14,26.36
140,44,15.201,39.52
140,45,8.306,19.1
140,46,4.178,10.86
140,47,3.798,7.6
140,48,5.521,14.35
140,49,5.588,12.85
140,50,14.923,29.85
140,51,13.665,27.33
140,52,16.316,42.42
140,53,8.548,19.66
140,54,16.11,41.89
140,55,3.02,6.94
140,56,18.64,37.28
140,57,5.201,13.52
140,58,16.505,33.01
140,59,16.312,42.41
140,60,4.429,11.51
140,61,23.656,47.31
140,62,15.362,39.94
140,63,15.889,31.78
140,64,5.678,11.36
140,65,14.239,32.75
140,66,17.817,40.98
140,67,12.756,33.17
140,68,13.503,31.06
140,69,4.84,9.68
140,70,6.093,14.01
140,71,7.937,15.87
140,72,5.522,12.7
140,73,14.996,38.99
140,74,14.262,37.08
140,75,4.925,12.81
140,76,4.752,10.93
140,77,19.146,44.04
140,78,12.459,24.92
140,79,2.708,5.42
140,80,16.006,36.81
140,81,14.265,32.81
140,82,3.217,6.43
140,83,14.021,28.04
140,84,18.202,47.33
140,85,13.164,30.28
140,86,0.299,0.69
140,87,11.694,23.39
140,88,11.025,25.36
140,89,6.148,12.3
140,90,16.45,37.84
140,91,3.543,8.15
140,92,9.526,21.91
140,93,13.141,34.17
140,94,1.174,2.35
140,95,2.962,7.7
140,96,0.531,1.22
140,97,3.585,7.17
140,98,6.283,12.57
140,99,5.711,13.14
140,100,8.361,19.23
140,101,0.427,0.98
140,102,15.751,36.23
140,103,14.582,37.91
140,104,5.984,13.76
140,105,15.073,39.19
140,106,6.58,13.16
140,107,13.675,27.35
140,108,15.048,34.61
140,109,5.153,10.31
140,110,9.14,21.02
140,111,16.111,37.06
140,112,6.626,13.25
140,113,4.586,11.92
140,114,5.705,11.41
140,115,8.935,17.87
140,116,14.23,37.0
140,117,3.063,7.05
140,118,16.48,32.96
140,119,10.911,25.1
140,120,12.486,24.97
140,121,7.144,16.43
140,122,3.518,9.15
140,123,3.451,8.97
140,124,6.027,15.67
140,125,18.397,36.79
140,126,5.615,14.6
140,127,4.999,13.0
140,128,8.008,20.82
140,129,17.634,35.27
140,130,18.625,42.84
140,131,5.237,10.47
140,132,19.855,45.67
140,133,17.738,46.12
140,134,6.693,15.39
140,135,4.399,10.12
140,136,18.188,47.29
140,137,18.051,46.93
140,138,14.125,36.72
140,139,14.916,29.83
140,141,16.631,38.25
140,142,17.722,46.08
140,143,6.358,12.72
140,144,0.895,2.06
140,145,10.384,23.88
140,146,2.728,5.46
140,147,3.099,7.13
140,148,18.398,47.84
140,149,13.31,30.61
140,150,4.419,8.84
140,151,5.242,10.48
140,152,7.957,20.69
140,153,8.633,19.86
140,154,16.58,43.11
140,155,0.584,1.52
140,156,4.223,10.98
140,157,11.953,23.91
140,158,13.554,27.11
140,159,13.927,36.21
140,160,11.234,22.47
140,161,17.927,41.23
140,162,11.54,26.54
140,163,15.055,39.14
140,164,13.53,35.18
140,165,3.616,9.4
140,166,13.04,26.08
140,167,14.55,37.83
140,168,17.051,39.22
140,169,3.123,8.12
140,170,3.681,9.57
140,171,15.719,36.15
140,172,16.402,42.65
140,173,13.732,35.7
140,174,14.513,33.38
140,175,7.71,15.42
140,176,16.573,43.09
140,177,15.669,40.74
140,178,2.966,5.93
140,179,19.464,38.93
140,180,16.125,32.25
140,181,12.223,28.11
140,182,15.38,30.76
140,183,3.532,9.18
140,184,7.425,17.08
140,185,15.717,36.15
140,186,18.813,48.91
140,187,9.652,22.2
140,188,15.699,40.82
140,189,17.965,41.32
140,190,16.221,37.31
140,191,11.754,27.04
140,192,12.187,28.03
140,193,8.12,18.68
140,194,16.78,33.56
140,195,3.113,6.23
140,196,11.677,26.86
140,197,20.187,52.49
140,198,5.715,14.86
140,199,15.85,36.45
140,200,19.638,39.28
141,0,9.086,23.62
141,1,2.942,6.77
141,2,13.02,33.85
141,3,2.831,6.51
141,4,2.601,5.98
141,5,18.836,48.97
141,6,9.739,28.24
141,7,9.773,25.41
141,8,22.167,50.98
141,9,14.821,42.98
141,10,15.641,40.67
141,11,12.0,34.8
141,12,3.528,9.17
141,13,9.894,22.76
141,14,15.533,40.39
141,15,13.407,38.88
141,16,6.629,15.25
141,17,10.276,23.64
141,18,17.363,45.14
141,19,0.663,1.52
141,20,11.824,27.2
141,21,10.444,30.29
141,22,2.311,5.32
141,23,10.092,26.24
141,24,16.904,49.02
141,25,11.55,33.49
141,26,8.617,22.41
141,27,12.104,31.47
141,28,12.757,37.0
141,29,9.314,27.01
141,30,15.703,40.83
141,31,16.191,42.1
141,32,10.873,28.27
141,33,13.524,31.11
141,34,14.583,33.54
141,35,3.675,8.45
141,36,16.34,37.58
141,37,1.065,3.09
141,38,1.327,3.85
141,39,18.616,48.4
141,40,18.157,52.66
141,41,17.896,46.53
141,42,16.712,43.45
141,43,15.788,45.78
141,44,2.021,5.86
141,45,11.468,29.82
141,46,18.185,52.74
141,47,16.629,38.25
141,48,19.03,55.19
141,49,13.044,33.91
141,50,9.712,22.34
141,51,12.301,28.29
141,52,9.7,28.13
141,53,9.581,24.91
141,54,14.157,41.06
141,55,17.864,46.45
141,56,3.103,7.14
141,57,17.37,50.37
141,58,0.717,1.65
141,59,0.794,2.3
141,60,18.261,52.96
141,61,7.099,16.33
141,62,1.271,3.69
141,63,1.093,2.51
141,64,21.16,48.67
141,65,16.293,42.36
141,66,13.685,35.58
141,67,4.013,11.64
141,68,8.499,22.1
141,69,17.572,40.42
141,70,17.423,45.3
141,71,12.594,28.97
141,72,15.812,41.11
141,73,2.514,7.29
141,74,10.665,30.93
141,75,18.599,53.94
141,76,12.184,31.68
141,77,13.802,35.89
141,78,13.731,31.58
141,79,18.169,41.79
141,80,7.218,18.77
141,81,14.506,37.72
141,82,15.143,34.83
141,83,11.113,25.56
141,84,15.606,45.26
141,85,9.395,24.43
141,86,16.501,42.9
141,87,13.44,30.91
141,88,8.976,23.34
141,89,14.465,33.27
141,90,1.171,3.04
141,91,16.282,42.33
141,92,14.631,38.04
141,93,9.115,26.43
141,94,15.457,35.55
141,95,15.097,43.78
141,96,16.349,42.51
141,97,15.879,36.52
141,98,21.757,50.04
141,99,12.147,31.58
141,100,14.833,38.57
141,101,16.828,43.75
141,102,0.933,2.43
141,103,13.106,38.01
141,104,19.08,49.61
141,105,14.349,41.61
141,106,13.6,31.28
141,107,3.206,7.37
141,108,11.368,29.56
141,109,19.184,44.12
141,110,11.048,28.73
141,111,11.795,30.67
141,112,11.519,26.49
141,113,18.691,54.2
141,114,19.214,44.19
141,115,11.757,27.04
141,116,8.102,23.5
141,117,16.993,44.18
141,118,0.9,2.07
141,119,10.366,26.95
141,120,10.711,24.64
141,121,11.687,30.39
141,122,17.794,51.6
141,123,13.664,39.62
141,124,17.119,49.64
141,125,15.087,34.7
141,126,14.286,41.43
141,127,16.178,46.92
141,128,10.605,30.75
141,129,2.646,6.09
141,130,2.466,6.41
141,131,18.188,41.83
141,132,3.228,8.39
141,133,1.166,3.38
141,134,22.423,58.3
141,135,13.789,35.85
141,136,1.56,4.52
141,137,2.418,7.01
141,138,8.858,25.69
141,139,12.311,28.32
141,140,16.631,38.25
141,142,2.276,6.6
141,143,19.584,45.04
141,144,15.81,41.1
141,145,11.179,29.07
141,146,18.576,42.73
141,147,17.164,44.63
141,148,1.773,5.14
141,149,13.955,36.28
141,150,17.191,39.54
141,151,20.207,46.48
141,152,14.008,40.62
141,153,11.017,28.64
141,154,10.726,31.11
141,155,16.052,46.55
141,156,15.948,46.25
141,157,10.556,24.28
141,158,8.864,20.39
141,159,8.439,24.47
141,160,8.243,18.96
141,161,15.049,39.13
141,162,14.7,38.22
141,163,13.503,39.16
141,164,12.203,35.39
141,165,19.291,55.94
141,166,9.549,21.96
141,167,10.697,31.02
141,168,13.8,35.88
141,169,13.508,39.17
141,170,20.189,58.55
141,171,1.029,2.68
141,172,2.219,6.44
141,173,15.608,45.26
141,174,2.408,6.26
141,175,23.434,53.9
141,176,14.574,42.26
141,177,9.979,28.94
141,178,16.771,38.57
141,179,13.7,31.51
141,180,0.727,1.67
141,181,12.06,31.36
141,182,1.25,2.88
141,183,15.87,46.02
141,184,11.694,30.4
141,185,1.09,2.84
141,186,2.31,6.7
141,187,17.624,45.82
141,188,4.264,12.36
141,189,1.433,3.73
141,190,10.963,28.5
141,191,12.383,32.2
141,192,11.852,30.82
141,193,10.121,26.31
141,194,1.572,3.62
141,195,14.905,34.28
141,196,14.467,37.61
141,197,3.73,10.82
141,198,11.899,34.51
141,199,1.34,3.48
141,200,3.261,7.5
142,0,10.657,30.9
142,1,3.425,8.9
142,2,14.572,42.26
142,3,0.661,1.72
142,4,4.792,12.46
142,5,19.945,57.84
142,6,9.255,29.62
142,7,9.647,27.98
142,8,23.639,61.46
142,9,14.507,46.42
142,10,17.8,51.62
142,11,11.779,37.69
142,12,1.404,4.07
142,13,9.698,25.22
142,14,17.071,49.51
142,15,15.651,50.08
142,16,8.216,21.36
142,17,9.706,25.23
142,18,18.786,54.48
142,19,2.763,7.18
142,20,14.071,36.58
142,21,9.804,31.37
142,22,1.272,3.31
142,23,12.289,35.64
142,24,18.663,59.72
142,25,13.821,44.23
142,26,10.881,31.55
142,27,14.36,41.64
142,28,15.032,48.1
142,29,11.548,36.95
142,30,17.314,50.21
142,31,17.362,50.35
142,32,11.024,31.97
142,33,13.807,35.9
142,34,14.183,36.88
142,35,1.917,4.98
142,36,17.877,46.48
142,37,1.227,3.93
142,38,3.602,11.53
142,39,19.773,57.34
142,40,18.578,59.45
142,41,19.44,56.38
142,42,18.144,52.62
142,43,15.512,49.64
142,44,2.559,8.19
142,45,11.614,33.68
142,46,19.67,62.94
142,47,18.13,47.14
142,48,20.604,65.93
142,49,13.569,39.35
142,50,11.987,31.17
142,51,11.387,29.61
142,52,11.965,38.29
142,53,9.97,28.91
142,54,16.432,52.58
142,55,19.243,55.81
142,56,0.974,2.53
142,57,18.987,60.76
142,58,1.754,4.56
142,59,3.07,9.82
142,60,19.768,63.26
142,61,6.082,15.81
142,62,2.994,9.58
142,63,2.151,5.59
142,64,22.565,58.67
142,65,18.514,53.69
142,66,15.949,46.25
142,67,5.012,16.04
142,68,10.744,31.16
142,69,19.149,49.79
142,70,19.118,55.44
142,71,12.718,33.07
142,72,17.487,50.71
142,73,2.727,8.73
142,74,12.929,41.37
142,75,20.138,64.44
142,76,13.086,37.95
142,77,16.032,46.49
142,78,15.917,41.39
142,79,19.491,50.68
142,80,9.479,27.49
142,81,13.559,39.32
142,82,16.571,43.09
142,83,13.37,34.76
142,84,17.878,57.21
142,85,11.627,33.72
142,86,17.625,51.11
142,87,12.882,33.49
142,88,8.765,25.42
142,89,16.196,42.11
142,90,3.423,9.93
142,91,17.762,51.51
142,92,14.432,41.85
142,93,11.346,36.31
142,94,16.552,43.03
142,95,15.879,50.81
142,96,17.389,50.43
142,97,17.363,45.15
142,98,23.175,60.26
142,99,12.777,37.05
142,100,14.814,42.96
142,101,17.962,52.09
142,102,3.001,8.7
142,103,15.366,49.17
142,104,20.697,60.02
142,105,16.61,53.15
142,106,13.901,36.14
142,107,4.082,10.61
142,108,13.641,39.56
142,109,20.711,53.85
142,110,11.056,32.06
142,111,14.07,40.8
142,112,12.039,31.3
142,113,20.19,64.61
142,114,20.796,54.07
142,115,11.747,30.54
142,116,10.369,33.18
142,117,18.413,53.4
142,118,1.642,4.27
142,119,10.04,29.12
142,120,10.028,26.07
142,121,12.059,34.97
142,122,19.231,61.54
142,123,14.994,47.98
142,124,18.817,60.21
142,125,17.353,45.12
142,126,15.96,51.07
142,127,17.801,56.96
142,128,10.937,35.0
142,129,0.479,1.25
142,130,1.094,3.17
142,131,19.778,51.42
142,132,2.945,8.54
142,133,1.686,5.4
142,134,23.809,69.05
142,135,15.296,44.36
142,136,2.226,7.12
142,137,0.335,1.07
142,138,11.122,35.59
142,139,11.177,29.06
142,140,17.722,46.08
142,141,2.276,6.6
142,143,21.208,55.14
142,144,16.864,48.91
142,145,10.913,31.65
142,146,19.861,51.64
142,147,18.582,53.89
142,148,2.074,6.64
142,149,16.173,46.9
142,150,18.74,48.72
142,151,21.661,56.32
142,152,14.064,45.01
142,153,11.141,32.31
142,154,12.992,41.57
142,155,17.138,54.84
142,156,17.498,55.99
142,157,9.991,25.98
142,158,11.112,28.89
142,159,7.504,24.01
142,160,8.084,21.02
142,161,17.32,50.23
142,162,14.186,41.14
142,163,15.769,50.46
142,164,14.442,46.21
142,165,20.622,65.99
142,166,11.777,30.62
142,167,12.966,41.49
142,168,16.075,46.62
142,169,14.629,46.81
142,170,21.158,67.7
142,171,3.152,9.14
142,172,1.352,4.33
142,173,14.789,47.33
142,174,4.425,12.83
142,175,24.834,64.57
142,176,16.85,53.92
142,177,12.254,39.21
142,178,18.186,47.28
142,179,15.914,41.38
142,180,2.143,5.57
142,181,14.247,41.32
142,182,3.018,7.85
142,183,17.349,55.52
142,184,12.004,34.81
142,185,3.248,9.42
142,186,3.103,9.93
142,187,17.481,50.69
142,188,6.534,20.91
142,189,2.627,7.62
142,190,13.235,38.38
142,191,11.814,34.26
142,192,14.038,40.71
142,193,10.516,30.5
142,194,1.02,2.65
142,195,16.308,42.4
142,196,13.926,40.39
142,197,4.166,13.33
142,198,12.577,40.25
142,199,2.047,5.94
142,200,2.104,5.47
143,0,10.552,24.27
143,1,22.081,44.16
143,2,6.648,15.29
143,3,21.339,42.68
143,4,17.267,34.53
143,5,5.743,13.21
143,6,17.32,45.03
143,7,15.783,36.3
143,8,3.18,6.36
143,9,16.569,43.08
143,10,9.075,20.87
143,11,15.897,41.33
143,12,22.598,51.98
143,13,16.057,32.11
143,14,4.206,9.67
143,15,11.84,30.78
143,16,21.665,43.33
143,17,17.678,35.36
143,18,3.258,7.49
143,19,18.922,37.84
143,20,16.456,32.91
143,21,17.997,46.79
143,22,20.154,40.31
143,23,11.948,27.48
143,24,3.113,8.1
143,25,13.566,35.27
143,26,16.068,36.96
143,27,16.104,37.04
143,28,13.823,35.94
143,29,16.817,43.72
143,30,3.894,8.96
143,31,5.914,13.6
143,32,14.234,32.74
143,33,12.873,25.75
143,34,17.073,34.15
143,35,20.955,41.91
143,36,3.437,6.87
143,37,20.23,52.6
143,38,18.771,48.8
143,39,5.288,12.16
143,40,11.766,30.59
143,41,1.973,4.54
143,42,3.662,8.42
143,43,16.487,42.87
143,44,18.669,48.54
143,45,14.09,32.41
143,46,2.197,5.71
143,47,3.324,6.65
143,48,0.842,2.19
143,49,11.555,26.58
143,50,14.411,28.82
143,51,19.612,39.22
143,52,15.807,41.1
143,53,13.71,31.53
143,54,13.739,35.72
143,55,3.34,7.68
143,56,22.179,44.36
143,57,2.221,5.77
143,58,19.68,39.36
143,59,19.053,49.54
143,60,1.959,5.09
143,61,26.631,53.26
143,62,18.405,47.85
143,63,19.127,38.25
143,64,3.087,6.17
143,65,10.749,24.72
143,66,15.824,36.39
143,67,16.281,42.33
143,68,13.651,31.4
143,69,2.112,4.22
143,70,2.306,5.3
143,71,13.962,27.92
143,72,3.798,8.73
143,73,18.62,48.41
143,74,13.359,34.73
143,75,1.451,3.77
143,76,9.92,22.82
143,77,17.288,39.76
143,78,10.158,20.32
143,79,3.76,7.52
143,80,16.474,37.89
143,81,20.445,47.02
143,82,4.998,10.0
143,83,12.926,25.85
143,84,15.496,40.29
143,85,12.947,29.78
143,86,6.148,14.14
143,87,17.84,35.68
143,88,16.332,37.56
143,89,5.217,10.43
143,90,19.048,43.81
143,91,3.742,8.61
143,92,15.819,36.38
143,93,13.059,33.95
143,94,6.858,13.72
143,95,9.228,23.99
143,96,6.874,15.81
143,97,4.081,8.16
143,98,3.324,6.65
143,99,11.344,26.09
143,100,14.677,33.76
143,101,5.936,13.65
143,102,18.652,42.9
143,103,12.577,32.7
143,104,0.516,1.19
143,105,12.535,32.59
143,106,12.747,25.49
143,107,17.19,34.38
143,108,13.822,31.79
143,109,1.266,2.53
143,110,14.874,34.21
143,111,14.736,33.89
143,112,12.198,24.4
143,113,1.777,4.62
143,114,0.653,1.31
143,115,14.823,29.65
143,116,14.458,37.59
143,117,3.537,8.14
143,118,19.711,39.42
143,119,16.559,38.08
143,120,18.21,36.42
143,121,12.873,29.61
143,122,2.866,7.45
143,123,6.733,17.51
143,124,2.598,6.75
143,125,15.924,31.85
143,126,5.308,13.8
143,127,3.41,8.87
143,128,13.484,35.06
143,129,21.25,42.5
143,130,21.911,50.4
143,131,1.473,2.95
143,132,22.717,52.25
143,133,20.75,53.95
143,134,4.071,9.36
143,135,5.985,13.77
143,136,21.046,54.72
143,137,21.508,55.92
143,138,14.034,36.49
143,139,20.814,41.63
143,140,6.358,12.72
143,141,19.584,45.04
143,142,21.208,55.14
143,144,6.981,16.06
143,145,16.192,37.24
143,146,4.021,8.04
143,147,3.426,7.88
143,148,21.314,55.42
143,149,10.883,25.03
143,150,2.585,5.17
143,151,2.157,4.31
143,152,14.202,36.92
143,153,14.322,32.94
143,154,15.668,40.74
143,155,6.631,17.24
143,156,3.771,9.81
143,157,17.651,35.3
143,158,13.528,27.06
143,159,19.173,49.85
143,160,16.342,32.68
143,161,15.403,35.43
143,162,17.808,40.96
143,163,12.892,33.52
143,164,11.947,31.06
143,165,3.437,8.94
143,166,12.768,25.54
143,167,13.623,35.42
143,168,14.923,34.32
143,169,7.896,20.53
143,170,7.24,18.82
143,171,18.568,42.71
143,172,20.022,52.06
143,173,20.015,52.04
143,174,17.206,39.57
143,175,4.74,9.48
143,176,14.073,36.59
143,177,15.034,39.09
143,178,3.735,7.47
143,179,17.695,35.39
143,180,19.264,38.53
143,181,10.807,24.86
143,182,18.404,36.81
143,183,4.115,10.7
143,184,13.192,30.34
143,185,18.528,42.62
143,186,21.443,55.75
143,187,15.976,36.74
143,188,17.298,44.98
143,189,20.699,47.61
143,190,15.196,34.95
143,191,17.763,40.86
143,192,10.884,25.03
143,193,13.422,30.87
143,194,20.194,40.39
143,195,5.322,10.64
143,196,17.924,41.23
143,197,22.663,58.92
143,198,11.215,29.16
143,199,19.176,44.11
143,200,22.825,45.65
144,0,7.385,19.2
144,1,18.668,42.94
144,2,4.754,12.36
144,3,16.807,38.66
144,4,14.071,32.36
144,5,3.096,8.05
144,6,10.92,31.67
144,7,9.427,24.51
144,8,7.845,18.04
144,9,9.59,27.81
144,10,12.344,32.1
144,11,9.119,26.45
144,12,18.148,47.19
144,13,9.659,22.22
144,14,4.234,11.01
144,15,13.776,39.95
144,16,19.847,45.65
144,17,11.172,25.7
144,18,3.744,9.73
144,19,15.18,34.91
144,20,17.33,39.86
144,21,11.464,33.24
144,22,15.648,35.99
144,23,11.957,31.09
144,24,6.941,20.13
144,25,14.523,42.12
144,26,15.631,40.64
144,27,17.131,44.54
144,28,15.337,44.48
144,29,16.64,48.26
144,30,4.988,12.97
144,31,1.069,2.78
144,32,7.721,20.07
144,33,5.946,13.67
144,34,10.099,23.23
144,35,16.092,37.01
144,36,4.388,10.09
144,37,16.152,46.84
144,38,15.403,44.67
144,39,3.002,7.81
144,40,5.497,15.94
144,41,5.148,13.39
144,42,3.519,9.15
144,43,9.521,27.61
144,44,14.35,41.62
144,45,7.451,19.37
144,46,4.783,13.87
144,47,4.14,9.52
144,48,6.138,17.8
144,49,4.752,12.36
144,50,14.472,33.29
144,51,12.851,29.56
144,52,15.848,45.96
144,53,7.653,19.9
144,54,15.888,46.07
144,55,3.682,9.57
144,56,17.777,40.89
144,57,5.602,16.25
144,58,15.669,36.04
144,59,15.508,44.97
144,60,5.025,14.57
144,61,22.817,52.48
144,62,14.539,42.16
144,63,15.051,34.62
144,64,6.527,15.01
144,65,14.205,36.93
144,66,17.524,45.56
144,67,11.912,34.54
144,68,12.99,33.77
144,69,5.294,12.18
144,70,6.454,16.78
144,71,7.127,16.39
144,72,5.667,14.74
144,73,14.137,41.0
144,74,13.869,40.22
144,75,5.531,16.04
144,76,3.861,10.04
144,77,18.823,48.94
144,78,12.288,28.26
144,79,3.471,7.98
144,80,15.426,40.11
144,81,13.518,35.15
144,82,3.19,7.34
144,83,13.656,31.41
144,84,18.005,52.21
144,85,12.702,33.02
144,86,0.928,2.41
144,87,10.931,25.14
144,88,10.137,26.36
144,89,6.088,14.0
144,90,15.657,40.71
144,91,3.818,9.93
144,92,8.839,22.98
144,93,12.661,36.72
144,94,0.462,1.06
144,95,2.248,6.52
144,96,0.546,1.42
144,97,3.765,8.66
144,98,7.139,16.42
144,99,4.829,12.55
144,100,7.697,20.01
144,101,1.252,3.26
144,102,14.937,38.84
144,103,14.331,41.56
144,104,6.572,17.09
144,105,14.889,43.18
144,106,5.814,13.37
144,107,12.827,29.5
144,108,14.686,38.18
144,109,5.822,13.39
144,110,8.281,21.53
144,111,15.755,40.96
144,112,5.743,13.21
144,113,5.235,15.18
144,114,6.332,14.56
144,115,8.099,18.63
144,116,13.697,39.72
144,117,3.529,9.18
144,118,15.641,35.97
144,119,10.047,26.12
144,120,11.634,26.76
144,121,6.277,16.32
144,122,4.115,11.93
144,123,2.962,8.59
144,124,6.349,18.41
144,125,18.164,41.78
144,126,5.515,15.99
144,127,5.215,15.12
144,128,7.123,20.66
144,129,16.77,38.57
144,130,17.777,46.22
144,131,5.759,13.24
144,132,19.031,49.48
144,133,16.909,49.04
144,134,7.57,19.68
144,135,4.126,10.73
144,136,17.368,50.37
144,137,17.194,49.86
144,138,13.632,39.53
144,139,14.094,32.42
144,140,0.895,2.06
144,141,15.81,41.1
144,142,16.864,48.91
144,143,6.981,16.06
144,145,9.538,24.8
144,146,3.56,8.19
144,147,3.602,9.36
144,148,17.574,50.97
144,149,13.139,34.16
144,150,4.835,11.12
144,151,6.031,13.87
144,152,7.235,20.98
144,153,7.767,20.2
144,154,16.159,46.86
144,155,0.369,1.07
144,156,4.412,12.8
144,157,11.096,25.52
144,158,13.061,30.04
144,159,13.04,37.82
144,160,10.34,23.78
144,161,17.707,46.04
144,162,10.836,28.17
144,163,14.819,42.97
144,164,13.239,38.39
144,165,4.449,12.9
144,166,12.586,28.95
144,167,14.156,41.05
144,168,16.784,43.64
144,169,2.328,6.75
144,170,4.411,12.79
144,171,14.909,38.76
144,172,15.54,45.07
144,173,13.039,37.81
144,174,13.722,35.68
144,175,8.591,19.76
144,176,16.363,47.45
144,177,15.223,44.15
144,178,3.385,7.79
144,179,19.127,43.99
144,180,15.292,35.17
144,181,11.935,31.03
144,182,14.559,33.49
144,183,3.71,10.76
144,184,6.564,17.07
144,185,14.91,38.77
144,186,18.008,52.22
144,187,9.189,23.89
144,188,15.0,43.5
144,189,17.155,44.6
144,190,15.819,41.13
144,191,10.951,28.47
144,192,11.885,30.9
144,193,7.228,18.79
144,194,15.928,36.63
144,195,3.003,6.91
144,196,10.96,28.5
144,197,19.389,56.23
144,198,4.825,13.99
144,199,15.006,39.02
144,200,18.793,43.22
145,0,8.957,23.29
145,1,13.956,32.1
145,2,10.733,27.9
145,3,10.519,24.19
145,4,11.074,25.47
145,5,12.296,31.97
145,6,1.847,5.36
145,7,1.49,3.87
145,8,17.383,39.98
145,9,3.643,10.56
145,10,18.045,46.92
145,11,0.879,2.55
145,12,11.742,30.53
145,13,1.298,2.98
145,14,12.356,32.13
145,15,17.766,51.52
145,16,17.416,40.06
145,17,1.779,4.09
145,18,12.98,33.75
145,19,10.806,24.85
145,20,19.154,44.05
145,21,2.0,5.8
145,22,9.692,22.29
145,23,14.486,37.66
145,24,15.036,43.6
145,25,17.205,49.9
145,26,16.235,42.21
145,27,19.189,49.89
145,28,18.425,53.43
145,29,17.297,50.16
145,30,13.0,33.8
145,31,10.505,27.31
145,32,2.02,5.25
145,33,3.962,9.11
145,34,3.433,7.9
145,35,9.329,21.46
145,36,12.951,29.79
145,37,10.868,31.52
145,38,11.624,33.71
145,39,12.379,32.19
145,40,8.51,24.68
145,41,14.228,36.99
145,42,12.53,32.58
145,43,4.622,13.4
145,44,9.166,26.58
145,45,2.106,5.47
145,46,14.061,40.78
145,47,12.93,29.74
145,48,15.373,44.58
145,49,4.797,12.47
145,50,16.091,37.01
145,51,3.464,7.97
145,52,17.012,49.34
145,53,3.253,8.46
145,54,19.546,56.68
145,55,13.102,34.06
145,56,11.527,26.51
145,57,14.327,41.55
145,58,10.647,24.49
145,59,11.382,33.01
145,60,14.271,41.39
145,61,16.801,38.64
145,62,10.157,29.46
145,63,10.098,23.23
145,64,16.06,36.94
145,65,19.606,50.98
145,66,20.301,52.78
145,67,7.716,22.38
145,68,14.246,37.04
145,69,14.199,32.66
145,70,14.953,38.88
145,71,2.593,5.96
145,72,13.547,35.22
145,73,8.698,25.22
145,74,16.239,47.09
145,75,14.769,42.83
145,76,6.332,16.46
145,77,21.136,54.95
145,78,16.948,38.98
145,79,12.988,29.87
145,80,15.262,39.68
145,81,4.893,12.72
145,82,11.327,26.05
145,83,16.358,37.62
145,84,21.623,62.71
145,85,14.604,37.97
145,86,10.466,27.21
145,87,2.641,6.07
145,88,2.203,5.73
145,89,12.985,29.86
145,90,11.756,30.57
145,91,12.516,32.54
145,92,3.52,9.15
145,93,14.392,41.74
145,94,9.502,21.85
145,95,7.528,21.83
145,96,9.873,25.67
145,97,12.242,28.16
145,98,16.667,38.33
145,99,4.848,12.6
145,100,4.041,10.51
145,101,10.781,28.03
145,102,10.695,27.81
145,103,17.965,52.1
145,104,15.719,40.87
145,105,19.014,55.14
145,106,4.101,9.43
145,107,8.174,18.8
145,108,17.209,44.74
145,109,15.172,34.9
145,110,1.334,3.47
145,111,18.153,47.2
145,112,4.013,9.23
145,113,14.569,42.25
145,114,15.58,35.83
145,115,1.469,3.38
145,116,14.539,42.16
145,117,12.669,32.94
145,118,10.517,24.19
145,119,0.892,2.32
145,120,2.117,4.87
145,121,3.32,8.63
145,122,13.418,38.91
145,123,9.688,28.09
145,124,14.732,42.72
145,125,21.443,49.32
145,126,12.43,36.05
145,127,13.441,38.98
145,128,2.884,8.36
145,129,10.585,24.34
145,130,12.006,31.22
145,131,14.79,34.02
145,132,13.788,35.85
145,133,11.859,34.39
145,134,17.055,44.34
145,135,10.919,28.39
145,136,12.495,36.23
145,137,11.223,32.55
145,138,14.966,43.4
145,139,4.625,10.64
145,140,10.384,23.88
145,141,11.179,29.07
145,142,10.913,31.65
145,143,16.192,37.24
145,144,9.538,24.8
145,146,13.098,30.13
145,147,12.795,33.27
145,148,12.544,36.38
145,149,17.649,45.89
145,150,13.699,31.51
145,151,15.549,35.76
145,152,3.484,10.1
145,153,1.898,4.94
145,154,17.804,51.63
145,155,9.906,28.73
145,156,12.742,36.95
145,157,1.621,3.73
145,158,14.539,33.44
145,159,4.211,12.21
145,160,2.938,6.76
145,161,21.147,54.98
145,162,3.684,9.58
145,163,18.505,53.66
145,164,16.713,48.47
145,165,13.987,40.56
145,166,14.615,33.62
145,167,16.458,47.73
145,168,19.912,51.77
145,169,8.321,24.13
145,170,12.735,36.93
145,171,10.778,28.02
145,172,9.659,28.01
145,173,5.278,15.31
145,174,10.361,26.94
145,175,18.056,41.53
145,176,20.069,58.2
145,177,16.761,48.61
145,178,12.463,28.66
145,179,21.255,48.89
145,180,10.458,24.05
145,181,15.714,40.86
145,182,10.21,23.48
145,183,12.197,35.37
145,184,3.005,7.81
145,185,10.851,28.21
145,186,13.401,38.86
145,187,6.572,17.09
145,188,13.132,38.08
145,189,12.566,32.67
145,190,17.721,46.07
145,191,1.887,4.91
145,192,15.55,40.43
145,193,3.188,8.29
145,194,10.356,23.82
145,195,10.998,25.3
145,196,3.515,9.14
145,197,14.765,42.82
145,198,4.992,14.48
145,199,9.888,25.71
145,200,13.003,29.91
146,0,9.628,22.14
146,1,21.326,42.65
146,2,5.957,13.7
146,3,19.871,39.74
146,4,16.572,33.14
146,5,1.761,4.05
146,6,14.467,37.62
146,7,12.965,29.82
146,8,4.285,8.57
146,9,12.936,33.63
146,10,11.676,26.86
146,11,12.665,32.93
146,12,21.195,48.75
146,13,13.204,26.41
146,14,3.857,8.87
146,15,13.848,36.0
146,16,21.847,43.69
146,17,14.73,29.46
146,18,1.814,4.17
146,19,17.925,35.85
146,20,18.03,36.06
146,21,15.023,39.06
146,22,18.691,37.38
146,23,12.91,29.69
146,24,5.413,14.07
146,25,15.109,39.28
146,26,16.922,38.92
146,27,17.751,40.83
146,28,15.671,40.74
146,29,17.832,46.36
146,30,4.293,9.87
146,31,2.664,6.13
146,32,11.273,25.93
146,33,9.438,18.88
146,34,13.479,26.96
146,35,19.265,38.53
146,36,3.32,6.64
146,37,19.041,49.51
146,38,17.999,46.8
146,39,1.278,2.94
146,40,7.763,20.18
146,41,2.814,6.47
146,42,2.324,5.35
146,43,12.743,33.13
146,44,17.309,45.0
146,45,11.011,25.33
146,46,2.142,5.57
146,47,2.871,5.74
146,48,3.254,8.46
146,49,8.307,19.11
146,50,15.493,30.99
146,51,16.392,32.78
146,52,16.916,43.98
146,53,11.113,25.56
146,54,15.917,41.38
146,55,1.174,2.7
146,56,20.803,41.61
146,57,3.704,9.63
146,58,18.526,37.05
146,59,18.178,47.26
146,60,2.377,6.18
146,61,25.665,51.33
146,62,17.324,45.04
146,63,17.926,35.85
146,64,2.97,5.94
146,65,13.51,31.07
146,66,17.819,40.98
146,67,14.851,38.61
146,68,14.309,32.91
146,69,3.225,6.45
146,70,4.596,10.57
146,71,10.664,21.33
146,72,4.801,11.04
146,73,17.155,44.6
146,74,14.652,38.1
146,75,2.76,7.18
146,76,7.241,16.65
146,77,19.226,44.22
146,78,12.2,24.4
146,79,0.542,1.08
146,80,16.998,39.1
146,81,16.972,39.04
146,82,3.635,7.27
146,83,14.324,28.65
146,84,17.898,46.53
146,85,13.81,31.76
146,86,2.632,6.05
146,87,14.411,28.82
146,88,13.649,31.39
146,89,5.964,11.93
146,90,18.267,42.01
146,91,2.941,6.76
146,92,12.196,28.05
146,93,13.842,35.99
146,94,3.648,7.3
146,95,5.68,14.77
146,96,3.253,7.48
146,97,3.266,6.53
146,98,3.587,7.17
146,99,8.367,19.24
146,100,11.016,25.34
146,101,2.319,5.33
146,102,17.667,40.63
146,103,14.514,37.74
146,104,3.772,8.68
146,105,14.785,38.44
146,106,9.302,18.6
146,107,15.78,31.56
146,108,15.322,35.24
146,109,2.755,5.51
146,110,11.841,27.23
146,111,16.346,37.6
146,112,9.277,18.55
146,113,2.314,6.02
146,114,3.395,6.79
146,115,11.655,23.31
146,116,15.087,39.23
146,117,2.04,4.69
146,118,18.521,37.04
146,119,13.604,31.29
146,120,15.194,30.39
146,121,9.834,22.62
146,122,1.724,4.48
146,123,4.915,12.78
146,124,4.664,12.13
146,125,18.198,36.4
146,126,5.624,14.62
146,127,4.153,10.8
146,128,10.65,27.69
146,129,19.815,39.63
146,130,20.705,47.62
146,131,3.321,6.64
146,132,21.8,50.14
146,133,19.716,51.26
146,134,4.069,9.36
146,135,5.12,11.78
146,136,20.116,52.3
146,137,20.183,52.48
146,138,14.849,38.61
146,139,17.642,35.28
146,140,2.728,5.46
146,141,18.576,42.73
146,142,19.861,51.64
146,143,4.021,8.04
146,144,3.56,8.19
146,145,13.098,30.13
146,147,1.911,4.4
146,148,20.349,52.91
146,149,13.024,29.96
146,150,3.034,6.07
146,151,2.541,5.08
146,152,10.658,27.71
146,153,11.324,26.05
146,154,17.019,44.25
146,155,3.194,8.31
146,156,3.656,9.51
146,157,14.656,29.31
146,158,14.29,28.58
146,159,16.552,43.03
146,160,13.81,27.62
146,161,17.699,40.71
146,162,14.219,32.7
146,163,14.93,38.82
146,164,13.613,35.39
146,165,0.89,2.31
146,166,13.659,27.32
146,167,14.938,38.84
146,168,16.981,39.06
146,169,5.343,13.89
146,170,3.497,9.09
146,171,17.617,40.52
146,172,18.574,48.29
146,173,16.399,42.64
146,174,16.337,37.58
146,175,5.105,10.21
146,176,16.333,42.47
146,177,16.204,42.13
146,178,2.176,4.35
146,179,19.587,39.17
146,180,18.13,36.26
146,181,12.333,28.37
146,182,17.336,34.67
146,183,3.241,8.43
146,184,10.123,23.28
146,185,17.601,40.48
146,186,20.667,53.73
146,187,12.059,27.74
146,188,17.131,44.54
146,189,19.847,45.65
146,190,16.605,38.19
146,191,14.482,33.31
146,192,12.344,28.39
146,193,10.718,24.65
146,194,18.886,37.77
146,195,3.788,7.58
146,196,14.366,33.04
146,197,21.999,57.2
146,198,8.336,21.67
146,199,17.917,41.21
146,200,21.692,43.38
147,0,8.105,21.07
147,1,19.839,45.63
147,2,4.26,11.08
147,3,18.642,42.88
147,4,15.044,34.6
147,5,3.407,8.86
147,6,13.981,40.55
147,7,12.448,32.36
147,8,5.073,11.67
147,9,13.168,38.19
147,10,9.86,25.64
147,11,12.48,36.19
147,12,19.944,51.86
147,13,12.713,29.24
147,14,1.968,5.12
147,15,11.947,34.65
147,16,20.114,46.26
147,17,14.315,32.92
147,18,0.206,0.54
147,19,16.505,37.96
147,20,16.121,37.08
147,21,14.629,42.42
147,22,17.455,40.15
147,23,11.027,28.67
147,24,3.739,10.84
147,25,13.199,38.28
147,26,15.063,39.16
147,27,15.841,41.19
147,28,13.761,39.91
147,29,15.958,46.28
147,30,2.385,6.2
147,31,2.535,6.59
147,32,10.857,28.23
147,33,9.451,21.74
147,34,13.663,31.42
147,35,18.131,41.7
147,36,1.417,3.26
147,37,17.697,51.32
147,38,16.504,47.86
147,39,2.904,7.55
147,40,8.747,25.37
147,41,1.547,4.02
147,42,0.466,1.21
147,43,13.122,38.05
147,44,16.023,46.47
147,45,10.69,27.79
147,46,1.268,3.68
147,47,0.971,2.23
147,48,2.591,7.51
147,49,8.131,21.14
147,50,13.607,31.3
147,51,16.201,37.26
147,52,15.032,43.59
147,53,10.432,27.12
147,54,14.024,40.67
147,55,0.79,2.05
147,56,19.54,44.94
147,57,2.135,6.19
147,58,17.167,39.48
147,59,16.718,48.48
147,60,1.478,4.29
147,61,24.263,55.8
147,62,15.931,46.2
147,63,16.581,38.14
147,64,3.996,9.19
147,65,11.71,30.45
147,66,15.912,41.37
147,67,13.579,39.38
147,68,12.465,32.41
147,69,1.745,4.01
147,70,3.048,7.92
147,71,10.537,24.24
147,72,2.922,7.6
147,73,15.912,46.15
147,74,12.751,36.98
147,75,1.982,5.75
147,76,6.582,17.11
147,77,17.316,45.02
147,78,10.307,23.71
147,79,1.369,3.15
147,80,15.186,39.48
147,81,17.02,44.25
147,82,2.021,4.65
147,83,12.417,28.56
147,84,16.021,46.46
147,85,11.939,31.04
147,86,2.846,7.4
147,87,14.414,33.15
147,88,13.04,33.9
147,89,4.053,9.32
147,90,16.775,43.62
147,91,1.047,2.72
147,92,12.417,32.28
147,93,11.98,34.74
147,94,3.442,7.92
147,95,5.841,16.94
147,96,3.576,9.3
147,97,1.41,3.24
147,98,4.598,10.57
147,99,7.951,20.67
147,100,11.289,29.35
147,101,2.708,7.04
147,102,16.242,42.23
147,103,12.608,36.56
147,104,2.988,7.77
147,105,12.901,37.41
147,106,9.325,21.45
147,107,14.506,33.36
147,108,13.413,34.87
147,109,2.389,5.5
147,110,11.484,29.86
147,111,14.435,37.53
147,112,8.82,20.29
147,113,1.789,5.19
147,114,2.795,6.43
147,115,11.412,26.25
147,116,13.251,38.43
147,117,0.171,0.44
147,118,17.175,39.5
147,119,13.191,34.3
147,120,14.833,34.11
147,121,9.476,24.64
147,122,0.667,1.93
147,123,3.635,10.54
147,124,3.03,8.79
147,125,16.308,37.51
147,126,3.729,10.81
147,127,2.285,6.63
147,128,10.134,29.39
147,129,18.572,42.72
147,130,19.374,50.37
147,131,2.158,4.96
147,132,20.369,52.96
147,133,18.318,53.12
147,134,5.261,13.68
147,135,3.434,8.93
147,136,18.683,54.18
147,137,18.897,54.8
147,138,12.988,37.67
147,139,17.411,40.05
147,140,3.099,7.13
147,141,17.164,44.63
147,142,18.582,53.89
147,143,3.426,7.88
147,144,3.602,9.36
147,145,12.795,33.27
147,146,1.911,4.4
147,148,18.929,54.89
147,149,11.137,28.96
147,150,1.358,3.12
147,151,3.089,7.11
147,152,10.788,31.29
147,153,10.937,28.44
147,154,15.117,43.84
147,155,3.269,9.48
147,156,1.745,5.06
147,157,14.277,32.84
147,158,12.433,28.6
147,159,15.913,46.15
147,160,13.103,30.14
147,161,15.812,41.11
147,162,14.396,37.43
147,163,13.029,37.78
147,164,11.702,33.93
147,165,2.273,6.59
147,166,11.785,27.11
147,167,13.035,37.8
147,168,15.078,39.2
147,169,4.557,13.21
147,170,5.273,15.29
147,171,16.179,42.07
147,172,17.331,50.26
147,173,16.605,48.15
147,174,14.864,38.65
147,175,6.27,14.42
147,176,14.445,41.89
147,177,14.313,41.51
147,178,0.397,0.91
147,179,17.676,40.66
147,180,16.761,38.55
147,181,10.422,27.1
147,182,15.938,36.66
147,183,1.396,4.05
147,184,9.791,25.46
147,185,16.155,42.0
147,186,19.185,55.64
147,187,12.739,33.12
147,188,15.459,44.83
147,189,18.386,47.8
147,190,14.701,38.22
147,191,14.344,37.29
147,192,10.434,27.13
147,193,10.108,26.28
147,194,17.587,40.45
147,195,2.274,5.23
147,196,14.507,37.72
147,197,20.486,59.41
147,198,7.84,22.73
147,199,16.595,43.15
147,200,20.338,46.78
148,0,10.842,31.44
148,1,1.432,3.72
148,2,14.772,42.84
148,3,2.726,7.09
148,4,4.138,10.76
148,5,20.606,59.76
148,6,10.988,35.16
148,7,11.193,32.46
148,8,23.923,62.2
148,9,16.178,51.77
148,10,17.032,49.39
148,11,13.39,42.85
148,12,2.662,7.72
148,13,11.284,29.34
148,14,17.284,50.12
148,15,14.618,46.78
148,16,6.17,16.04
148,17,11.482,29.85
148,18,19.128,55.47
148,19,2.425,6.31
148,20,12.535,32.59
148,21,11.612,37.16
148,22,2.968,7.72
148,23,11.449,33.2
148,24,18.596,59.51
148,25,12.629,40.41
148,26,9.451,27.41
148,27,12.861,37.3
148,28,13.779,44.09
148,29,9.994,31.98
148,30,17.439,50.57
148,31,17.962,52.09
148,32,12.411,35.99
148,33,15.119,39.31
148,34,15.897,41.33
148,35,3.976,10.34
148,36,18.091,47.04
148,37,1.677,5.37
148,38,2.64,8.45
148,39,20.388,59.13
148,40,19.804,63.37
148,41,19.643,56.97
148,42,18.476,53.58
148,43,17.166,54.93
148,44,3.479,11.13
148,45,13.007,37.72
148,46,19.941,63.81
148,47,18.384,47.8
148,48,20.771,66.47
148,49,14.709,42.66
148,50,10.756,27.97
148,51,13.313,34.61
148,52,10.534,33.71
148,53,11.193,32.46
148,54,15.175,48.56
148,55,19.632,56.93
148,56,2.355,6.12
148,57,19.103,61.13
148,58,1.988,5.17
148,59,2.272,7.27
148,60,20.015,64.05
148,61,5.336,13.87
148,62,3.037,9.72
148,63,2.608,6.78
148,64,22.924,59.6
148,65,17.558,50.92
148,66,14.482,42.0
148,67,5.727,18.33
148,68,9.749,28.27
148,69,19.314,50.22
148,70,19.135,55.49
148,71,14.129,36.74
148,72,17.533,50.85
148,73,3.887,12.44
148,74,11.804,37.77
148,75,20.346,65.11
148,76,13.927,40.39
148,77,14.429,41.84
148,78,15.084,39.22
148,79,19.94,51.85
148,80,8.058,23.37
148,81,15.503,44.96
148,82,16.908,43.96
148,83,12.285,31.94
148,84,16.46,52.67
148,85,10.672,30.95
148,86,18.271,52.99
148,87,14.667,38.14
148,88,10.352,30.02
148,89,16.171,42.05
148,90,2.372,6.88
148,91,18.041,52.32
148,92,16.041,46.52
148,93,10.4,33.28
148,94,17.225,44.78
148,95,16.824,53.84
148,96,18.112,52.53
148,97,17.638,45.86
148,98,23.52,61.15
148,99,13.836,40.12
148,100,16.32,47.33
148,101,18.599,53.94
148,102,2.687,7.79
148,103,14.253,45.61
148,104,20.811,60.35
148,105,15.48,49.54
148,106,15.201,39.52
148,107,4.869,12.66
148,108,12.422,36.02
148,109,20.934,54.43
148,110,12.532,36.34
148,111,12.727,36.91
148,112,13.178,34.26
148,113,20.446,65.43
148,114,20.954,54.48
148,115,13.237,34.42
148,116,9.253,29.61
148,117,18.758,54.4
148,118,2.077,5.4
148,119,11.698,33.92
148,120,11.856,30.83
148,121,13.304,38.58
148,122,19.557,62.58
148,123,15.436,49.39
148,124,18.831,60.26
148,125,15.89,41.31
148,126,16.01,51.23
148,127,17.911,57.32
148,128,12.204,39.05
148,129,2.552,6.63
148,130,1.399,4.06
148,131,19.926,51.81
148,132,1.457,4.23
148,133,0.704,2.25
148,134,24.189,70.15
148,135,15.546,45.08
148,136,0.313,1.0
148,137,1.948,6.23
148,138,10.015,32.05
148,139,13.172,34.25
148,140,18.398,47.84
148,141,1.773,5.14
148,142,2.074,6.64
148,143,21.314,55.42
148,144,17.574,50.97
148,145,12.544,36.38
148,146,20.349,52.91
148,147,18.929,54.89
148,149,15.24,44.2
148,150,18.938,49.24
148,151,21.967,57.11
148,152,15.523,49.67
148,153,12.546,36.38
148,154,11.555,36.98
148,155,17.819,57.02
148,156,17.697,56.63
148,157,11.767,30.59
148,158,10.1,26.26
148,159,9.417,30.13
148,160,9.636,25.05
148,161,15.904,46.12
148,162,15.955,46.27
148,163,14.611,46.75
148,164,13.44,43.01
148,165,21.061,67.4
148,166,10.839,28.18
148,167,11.802,37.77
148,168,14.697,42.62
148,169,15.276,48.88
148,170,21.947,70.23
148,171,2.754,7.99
148,172,2.96,9.47
148,173,16.689,53.41
148,174,4.108,11.91
148,175,25.198,65.51
148,176,15.559,49.79
148,177,10.92,34.94
148,178,18.537,48.2
148,179,14.275,37.11
148,180,2.311,6.01
148,181,13.42,38.92
148,182,3.02,7.85
148,183,17.63,56.41
148,184,13.291,38.54
148,185,2.787,8.08
148,186,1.029,3.29
148,187,19.066,55.29
148,188,5.254,16.81
148,189,0.818,2.37
148,190,11.851,34.37
148,191,13.6,39.44
148,192,13.215,38.32
148,193,11.738,34.04
148,194,2.213,5.75
148,195,16.672,43.35
148,196,15.707,45.55
148,197,2.231,7.14
148,198,13.598,43.51
148,199,2.742,7.95
148,200,1.71,4.45
149,0,8.693,22.6
149,1,15.351,35.31
149,2,8.497,22.09
149,3,16.612,38.21
149,4,11.381,26.18
149,5,14.493,37.68
149,6,17.679,51.27
149,7,16.44,42.74
149,8,14.052,32.32
149,9,20.043,58.13
149,10,2.24,5.82
149,11,17.913,51.95
149,12,17.482,45.45
149,13,16.749,38.52
149,14,9.341,24.29
149,15,1.018,2.95
149,16,12.849,29.55
149,17,18.27,42.02
149,18,11.213,29.15
149,19,13.412,30.85
149,20,5.797,13.33
149,21,18.607,53.96
149,22,15.642,35.98
149,23,3.906,10.16
149,24,7.931,23.0
149,25,3.253,9.43
149,26,6.67,17.34
149,27,5.389,14.01
149,28,3.029,8.78
149,29,6.968,20.21
149,30,8.763,22.78
149,31,12.514,32.54
149,32,15.824,41.14
149,33,16.459,37.86
149,34,20.269,46.62
149,35,16.926,38.93
149,36,9.72,22.36
149,37,14.953,43.36
149,38,12.699,36.83
149,39,14.006,36.42
149,40,18.472,53.57
149,41,10.495,27.29
149,42,10.785,28.04
149,43,20.519,59.5
149,44,14.209,41.21
149,45,16.102,41.87
149,46,11.17,32.39
149,47,10.166,23.38
149,48,10.942,31.73
149,49,14.999,39.0
149,50,4.894,11.26
149,51,20.793,47.82
149,52,5.929,17.19
149,53,14.396,37.43
149,54,2.902,8.41
149,55,11.852,30.81
149,56,17.055,39.23
149,57,9.541,27.67
149,58,14.42,33.17
149,59,13.188,38.24
149,60,11.033,32.0
149,61,19.876,45.72
149,62,13.247,38.42
149,63,14.121,32.48
149,64,13.835,31.82
149,65,2.342,6.09
149,66,4.94,12.85
149,67,12.707,36.85
149,68,5.491,14.28
149,69,10.018,23.04
149,70,8.841,22.99
149,71,16.738,38.5
149,72,8.223,21.38
149,73,14.467,41.96
149,74,3.66,10.61
149,75,10.967,31.81
149,76,12.653,32.9
149,77,6.406,16.66
149,78,0.851,1.96
149,79,12.487,28.72
149,80,7.729,20.09
149,81,22.535,58.59
149,82,10.1,23.23
149,83,3.12,7.18
149,84,4.903,14.22
149,85,4.57,11.88
149,86,13.016,33.84
149,87,20.181,46.42
149,88,16.403,42.65
149,89,7.203,16.57
149,90,12.938,33.64
149,91,10.177,26.46
149,92,19.395,50.43
149,93,4.846,14.05
149,94,12.697,29.2
149,95,14.526,42.13
149,96,13.513,35.13
149,97,9.952,22.89
149,98,14.177,32.61
149,99,14.102,36.66
149,100,18.671,48.55
149,101,13.12,34.11
149,102,13.172,34.25
149,103,1.772,5.14
149,104,10.601,27.56
149,105,1.77,5.13
149,106,16.406,37.73
149,107,13.273,30.53
149,108,3.54,9.2
149,109,11.451,26.34
149,110,16.492,42.88
149,111,4.15,10.79
149,112,14.423,33.17
149,113,11.37,32.97
149,114,11.0,25.3
149,115,16.906,38.88
149,116,6.043,17.52
149,117,11.034,28.69
149,118,14.544,33.45
149,119,17.449,45.37
149,120,18.917,43.51
149,121,15.182,39.47
149,122,11.344,32.9
149,123,10.343,29.99
149,124,8.644,25.07
149,125,5.174,11.9
149,126,7.701,22.33
149,127,8.872,25.73
149,128,14.951,43.36
149,129,16.45,37.83
149,130,16.374,42.57
149,131,10.267,23.61
149,132,16.3,42.38
149,133,14.959,43.38
149,134,14.938,38.84
149,135,9.02,23.45
149,136,14.927,43.29
149,137,16.36,47.44
149,138,5.299,15.37
149,139,21.605,49.69
149,140,13.31,30.61
149,141,13.955,36.28
149,142,16.173,46.9
149,143,10.883,25.03
149,144,13.139,34.16
149,145,17.649,45.89
149,146,13.024,29.96
149,147,11.137,28.96
149,148,15.24,44.2
149,150,10.05,23.12
149,151,12.758,29.34
149,152,17.818,51.67
149,153,15.998,41.6
149,154,5.375,15.59
149,155,13.041,37.82
149,156,9.426,27.34
149,157,18.411,42.35
149,158,5.143,11.83
149,159,18.345,53.2
149,160,15.944,36.67
149,161,4.676,12.16
149,162,20.851,54.21
149,163,2.012,5.83
149,164,1.853,5.37
149,165,13.116,38.04
149,166,4.409,10.14
149,167,3.787,10.98
149,168,4.043,10.51
149,169,11.734,34.03
149,170,16.376,47.49
149,171,13.021,33.85
149,172,15.5,44.95
149,173,22.831,66.21
149,174,11.802,30.68
149,175,15.613,35.91
149,176,3.309,9.6
149,177,5.176,15.01
149,178,10.957,25.2
149,179,6.818,15.68
149,180,14.046,32.31
149,181,2.053,5.34
149,182,13.211,30.39
149,183,9.995,28.99
149,184,15.473,40.23
149,185,12.927,33.61
149,186,14.865,43.11
149,187,21.153,55.0
149,188,10.034,29.1
149,189,14.44,37.54
149,190,4.863,12.64
149,191,19.536,50.79
149,192,2.253,5.86
149,193,14.526,37.77
149,194,15.247,35.07
149,195,10.2,23.46
149,196,20.805,54.09
149,197,15.625,45.31
149,198,13.765,39.92
149,199,14.319,37.23
149,200,16.95,38.99
150,0,8.112,18.66
150,1,19.769,39.54
150,2,4.175,9.6
150,3,18.847,37.69
150,4,14.951,29.9
150,5,4.684,10.77
150,6,14.773,38.41
150,7,13.235,30.44
150,8,5.025,10.05
150,9,14.309,37.2
150,10,8.644,19.88
150,11,13.447,34.96
150,12,20.122,46.28
150,13,13.514,27.03
150,14,1.669,3.84
150,15,10.906,28.36
150,16,19.702,39.4
150,17,15.145,30.29
150,18,1.325,3.05
150,19,16.528,33.06
150,20,15.235,30.47
150,21,15.469,40.22
150,22,17.66,35.32
150,23,10.308,23.71
150,24,2.408,6.26
150,25,12.306,32.0
150,26,14.406,33.13
150,27,14.931,34.34
150,28,12.78,33.23
150,29,15.25,39.65
150,30,1.601,3.68
150,31,3.79,8.72
150,32,11.72,26.96
150,33,10.535,21.07
150,34,14.782,29.56
150,35,18.425,36.85
150,36,0.867,1.73
150,37,17.794,46.27
150,38,16.44,42.74
150,39,4.176,9.6
150,40,10.09,26.23
150,41,0.705,1.62
150,42,1.316,3.03
150,43,14.314,37.22
150,44,16.19,42.09
150,45,11.606,26.69
150,46,1.185,3.08
150,47,0.77,1.54
150,48,1.876,4.88
150,49,9.153,21.05
150,50,12.866,25.73
150,51,17.139,34.28
150,52,14.289,37.15
150,53,11.142,25.63
150,54,12.951,33.67
150,55,1.875,4.31
150,56,19.708,39.42
150,57,0.783,2.04
150,58,17.25,34.5
150,59,16.694,43.4
150,60,1.146,2.98
150,61,24.27,48.54
150,62,15.988,41.57
150,63,16.684,33.37
150,64,4.233,8.47
150,65,10.477,24.1
150,66,14.9,34.27
150,67,13.779,35.83
150,68,11.863,27.29
150,69,0.501,1.0
150,70,1.69,3.89
150,71,11.55,23.1
150,72,1.889,4.35
150,73,16.121,41.92
150,74,11.935,31.03
150,75,1.408,3.66
150,76,7.39,17.0
150,77,16.328,37.55
150,78,9.239,18.48
150,79,2.523,5.05
150,80,14.643,33.68
150,81,18.068,41.56
150,82,2.421,4.84
150,83,11.565,23.13
150,84,14.899,38.74
150,85,11.262,25.9
150,86,4.152,9.55
150,87,15.455,30.91
150,88,13.765,31.66
150,89,3.258,6.52
150,90,16.715,38.45
150,91,1.183,2.72
150,92,13.557,31.18
150,93,11.332,29.46
150,94,4.611,9.22
150,95,7.037,18.3
150,96,4.873,11.21
150,97,1.498,3.0
150,98,4.755,9.51
150,99,8.86,20.38
150,100,12.455,28.65
150,101,4.044,9.3
150,102,16.26,37.4
150,103,11.593,30.14
150,104,2.077,4.78
150,105,11.801,30.68
150,106,10.415,20.83
150,107,14.696,29.39
150,108,12.535,28.83
150,109,1.999,4.0
150,110,12.372,28.46
150,111,13.53,31.12
150,112,9.69,19.38
150,113,1.577,4.1
150,114,2.076,4.15
150,115,12.359,24.72
150,116,12.663,32.92
150,117,1.361,3.13
150,118,17.273,34.55
150,119,14.032,32.27
150,120,15.689,31.38
150,121,10.388,23.89
150,122,1.313,3.41
150,123,4.152,10.79
150,124,1.681,4.37
150,125,15.222,30.44
150,126,3.119,8.11
150,127,1.258,3.27
150,128,10.95,28.47
150,129,18.764,37.53
150,130,19.477,44.8
150,131,1.117,2.23
150,132,20.359,46.83
150,133,18.355,47.72
150,134,5.498,12.65
150,135,3.451,7.94
150,136,18.679,48.57
150,137,19.046,49.52
150,138,12.334,32.07
150,139,18.323,36.65
150,140,4.419,8.84
150,141,17.191,39.54
150,142,18.74,48.72
150,143,2.585,5.17
150,144,4.835,11.12
150,145,13.699,31.51
150,146,3.034,6.07
150,147,1.358,3.12
150,148,18.938,49.24
150,149,10.05,23.12
150,151,3.16,6.32
150,152,11.906,30.96
150,153,11.815,27.17
150,154,14.297,37.17
150,155,4.527,11.77
150,156,1.244,3.23
150,157,15.128,30.26
150,158,11.794,23.59
150,159,16.597,43.15
150,160,13.763,27.53
150,161,14.717,33.85
150,162,15.509,35.67
150,163,11.988,31.17
150,164,10.759,27.97
150,165,3.071,7.98
150,166,11.097,22.19
150,167,12.214,31.76
150,168,14.045,32.3
150,169,5.379,13.98
150,170,6.512,16.93
150,171,16.185,37.23
150,172,17.531,45.58
150,173,17.72,46.07
150,174,14.839,34.13
150,175,6.426,12.85
150,176,13.353,34.72
150,177,13.547,35.22
150,178,1.46,2.92
150,179,16.702,33.4
150,180,16.838,33.68
150,181,9.51,21.87
150,182,15.99,31.98
150,183,1.534,3.99
150,184,10.712,24.64
150,185,16.152,37.15
150,186,19.122,49.72
150,187,14.017,32.24
150,188,15.167,39.43
150,189,18.353,42.21
150,190,13.859,31.88
150,191,15.319,35.23
150,192,9.543,21.95
150,193,10.867,24.99
150,194,17.731,35.46
150,195,2.747,5.49
150,196,15.606,35.89
150,197,20.381,52.99
150,198,8.708,22.64
150,199,16.721,38.46
150,200,20.411,40.82
151,0,11.126,25.59
151,1,22.843,45.69
151,2,7.213,16.59
151,3,21.728,43.46
151,4,18.032,36.06
151,5,4.015,9.23
151,6,16.853,43.82
151,7,15.333,35.27
151,8,1.984,3.97
151,9,15.476,40.24
151,10,11.071,25.46
151,11,15.15,39.39
151,12,23.027,52.96
151,13,15.585,31.17
151,14,4.725,10.87
151,15,13.68,35.57
151,16,22.862,45.72
151,17,17.145,34.29
151,18,2.884,6.63
151,19,19.547,39.09
151,20,18.179,36.36
151,21,17.447,45.36
151,22,20.54,41.08
151,23,13.403,30.83
151,24,4.83,12.56
151,25,15.259,39.67
151,26,17.516,40.29
151,27,17.851,41.06
151,28,15.624,40.62
151,29,18.334,47.67
151,30,4.76,10.95
151,31,5.045,11.6
151,32,13.679,31.46
151,33,11.956,23.91
151,34,16.019,32.04
151,35,21.22,42.44
151,36,3.936,7.87
151,37,20.763,53.98
151,38,19.508,50.72
151,39,3.645,8.38
151,40,10.166,26.43
151,41,2.494,5.74
151,42,3.518,8.09
151,43,15.278,39.72
151,44,19.103,49.67
151,45,13.451,30.94
151,46,2.04,5.31
151,47,3.596,7.19
151,48,1.823,4.74
151,49,10.779,24.79
151,50,15.938,31.88
151,51,18.881,37.76
151,52,17.354,45.12
151,53,13.394,30.81
151,54,15.646,40.68
151,55,2.523,5.8
151,56,22.621,45.24
151,57,3.346,8.7
151,58,20.228,40.46
151,59,19.74,51.32
151,60,2.016,5.24
151,61,27.302,54.6
151,62,18.984,49.36
151,63,19.647,39.29
151,64,1.1,2.2
151,65,12.798,29.44
151,66,17.684,40.67
151,67,16.662,43.32
151,68,14.999,34.5
151,69,2.94,5.88
151,70,3.922,9.02
151,71,13.158,26.32
151,72,4.962,11.41
151,73,18.997,49.39
151,74,14.959,38.89
151,75,1.859,4.83
151,76,9.513,21.88
151,77,19.137,44.01
151,78,11.993,23.99
151,79,2.563,5.13
151,80,17.79,40.92
151,81,19.504,44.86
151,82,5.09,10.18
151,83,14.561,29.12
151,84,17.474,45.43
151,85,14.373,33.06
151,86,5.112,11.76
151,87,16.935,33.87
151,88,15.975,36.74
151,89,6.387,12.77
151,90,19.782,45.5
151,91,3.926,9.03
151,92,14.736,33.89
151,93,14.453,37.58
151,94,6.048,12.1
151,95,8.203,21.33
151,96,5.772,13.28
151,97,4.33,8.66
151,98,1.596,3.19
151,99,10.76,24.75
151,100,13.557,31.18
151,101,4.821,11.09
151,102,19.281,44.35
151,103,14.399,37.44
151,104,2.235,5.14
151,105,14.456,37.59
151,106,11.821,23.64
151,107,17.589,35.18
151,108,15.502,35.65
151,109,1.314,2.63
151,110,14.271,32.82
151,111,16.462,37.86
151,112,11.658,23.32
151,113,1.583,4.12
151,114,1.798,3.6
151,115,14.121,28.24
151,116,15.802,41.09
151,117,3.257,7.49
151,118,20.24,40.48
151,119,16.018,36.84
151,120,17.63,35.26
151,121,12.256,28.19
151,122,2.432,6.32
151,123,6.721,17.48
151,124,4.142,10.77
151,125,17.869,35.74
151,126,6.279,16.33
151,127,4.382,11.39
151,128,13.012,33.83
151,129,21.656,43.31
151,130,22.442,51.62
151,131,2.525,5.05
151,132,23.4,53.82
151,133,21.365,55.55
151,134,2.341,5.39
151,135,6.422,14.77
151,136,21.716,56.46
151,137,21.975,57.13
151,138,15.451,40.17
151,139,20.122,40.24
151,140,5.242,10.48
151,141,20.207,46.48
151,142,21.661,56.32
151,143,2.157,4.31
151,144,6.031,13.87
151,145,15.549,35.76
151,146,2.541,5.08
151,147,3.089,7.11
151,148,21.967,57.11
151,149,12.758,29.34
151,150,3.16,6.32
151,152,13.192,34.3
151,153,13.741,31.61
151,154,17.306,45.0
151,155,5.662,14.72
151,156,4.342,11.29
151,157,17.085,34.17
151,158,14.918,29.84
151,159,18.868,49.06
151,160,16.083,32.17
151,161,17.352,39.91
151,162,16.758,38.54
151,163,14.749,38.35
151,164,13.67,35.54
151,165,1.701,4.42
151,166,14.203,28.41
151,167,15.233,39.6
151,168,16.799,38.64
151,169,7.522,19.56
151,170,5.257,13.67
151,171,19.214,44.19
151,172,20.416,53.08
151,173,18.939,49.24
151,174,17.885,41.13
151,175,3.273,6.55
151,176,16.006,41.61
151,177,16.6,43.16
151,178,3.486,6.97
151,179,19.531,39.06
151,180,19.82,39.64
151,181,12.467,28.67
151,182,18.989,37.98
151,183,4.337,11.28
151,184,12.556,28.88
151,185,19.186,44.13
151,186,22.192,57.7
151,187,14.543,33.45
151,188,18.315,47.62
151,189,21.406,49.23
151,190,16.852,38.76
151,191,16.981,39.06
151,192,12.52,28.8
151,193,13.035,29.98
151,194,20.663,41.33
151,195,5.359,10.72
151,196,16.904,38.88
151,197,23.472,61.03
151,198,10.695,27.81
151,199,19.667,45.23
151,200,23.398,46.8
152,0,9.446,27.39
152,1,16.894,43.93
152,2,9.873,28.63
152,3,13.735,35.71
152,4,13.419,34.89
152,5,9.552,27.7
152,6,5.326,17.04
152,7,4.447,12.9
152,8,14.876,38.68
152,9,2.421,7.75
152,10,17.777,51.55
152,11,2.669,8.54
152,12,15.009,43.52
152,13,4.454,11.58
152,14,10.855,31.48
152,15,18.129,58.01
152,16,19.841,51.59
152,17,5.224,13.58
152,18,10.947,31.75
152,19,13.547,35.22
152,20,20.317,52.82
152,21,5.383,17.22
152,22,12.807,33.3
152,23,15.212,44.11
152,24,13.665,43.73
152,25,18.009,57.63
152,26,17.696,51.32
152,27,20.274,58.8
152,28,19.132,61.22
152,29,18.782,60.1
152,30,11.582,33.59
152,31,8.293,24.05
152,32,3.143,9.12
152,33,1.428,3.71
152,34,2.876,7.48
152,35,12.614,32.8
152,36,11.286,29.34
152,37,13.857,44.34
152,38,14.233,45.55
152,39,9.735,28.23
152,40,5.051,16.16
152,41,12.317,35.72
152,42,10.626,30.82
152,43,2.703,8.65
152,44,12.056,38.58
152,45,2.555,7.41
152,46,12.006,38.42
152,47,11.154,29.0
152,48,13.36,42.75
152,49,2.934,8.51
152,50,17.21,44.75
152,51,6.016,15.64
152,52,18.321,58.63
152,53,4.613,13.38
152,54,20.087,64.28
152,55,10.917,31.66
152,56,14.758,38.37
152,57,12.625,40.4
152,58,13.56,35.26
152,59,14.079,45.05
152,60,12.243,39.18
152,61,20.065,52.17
152,62,12.869,41.18
152,63,12.969,33.72
152,64,13.529,35.18
152,65,19.501,56.55
152,66,21.173,61.4
152,67,10.193,32.62
152,68,15.395,44.65
152,69,12.395,32.23
152,70,13.384,38.81
152,71,1.44,3.74
152,72,12.213,35.42
152,73,11.636,37.23
152,74,17.109,54.75
152,75,12.751,40.8
152,76,5.255,15.24
152,77,22.188,64.35
152,78,17.035,44.29
152,79,10.664,27.73
152,80,16.931,49.1
152,81,6.316,18.32
152,82,9.743,25.33
152,83,17.119,44.51
152,84,22.233,71.15
152,85,15.553,45.1
152,86,8.115,23.53
152,87,3.793,9.86
152,88,5.357,15.53
152,89,12.012,31.23
152,90,14.406,41.78
152,91,10.77,31.23
152,92,1.679,4.87
152,93,15.388,49.24
152,94,7.346,19.1
152,95,5.001,16.0
152,96,7.426,21.54
152,97,10.583,27.52
152,98,14.105,36.67
152,99,3.723,10.8
152,100,0.922,2.67
152,101,8.382,24.31
152,102,13.393,38.84
152,103,18.463,59.08
152,104,13.776,39.95
152,105,19.37,61.98
152,106,1.524,3.96
152,107,10.842,28.19
152,108,18.067,52.4
152,109,13.057,33.95
152,110,3.008,8.72
152,111,19.089,55.36
152,112,3.477,9.04
152,113,12.468,39.9
152,114,13.557,35.25
152,115,2.323,6.04
152,116,15.844,50.7
152,117,10.694,31.01
152,118,13.451,34.97
152,119,4.345,12.6
152,120,5.407,14.06
152,121,2.82,8.18
152,122,11.339,36.29
152,123,8.373,26.79
152,124,13.215,42.29
152,125,22.169,57.64
152,126,11.409,36.51
152,127,11.951,38.24
152,128,3.605,11.54
152,129,13.78,35.83
152,130,15.145,43.92
152,131,12.918,33.59
152,132,16.848,48.86
152,133,14.822,47.43
152,134,14.39,41.73
152,135,9.789,28.39
152,136,15.433,49.39
152,137,14.387,46.04
152,138,16.128,51.61
152,139,7.298,18.97
152,140,7.957,20.69
152,141,14.008,40.62
152,142,14.064,45.01
152,143,14.202,36.92
152,144,7.235,20.98
152,145,3.484,10.1
152,146,10.658,27.71
152,147,10.788,31.29
152,148,15.523,49.67
152,149,17.818,51.67
152,150,11.906,30.96
152,151,13.192,34.3
152,153,2.993,8.68
152,154,18.983,60.74
152,155,7.595,24.3
152,156,11.173,35.75
152,157,5.018,13.05
152,158,15.629,40.64
152,159,7.695,24.62
152,160,5.993,15.58
152,161,21.809,63.25
152,162,3.608,10.46
152,163,19.003,60.81
152,164,17.219,55.1
152,165,11.532,36.9
152,166,15.522,40.36
152,167,17.361,55.56
152,168,20.651,59.89
152,169,6.816,21.81
152,170,9.668,30.94
152,171,13.449,39.0
152,172,12.755,40.82
152,173,5.817,18.62
152,174,12.776,37.05
152,175,15.345,39.9
152,176,20.608,65.94
152,177,17.936,57.39
152,178,10.519,27.35
152,179,22.373,58.17
152,180,13.312,34.61
152,181,16.065,46.59
152,182,12.915,33.58
152,183,10.531,33.7
152,184,2.625,7.61
152,185,13.505,39.16
152,186,16.298,52.15
152,187,3.785,10.98
152,188,15.239,48.76
152,189,15.434,44.76
152,190,18.81,54.55
152,191,4.094,11.87
152,192,15.934,46.21
152,193,4.145,12.02
152,194,13.4,34.84
152,195,9.436,24.53
152,196,3.725,10.8
152,197,17.7,56.64
152,198,4.054,12.97
152,199,12.795,37.11
152,200,16.168,42.04
153,0,7.335,19.07
153,1,13.91,31.99
153,2,8.853,23.02
153,3,10.845,24.94
153,4,10.473,24.09
153,5,10.629,27.64
153,6,3.174,9.21
153,7,1.787,4.65
153,8,15.604,35.89
153,9,4.356,12.63
153,10,16.286,42.34
153,11,1.92,5.57
153,12,12.144,31.57
153,13,1.952,4.49
153,14,10.46,27.2
153,15,16.174,46.9
153,16,16.893,38.85
153,17,3.406,7.83
153,18,11.126,28.93
153,19,10.555,24.28
153,20,17.876,41.11
153,21,3.705,10.75
153,22,9.875,22.71
153,23,13.003,33.81
153,24,13.139,38.1
153,25,15.767,45.72
153,26,15.09,39.24
153,27,17.876,46.48
153,28,16.955,49.17
153,29,16.17,46.89
153,30,11.102,28.87
153,31,8.699,22.62
153,32,0.185,0.48
153,33,2.736,6.29
153,34,4.413,10.15
153,35,9.779,22.49
153,36,11.06,25.44
153,37,10.885,31.57
153,38,11.248,32.62
153,39,10.674,27.75
153,40,7.547,21.89
153,41,12.354,32.12
153,42,10.661,27.72
153,43,5.138,14.9
153,44,9.073,26.31
153,45,0.477,1.24
153,46,12.205,35.39
153,47,11.046,25.41
153,48,13.507,39.17
153,49,3.114,8.1
153,50,14.78,33.99
153,51,5.362,12.33
153,52,15.794,45.8
153,53,1.79,4.65
153,54,18.02,52.26
153,55,11.271,29.3
153,56,11.871,27.3
153,57,12.436,36.07
153,58,10.576,24.33
153,59,11.088,32.16
153,60,12.41,35.99
153,61,17.182,39.52
153,62,9.877,28.64
153,63,9.982,22.96
153,64,14.293,32.87
153,65,17.89,46.51
153,66,18.902,49.14
153,67,7.212,20.92
153,68,12.939,33.64
153,69,12.316,28.33
153,70,13.057,33.95
153,71,1.584,3.64
153,72,11.649,30.29
153,73,8.661,25.12
153,74,14.823,42.99
153,75,12.906,37.43
153,76,4.437,11.54
153,77,19.814,51.52
153,78,15.272,35.12
153,79,11.187,25.73
153,80,14.226,36.99
153,81,6.667,17.33
153,82,9.436,21.7
153,83,14.899,34.27
153,84,20.128,58.37
153,85,13.211,34.35
153,86,8.694,22.6
153,87,4.192,9.64
153,88,2.661,6.92
153,89,11.104,25.54
153,90,11.418,29.69
153,91,10.632,27.64
153,92,3.907,10.16
153,93,13.017,37.75
153,94,7.697,17.7
153,95,5.876,17.04
153,96,8.137,21.16
153,97,10.353,23.81
153,98,14.906,34.28
153,99,2.99,7.77
153,100,3.844,10.0
153,101,9.018,23.45
153,102,10.402,27.04
153,103,16.418,47.61
153,104,13.844,35.99
153,105,17.424,50.53
153,106,2.851,6.56
153,107,7.85,18.06
153,108,15.792,41.06
153,109,13.321,30.64
153,110,0.564,1.47
153,111,16.772,43.61
153,112,2.126,4.89
153,113,12.718,36.88
153,114,13.715,31.54
153,115,0.953,2.19
153,116,13.307,38.59
153,117,10.807,28.1
153,118,10.471,24.08
153,119,2.28,5.93
153,120,3.897,8.96
153,121,1.49,3.87
153,122,11.568,33.55
153,123,7.79,22.59
153,124,12.835,37.22
153,125,19.99,45.98
153,126,10.544,30.58
153,127,11.543,33.48
153,128,1.053,3.05
153,129,10.878,25.02
153,130,12.212,31.75
153,131,12.911,29.69
153,132,13.886,36.1
153,133,11.844,34.35
153,134,15.325,39.85
153,135,9.024,23.46
153,136,12.45,36.1
153,137,11.468,33.26
153,138,13.668,39.64
153,139,6.513,14.98
153,140,8.633,19.86
153,141,11.017,28.64
153,142,11.141,32.31
153,143,14.322,32.94
153,144,7.767,20.2
153,145,1.898,4.94
153,146,11.324,26.05
153,147,10.937,28.44
153,148,12.546,36.38
153,149,15.998,41.6
153,150,11.815,27.17
153,151,13.741,31.61
153,152,2.993,8.68
153,154,16.528,47.93
153,155,8.131,23.58
153,156,10.847,31.46
153,157,3.346,7.69
153,158,13.206,30.37
153,159,5.434,15.76
153,160,3.165,7.28
153,161,19.669,51.14
153,162,4.905,12.75
153,163,16.96,49.18
153,164,15.163,43.97
153,165,12.211,35.41
153,166,13.205,30.37
153,167,15.056,43.66
153,168,18.459,47.99
153,169,6.437,18.67
153,170,11.229,32.56
153,171,10.458,27.19
153,172,9.816,28.47
153,173,6.834,19.82
153,174,9.814,25.52
153,175,16.338,37.58
153,176,18.544,53.78
153,177,15.479,44.89
153,178,10.598,24.38
153,179,19.963,45.91
153,180,10.323,23.74
153,181,14.109,36.68
153,182,9.923,22.82
153,183,10.308,29.89
153,184,1.216,3.16
153,185,10.515,27.34
153,186,13.31,38.6
153,187,6.698,17.41
153,188,12.363,35.85
153,189,12.444,32.35
153,190,16.404,42.65
153,191,3.686,9.58
153,192,13.955,36.28
153,193,1.492,3.88
153,194,10.442,24.02
153,195,9.106,20.94
153,196,4.828,12.55
153,197,14.715,42.67
153,198,3.108,9.01
153,199,9.812,25.51
153,200,13.242,30.46
154,0,9.641,27.96
154,1,11.265,29.29
154,2,11.463,33.24
154,3,13.557,35.25
154,4,8.51,22.13
154,5,18.212,52.82
154,6,17.275,55.28
154,7,16.385,47.52
154,8,18.837,48.98
154,9,20.868,66.78
154,10,7.615,22.08
154,11,18.305,58.58
154,12,14.108,40.91
154,13,16.66,43.32
154,14,13.162,38.17
154,15,4.384,14.03
154,16,7.798,20.27
154,17,17.902,46.54
154,18,15.243,44.2
154,19,10.355,26.92
154,20,1.35,3.51
154,21,18.204,58.25
154,22,12.843,33.39
154,23,4.204,12.19
154,24,12.569,40.22
154,25,2.168,6.94
154,26,2.113,6.13
154,27,1.447,4.2
154,28,2.639,8.45
154,29,1.771,5.67
154,30,12.783,37.07
154,31,15.824,45.89
154,32,16.343,47.39
154,33,17.81,46.31
154,34,20.937,54.44
154,35,14.234,37.01
154,36,13.749,35.75
154,37,11.791,37.73
154,38,9.401,30.08
154,39,17.774,51.55
154,40,20.933,66.98
154,41,14.868,43.12
154,42,14.694,42.61
154,43,21.557,68.98
154,44,11.676,37.36
154,45,16.777,48.65
154,46,15.478,49.53
154,47,14.192,36.9
154,48,15.559,49.79
154,49,16.541,47.97
154,50,1.779,4.62
154,51,20.419,53.09
154,52,1.027,3.29
154,53,14.749,42.77
154,54,3.878,12.41
154,55,15.896,46.1
154,56,13.72,35.67
154,57,13.964,44.69
154,58,11.351,29.51
154,59,9.937,31.8
154,60,15.397,49.27
154,61,15.464,40.21
154,62,10.452,33.45
154,63,11.26,29.28
154,64,18.406,47.86
154,65,7.167,20.79
154,66,2.96,8.58
154,67,11.057,35.38
154,68,3.594,10.42
154,69,14.397,37.43
154,70,13.441,38.98
154,71,17.671,45.94
154,72,12.409,35.99
154,73,12.077,38.64
154,74,2.367,7.57
154,75,15.451,49.44
154,76,14.409,41.79
154,77,3.367,9.76
154,78,5.808,15.1
154,79,16.479,42.85
154,80,3.516,10.2
154,81,22.441,65.08
154,82,13.596,35.35
154,83,2.747,7.14
154,84,4.906,15.7
154,85,3.525,10.22
154,86,16.313,47.31
154,87,20.445,53.16
154,88,16.053,46.55
154,89,11.084,28.82
154,90,9.569,27.75
154,91,14.078,40.83
154,92,20.341,58.99
154,93,3.637,11.64
154,94,15.697,40.81
154,95,16.946,54.23
154,96,16.634,48.24
154,97,13.759,35.77
154,98,18.832,48.96
154,99,15.518,45.0
154,100,19.899,57.71
154,101,16.506,47.87
154,102,10.179,29.52
154,103,3.686,11.8
154,104,15.308,44.39
154,105,4.615,14.77
154,106,17.799,46.28
154,107,11.271,29.3
154,108,1.887,5.47
154,109,15.999,41.6
154,110,16.908,49.03
154,111,1.368,3.97
154,112,15.523,40.36
154,113,15.79,50.53
154,114,15.657,40.71
154,115,17.481,45.45
154,116,3.282,10.5
154,117,14.981,43.44
154,118,11.512,29.93
154,119,17.35,50.32
154,120,18.523,48.16
154,121,16.167,46.88
154,122,15.486,49.56
154,123,13.198,42.23
154,124,13.191,42.21
154,125,4.361,11.34
154,126,11.394,36.46
154,127,13.041,41.73
154,128,15.576,49.84
154,129,13.372,34.77
154,130,12.876,37.34
154,131,14.784,38.44
154,132,12.304,35.68
154,133,11.481,36.74
154,134,19.601,56.84
154,135,12.214,35.42
154,136,11.253,36.01
154,137,13.09,41.89
154,138,2.862,9.16
154,139,20.953,54.48
154,140,16.58,43.11
154,141,10.726,31.11
154,142,12.992,41.57
154,143,15.668,40.74
154,144,16.159,46.86
154,145,17.804,51.63
154,146,17.019,44.25
154,147,15.117,43.84
154,148,11.555,36.98
154,149,5.375,15.59
154,150,14.297,37.17
154,151,17.306,45.0
154,152,18.983,60.74
154,153,16.528,47.93
154,155,16.172,51.75
154,156,13.382,42.82
154,157,18.11,47.09
154,158,3.355,8.72
154,159,17.231,55.14
154,160,15.427,40.11
154,161,4.349,12.61
154,162,21.384,62.01
154,163,3.753,12.01
154,164,3.796,12.15
154,165,17.312,55.4
154,166,3.609,9.38
154,167,2.084,6.67
154,168,3.162,9.17
154,169,14.218,45.5
154,170,20.056,64.18
154,171,10.013,29.04
154,172,12.716,40.69
154,173,23.068,73.82
154,174,9.166,26.58
154,175,20.385,53.0
154,176,4.151,13.28
154,177,1.05,3.36
154,178,14.846,38.6
154,179,3.452,8.97
154,180,11.064,28.77
154,181,4.861,14.1
154,182,10.4,27.04
154,183,13.789,44.12
154,184,16.39,47.53
154,185,9.901,28.71
154,186,10.92,34.95
154,187,22.666,65.73
154,188,6.463,20.68
154,189,10.742,31.15
154,190,0.512,1.48
154,191,19.596,56.83
154,192,4.791,13.89
154,193,15.061,43.68
154,194,12.243,31.83
154,195,13.581,35.31
154,196,21.264,61.67
154,197,11.338,36.28
154,198,15.162,48.52
154,199,11.518,33.4
154,200,13.2,34.32
155,0,7.533,21.85
155,1,18.898,49.14
155,2,4.729,13.71
155,3,17.09,44.44
155,4,14.275,37.12
155,5,2.807,8.14
155,6,11.28,36.1
155,7,9.785,28.38
155,8,7.478,19.44
155,9,9.943,31.82
155,10,12.189,35.35
155,11,9.488,30.36
155,12,18.43,53.45
155,13,10.019,26.05
155,14,4.017,11.65
155,15,13.699,43.84
155,16,19.996,51.99
155,17,11.536,29.99
155,18,3.405,9.87
155,19,15.418,40.09
155,20,17.328,45.05
155,21,11.829,37.85
155,22,15.928,41.41
155,23,11.968,34.71
155,24,6.679,21.37
155,25,14.502,46.41
155,26,15.691,45.5
155,27,17.12,49.65
155,28,15.292,48.93
155,29,16.691,53.41
155,30,4.764,13.82
155,31,0.738,2.14
155,32,8.083,23.44
155,33,6.311,16.41
155,34,10.456,27.19
155,35,16.39,42.62
155,36,4.119,10.71
155,37,16.411,52.51
155,38,15.622,49.99
155,39,2.679,7.77
155,40,5.706,18.26
155,41,4.817,13.97
155,42,3.211,9.31
155,43,9.862,31.56
155,44,14.617,46.77
155,45,7.817,22.67
155,46,4.434,14.19
155,47,3.849,10.01
155,48,5.789,18.52
155,49,5.12,14.85
155,50,14.499,37.7
155,51,13.219,34.37
155,52,15.883,50.83
155,53,7.994,23.18
155,54,15.812,50.6
155,55,3.323,9.64
155,56,18.056,46.95
155,57,5.3,16.96
155,58,15.923,41.4
155,59,15.737,50.36
155,60,4.678,14.97
155,61,23.074,59.99
155,62,14.782,47.3
155,63,15.307,39.8
155,64,6.163,16.02
155,65,14.053,40.75
155,66,17.479,50.69
155,67,12.173,38.95
155,68,13.046,37.83
155,69,4.978,12.94
155,70,6.164,17.88
155,71,7.495,19.49
155,72,5.442,15.78
155,73,14.412,46.12
155,74,13.868,44.38
155,75,5.183,16.59
155,76,4.179,12.12
155,77,18.791,54.49
155,78,12.189,31.69
155,79,3.102,8.07
155,80,15.518,45.0
155,81,13.882,40.26
155,82,3.013,7.83
155,83,13.642,35.47
155,84,17.92,57.34
155,85,12.733,36.93
155,86,0.563,1.63
155,87,11.296,29.37
155,88,10.489,30.42
155,89,5.937,15.44
155,90,15.878,46.05
155,91,3.545,10.28
155,92,9.194,26.66
155,93,12.701,40.64
155,94,0.595,1.55
155,95,2.601,8.32
155,96,0.473,1.37
155,97,3.521,9.15
155,98,6.775,17.62
155,99,5.186,15.04
155,100,8.047,23.34
155,101,0.896,2.6
155,102,15.173,44.0
155,103,14.267,45.65
155,104,6.229,18.06
155,105,14.797,47.35
155,106,6.179,16.07
155,107,13.091,34.04
155,108,14.671,42.55
155,109,5.464,14.21
155,110,8.646,25.07
155,111,15.738,45.64
155,112,6.099,15.86
155,113,4.879,15.61
155,114,5.981,15.55
155,115,8.467,22.01
155,116,13.764,44.05
155,117,3.205,9.29
155,118,15.898,41.33
155,119,10.411,30.19
155,120,12.0,31.2
155,121,6.641,19.26
155,122,3.766,12.05
155,123,2.99,9.57
155,124,6.07,19.43
155,125,18.093,47.04
155,126,5.379,17.21
155,127,4.965,15.89
155,128,7.478,23.93
155,129,17.05,44.33
155,130,18.042,52.32
155,131,5.428,14.11
155,132,19.276,55.9
155,133,17.158,54.9
155,134,7.213,20.92
155,135,4.057,11.76
155,136,17.609,56.35
155,137,17.467,55.9
155,138,13.679,43.77
155,139,14.463,37.6
155,140,0.584,1.52
155,141,16.052,46.55
155,142,17.138,54.84
155,143,6.631,17.24
155,144,0.369,1.07
155,145,9.906,28.73
155,146,3.194,8.31
155,147,3.269,9.48
155,148,17.819,57.02
155,149,13.041,37.82
155,150,4.527,11.77
155,151,5.662,14.72
155,152,7.595,24.3
155,153,8.131,23.58
155,154,16.172,51.75
155,156,4.168,13.34
155,157,11.462,29.8
155,158,13.108,34.08
155,159,13.392,42.86
155,160,10.684,27.78
155,161,17.631,51.13
155,162,11.194,32.46
155,163,14.749,47.2
155,164,13.191,42.21
155,165,4.083,13.07
155,166,12.613,32.79
155,167,14.155,45.3
155,168,16.728,48.51
155,169,2.546,8.15
155,170,4.223,13.51
155,171,15.142,43.91
155,172,15.818,50.62
155,173,13.395,42.86
155,174,13.941,40.43
155,175,8.237,21.42
155,176,16.282,52.1
155,177,15.247,48.79
155,178,3.071,7.98
155,179,19.102,49.66
155,180,15.543,40.41
155,181,11.885,34.47
155,182,14.801,38.48
155,183,3.465,11.09
155,184,6.929,20.09
155,185,15.141,43.91
155,186,18.237,58.36
155,187,9.49,27.52
155,188,15.159,48.51
155,189,17.388,50.43
155,190,15.823,45.89
155,191,11.319,32.83
155,192,11.842,34.34
155,193,7.574,21.97
155,194,16.196,42.11
155,195,2.856,7.43
155,196,11.32,32.83
155,197,19.613,62.76
155,198,5.174,16.56
155,199,15.267,44.27
155,200,19.055,49.54
156,0,6.868,19.92
156,1,18.535,48.19
156,2,2.931,8.5
156,3,17.608,45.78
156,4,13.718,35.67
156,5,5.069,14.7
156,6,13.733,43.95
156,7,12.198,35.37
156,8,6.248,16.25
156,9,13.592,43.49
156,10,8.248,23.92
156,11,12.543,40.14
156,12,18.881,54.76
156,13,12.484,32.46
156,14,0.435,1.26
156,15,10.22,32.7
156,16,18.552,48.24
156,17,14.13,36.74
156,18,1.861,5.4
156,19,15.286,39.74
156,20,14.378,37.38
156,21,14.459,46.27
156,22,16.421,42.69
156,23,9.313,27.01
156,24,2.545,8.14
156,25,11.455,36.66
156,26,13.374,38.78
156,27,14.096,40.88
156,28,12.02,38.47
156,29,14.251,45.6
156,30,0.668,1.94
156,31,3.476,10.08
156,32,10.741,31.15
156,33,9.771,25.4
156,34,14.035,36.49
156,35,17.196,44.71
156,36,0.407,1.06
156,37,16.551,52.96
156,38,15.204,48.65
156,39,4.58,13.28
156,40,9.869,31.58
156,41,1.948,5.65
156,42,1.361,3.95
156,43,13.673,43.75
156,44,14.949,47.84
156,45,10.669,30.94
156,46,2.306,7.38
156,47,0.816,2.12
156,48,3.11,9.95
156,49,8.335,24.17
156,50,11.889,30.91
156,51,16.199,42.12
156,52,13.314,42.6
156,53,10.069,29.2
156,54,12.304,39.37
156,55,2.515,7.29
156,56,18.466,48.01
156,57,1.626,5.2
156,58,16.006,41.62
156,59,15.454,49.45
156,60,2.337,7.48
156,61,23.03,59.88
156,62,14.744,47.18
156,63,15.44,40.15
156,64,5.385,14.0
156,65,10.111,29.32
156,66,14.175,41.11
156,67,12.542,40.13
156,68,10.796,31.31
156,69,1.665,4.33
156,70,2.227,6.46
156,71,10.7,27.82
156,72,1.305,3.79
156,73,14.883,47.63
156,74,11.015,35.25
156,75,2.65,8.48
156,76,6.41,18.59
156,77,15.575,45.17
156,78,8.591,22.34
156,79,3.114,8.1
156,80,13.547,39.29
156,81,17.228,49.96
156,82,1.437,3.74
156,83,10.677,27.76
156,84,14.321,45.83
156,85,10.24,29.69
156,86,3.929,11.39
156,87,14.614,38.0
156,88,12.689,36.8
156,89,2.309,6.0
156,90,15.479,44.89
156,91,0.753,2.18
156,92,12.844,37.25
156,93,10.291,32.93
156,94,4.092,10.64
156,95,6.476,20.72
156,96,4.587,13.3
156,97,0.647,1.68
156,98,5.935,15.43
156,99,7.939,23.02
156,100,11.784,34.17
156,101,3.924,11.38
156,102,15.018,43.55
156,103,10.874,34.8
156,104,3.256,9.44
156,105,11.194,35.82
156,106,9.659,25.11
156,107,13.457,34.99
156,108,11.67,33.84
156,109,3.237,8.42
156,110,11.409,33.08
156,111,12.691,36.8
156,112,8.73,22.7
156,113,2.773,8.87
156,114,3.305,8.59
156,115,11.445,29.76
156,116,11.589,37.08
156,117,1.622,4.7
156,118,16.029,41.67
156,119,13.027,37.78
156,120,14.69,38.19
156,121,9.457,27.42
156,122,2.131,6.82
156,123,3.076,9.84
156,124,2.042,6.53
156,125,14.592,37.94
156,126,2.019,6.46
156,127,0.806,2.58
156,128,9.942,31.81
156,129,17.524,45.56
156,130,18.233,52.88
156,131,2.304,5.99
156,132,19.12,55.45
156,133,17.112,54.76
156,134,6.661,19.32
156,135,2.219,6.43
156,136,17.439,55.8
156,137,17.803,56.97
156,138,11.298,36.15
156,139,17.359,45.13
156,140,4.223,10.98
156,141,15.948,46.25
156,142,17.498,55.99
156,143,3.771,9.81
156,144,4.412,12.8
156,145,12.742,36.95
156,146,3.656,9.51
156,147,1.745,5.06
156,148,17.697,56.63
156,149,9.426,27.34
156,150,1.244,3.23
156,151,4.342,11.29
156,152,11.173,35.75
156,153,10.847,31.46
156,154,13.382,42.82
156,155,4.168,13.34
156,157,14.127,36.73
156,158,10.748,27.94
156,159,15.492,49.58
156,160,12.654,32.9
156,161,14.1,40.89
156,162,14.752,42.78
156,163,11.3,36.16
156,164,9.958,31.87
156,165,3.947,12.63
156,166,10.081,26.21
156,167,11.299,36.16
156,168,13.346,38.7
156,169,4.454,14.25
156,170,6.951,22.24
156,171,14.944,43.34
156,172,16.291,52.13
156,173,16.958,54.26
156,174,13.599,39.44
156,175,7.615,19.8
156,176,12.733,40.75
156,177,12.589,40.28
156,178,1.531,3.98
156,179,15.934,41.43
156,180,15.594,40.54
156,181,8.678,25.17
156,182,14.747,38.34
156,183,0.703,2.25
156,184,9.785,28.38
156,185,14.911,43.24
156,186,17.887,57.24
156,187,13.547,39.29
156,188,13.974,44.72
156,189,17.115,49.63
156,190,12.962,37.59
156,191,14.416,41.81
156,192,8.689,25.2
156,193,9.823,28.49
156,194,16.488,42.87
156,195,1.758,4.57
156,196,14.83,43.01
156,197,19.152,61.29
156,198,7.756,24.82
156,199,15.478,44.88
156,200,19.167,49.83
157,0,9.771,22.47
157,1,13.196,26.39
157,2,11.959,27.51
157,3,9.533,19.07
157,4,10.823,21.65
157,5,13.896,31.96
157,6,0.862,2.24
157,7,2.032,4.67
157,8,18.939,37.88
157,9,4.621,12.01
157,10,18.973,43.64
157,11,2.35,6.11
157,12,10.681,24.57
157,13,1.719,3.44
157,14,13.729,31.58
157,15,18.447,47.96
157,16,17.006,34.01
157,17,0.285,0.57
157,18,14.467,33.27
157,19,10.264,20.53
157,20,19.452,38.9
157,21,0.379,0.98
157,22,8.831,17.66
157,23,15.053,34.62
157,24,16.349,42.51
157,25,17.698,46.01
157,26,16.415,37.75
157,27,19.525,44.91
157,28,18.947,49.26
157,29,17.451,45.37
157,30,14.345,32.99
157,31,12.041,27.7
157,32,3.42,7.87
157,33,5.582,11.16
157,34,4.225,8.45
157,35,8.277,16.55
157,36,14.357,28.71
157,37,10.108,26.28
157,38,11.169,29.04
157,39,13.968,32.13
157,40,10.068,26.18
157,41,15.681,36.07
157,42,13.994,32.19
157,43,5.642,14.67
157,44,8.539,22.2
157,45,3.647,8.39
157,46,15.545,40.42
157,47,14.362,28.72
157,48,16.841,43.79
157,49,6.379,14.67
157,50,16.447,32.89
157,51,2.383,4.77
157,52,17.261,44.88
157,53,4.234,9.74
157,54,20.131,52.34
157,55,14.616,33.62
157,56,10.509,21.02
157,57,15.731,40.9
157,58,9.962,19.92
157,59,10.863,28.24
157,60,15.748,40.95
157,61,15.703,31.41
157,62,9.656,25.11
157,63,9.464,18.93
157,64,17.623,35.25
157,65,20.458,47.05
157,66,20.729,47.68
157,67,7.492,19.48
157,68,14.619,33.62
157,69,15.628,31.26
157,70,16.319,37.53
157,71,4.214,8.43
157,72,14.864,34.19
157,73,8.042,20.91
157,74,16.713,43.45
157,75,16.242,42.23
157,76,7.739,17.8
157,77,21.47,49.38
157,78,17.751,35.5
157,79,14.528,29.06
157,80,15.344,35.29
157,81,4.336,9.97
157,82,12.732,25.46
157,83,16.881,33.76
157,84,22.16,57.62
157,85,15.067,34.65
157,86,12.024,27.66
157,87,2.901,5.8
157,88,2.064,4.75
157,89,14.207,28.41
157,90,11.267,25.91
157,91,13.945,32.07
157,92,4.718,10.85
157,93,14.836,38.57
157,94,11.038,22.08
157,95,9.126,23.73
157,96,11.448,26.33
157,97,13.654,27.31
157,98,18.234,36.47
157,99,6.335,14.57
157,100,5.459,12.56
157,101,12.345,28.39
157,102,10.191,23.44
157,103,18.585,48.32
157,104,17.169,39.49
157,105,19.684,51.18
157,106,5.721,11.44
157,107,7.777,15.55
157,108,17.676,40.65
157,109,16.663,33.33
157,110,2.816,6.48
157,111,18.572,42.72
157,112,5.458,10.92
157,113,16.06,41.76
157,114,17.049,34.1
157,115,3.085,6.17
157,116,14.828,38.55
157,117,14.145,32.53
157,118,9.815,19.63
157,119,1.101,2.53
157,120,0.564,1.13
157,121,4.829,11.11
157,122,14.911,38.77
157,123,11.055,28.74
157,124,16.087,41.83
157,125,21.928,43.86
157,126,13.674,35.55
157,127,14.8,38.48
157,128,4.185,10.88
157,129,9.621,19.24
157,130,11.082,25.49
157,131,16.23,32.46
157,132,12.92,29.72
157,133,11.106,28.88
157,134,18.636,42.86
157,135,12.217,28.1
157,136,11.754,30.56
157,137,10.284,26.74
157,138,15.319,39.83
157,139,3.309,6.62
157,140,11.953,23.91
157,141,10.556,24.28
157,142,9.991,25.98
157,143,17.651,35.3
157,144,11.096,25.52
157,145,1.621,3.73
157,146,14.656,29.31
157,147,14.277,32.84
157,148,11.767,30.59
157,149,18.411,42.35
157,150,15.128,30.26
157,151,17.085,34.17
157,152,5.018,13.05
157,153,3.346,7.69
157,154,18.11,47.09
157,155,11.462,29.8
157,156,14.127,36.73
157,158,14.934,29.87
157,159,2.79,7.25
157,160,2.696,5.39
157,161,21.664,49.83
157,162,4.196,9.65
157,163,19.119,49.71
157,164,17.345,45.1
157,165,15.545,40.42
157,166,15.098,30.2
157,167,16.913,43.97
157,168,20.404,46.93
157,169,9.757,25.37
157,170,14.356,37.32
157,171,10.294,23.68
157,172,8.819,22.93
157,173,5.155,13.4
157,174,10.08,23.19
157,175,19.642,39.28
157,176,20.65,53.69
157,177,17.081,44.41
157,178,13.934,27.87
157,179,21.556,43.11
157,180,9.829,19.66
157,181,16.425,37.78
157,182,9.712,19.42
157,183,13.611,35.39
157,184,4.533,10.43
157,185,10.38,23.87
157,186,12.683,32.98
157,187,7.727,17.77
157,188,12.992,33.78
157,189,11.886,27.34
157,190,18.071,41.56
157,191,1.834,4.22
157,192,16.25,37.38
157,193,4.347,10.0
157,194,9.554,19.11
157,195,12.402,24.8
157,196,3.942,9.07
157,197,13.997,36.39
157,198,6.439,16.74
157,199,9.227,21.22
157,200,12.041,24.08
158,0,6.3,14.49
158,1,10.224,20.45
158,2,8.486,19.52
158,3,11.586,23.17
158,4,6.334,12.67
158,5,15.329,35.26
158,6,14.117,36.7
158,7,13.145,30.23
158,8,16.615,33.23
158,9,17.535,45.59
158,10,7.051,16.22
158,11,15.008,39.02
158,12,12.39,28.5
158,13,13.428,26.86
158,14,10.467,24.07
158,15,4.543,11.81
158,16,8.294,16.59
158,17,14.74,29.48
158,18,12.581,28.94
158,19,8.352,16.7
158,20,4.688,9.38
158,21,15.053,39.14
158,22,10.683,21.37
158,23,1.639,3.77
158,24,10.431,27.12
158,25,2.895,7.53
158,26,2.632,6.05
158,27,4.669,10.74
158,28,4.179,10.86
158,29,3.586,9.32
158,30,10.211,23.49
158,31,12.826,29.5
158,32,13.021,29.95
158,33,14.455,28.91
158,34,17.619,35.24
158,35,12.018,24.04
158,36,11.14,22.28
158,37,9.885,25.7
158,38,7.584,19.72
158,39,14.92,34.32
158,40,17.66,45.92
158,41,12.428,28.58
158,42,11.985,27.57
158,43,18.211,47.35
158,44,9.325,24.24
158,45,13.443,30.92
158,46,12.974,33.73
158,47,11.564,23.13
158,48,13.276,34.52
158,49,13.194,30.35
158,50,1.581,3.16
158,51,17.276,34.55
158,52,2.815,7.32
158,53,11.436,26.3
158,54,5.521,14.36
158,55,13.222,30.41
158,56,11.967,23.93
158,57,11.594,30.14
158,58,9.369,18.74
158,59,8.086,21.02
158,60,12.933,33.62
158,61,14.785,29.57
158,62,8.256,21.46
158,63,9.123,18.25
158,64,16.01,32.02
158,65,7.459,17.15
158,66,5.795,13.33
158,67,8.22,21.37
158,68,0.374,0.86
158,69,11.979,23.96
158,70,11.228,25.82
158,71,14.324,28.65
158,72,9.957,22.9
158,73,9.645,25.08
158,74,1.91,4.97
158,75,13.068,33.98
158,76,11.088,25.5
158,77,6.609,15.2
158,78,5.059,10.12
158,79,13.762,27.52
158,80,2.994,6.89
158,81,19.246,44.27
158,82,10.733,21.47
158,83,2.279,4.56
158,84,7.344,19.1
158,85,0.64,1.47
158,86,13.301,30.59
158,87,17.176,34.35
158,88,12.871,29.6
158,89,8.538,17.08
158,90,7.816,17.98
158,91,11.387,26.19
158,92,16.999,39.1
158,93,0.469,1.22
158,94,12.602,25.2
158,95,13.696,35.61
158,96,13.558,31.18
158,97,11.033,22.07
158,98,16.495,32.99
158,99,12.167,27.98
158,100,16.545,38.05
158,101,13.522,31.1
158,102,8.124,18.69
158,103,4.275,11.12
158,104,13.108,30.15
158,105,5.521,14.35
158,106,14.445,28.89
158,107,8.608,17.22
158,108,2.806,6.45
158,109,13.648,27.3
158,110,13.601,31.28
158,111,3.638,8.37
158,112,12.168,24.34
158,113,13.35,34.71
158,114,13.403,26.81
158,115,14.159,28.32
158,116,0.995,2.59
158,117,12.282,28.25
158,118,9.503,19.01
158,119,14.126,32.49
158,120,15.372,30.74
158,121,12.814,29.47
158,122,12.879,33.49
158,123,10.118,26.31
158,124,10.947,28.46
158,125,7.031,14.06
158,126,8.729,22.7
158,127,10.545,27.42
158,128,12.242,31.83
158,129,11.416,22.83
158,130,11.256,25.89
158,131,12.449,24.9
158,132,11.161,25.67
158,133,9.837,25.58
158,134,17.255,39.69
158,135,9.286,21.36
158,136,9.787,25.45
158,137,11.28,29.33
158,138,0.571,1.48
158,139,17.887,35.77
158,140,13.554,27.11
158,141,8.864,20.39
158,142,11.112,28.89
158,143,13.528,27.06
158,144,13.061,30.04
158,145,14.539,33.44
158,146,14.29,28.58
158,147,12.433,28.6
158,148,10.1,26.26
158,149,5.143,11.83
158,150,11.794,23.59
158,151,14.918,29.84
158,152,15.629,40.64
158,153,13.206,30.37
158,154,3.355,8.72
158,155,13.108,34.08
158,156,10.748,27.94
158,157,14.934,29.87
158,159,14.28,37.13
158,160,12.278,24.56
158,161,6.818,15.68
158,162,18.082,41.59
158,163,4.715,12.26
158,164,3.345,8.7
158,165,14.688,38.19
158,166,0.832,1.66
158,167,2.042,5.31
158,168,5.532,12.72
158,169,11.018,28.65
158,170,17.127,44.53
158,171,7.967,18.32
158,172,10.544,27.41
158,173,19.814,51.52
158,174,6.834,15.72
158,175,18.12,36.24
158,176,6.0,15.6
158,177,2.314,6.02
158,178,12.121,24.24
158,179,6.76,13.52
158,180,9.012,18.02
158,181,3.454,7.94
158,182,8.214,16.43
158,183,11.055,28.74
158,184,13.04,29.99
158,185,7.867,18.09
158,186,9.727,25.29
158,187,19.311,44.41
158,188,4.895,12.73
158,189,9.298,21.38
158,190,3.197,7.35
158,191,16.357,37.62
158,192,3.266,7.51
158,193,11.732,26.98
158,194,10.222,20.44
158,195,10.672,21.34
158,196,17.971,41.33
158,197,10.531,27.38
158,198,11.812,30.71
158,199,9.342,21.49
158,200,11.81,23.62
159,0,10.084,29.24
159,1,10.844,28.19
159,2,12.997,37.69
159,3,6.983,18.16
159,4,9.25,24.05
159,5,16.0,46.4
159,6,2.376,7.6
159,7,3.661,10.62
159,8,20.79,54.05
159,9,7.392,23.66
159,10,19.222,55.74
159,11,5.05,16.16
159,12,8.041,23.32
159,13,3.485,9.06
159,14,15.071,43.71
159,15,18.226,58.32
159,16,15.048,39.12
159,17,2.533,6.59
159,18,16.113,46.73
159,19,8.273,21.51
159,20,18.539,48.2
159,21,2.495,7.98
159,22,6.449,16.77
159,23,14.7,42.63
159,24,17.492,55.97
159,25,17.15,54.88
159,26,15.36,44.54
159,27,18.675,54.16
159,28,18.43,58.98
159,29,16.332,52.26
159,30,15.604,45.25
159,31,13.89,40.28
159,32,5.428,15.74
159,33,8.037,20.9
159,34,6.96,18.1
159,35,5.682,14.77
159,36,15.773,41.01
159,37,7.819,25.02
159,38,9.27,29.67
159,39,16.008,46.42
159,40,12.709,40.67
159,41,17.207,49.9
159,42,15.577,45.17
159,43,8.412,26.92
159,44,6.5,20.8
159,45,5.856,16.98
159,46,17.169,54.94
159,47,15.849,41.21
159,48,18.4,58.88
159,49,8.533,24.74
159,50,15.689,40.79
159,51,3.896,10.13
159,52,16.304,52.17
159,53,5.481,15.9
159,54,19.708,63.07
159,55,16.353,47.42
159,56,7.913,20.57
159,57,17.119,54.78
159,58,7.778,20.22
159,59,8.883,28.43
159,60,17.349,55.52
159,61,13.007,33.82
159,62,7.75,24.8
159,63,7.369,19.16
159,64,19.513,50.73
159,65,20.534,59.55
159,66,20.018,58.05
159,67,6.187,19.8
159,68,13.933,40.4
159,69,17.087,44.43
159,70,17.597,51.03
159,71,6.689,17.39
159,72,16.043,46.52
159,73,5.986,19.16
159,74,16.153,51.69
159,75,17.821,57.03
159,76,9.356,27.13
159,77,20.588,59.71
159,78,17.776,46.22
159,79,16.354,42.52
159,80,14.153,41.04
159,81,6.091,17.66
159,82,14.177,36.86
159,83,16.403,42.65
159,84,21.622,69.19
159,85,14.526,42.12
159,86,13.953,40.46
159,87,5.517,14.35
159,88,2.904,8.42
159,89,15.176,39.46
159,90,9.316,27.02
159,91,15.432,44.75
159,92,7.508,21.77
159,93,14.268,45.66
159,94,12.905,33.55
159,95,11.283,36.1
159,96,13.454,39.02
159,97,15.099,39.26
159,98,20.135,52.35
159,99,8.218,23.83
159,100,8.212,23.82
159,101,14.288,41.44
159,102,8.257,23.94
159,103,18.251,58.4
159,104,18.672,54.15
159,105,19.423,62.15
159,106,8.168,21.24
159,107,6.153,16.0
159,108,17.083,49.54
159,109,18.295,47.57
159,110,5.039,14.61
159,111,17.879,51.85
159,112,7.303,18.99
159,113,17.699,56.64
159,114,18.608,48.38
159,115,5.536,14.39
159,116,13.993,44.78
159,117,15.767,45.72
159,118,7.613,19.79
159,119,3.369,9.77
159,120,2.641,6.87
159,121,6.864,19.91
159,122,16.57,53.03
159,123,12.446,39.83
159,124,17.338,55.48
159,125,21.302,55.38
159,126,14.705,47.06
159,127,16.084,51.47
159,128,5.92,18.94
159,129,7.094,18.45
159,130,8.574,24.86
159,131,17.714,46.06
159,132,10.448,30.3
159,133,8.801,28.16
159,134,20.603,59.75
159,135,13.411,38.89
159,136,9.45,30.24
159,137,7.771,24.87
159,138,14.582,46.66
159,139,3.911,10.17
159,140,13.927,36.21
159,141,8.439,24.47
159,142,7.504,24.01
159,143,19.173,49.85
159,144,13.04,37.82
159,145,4.211,12.21
159,146,16.552,43.03
159,147,15.913,46.15
159,148,9.417,30.13
159,149,18.345,53.2
159,150,16.597,43.15
159,151,18.868,49.06
159,152,7.695,24.62
159,153,5.434,15.76
159,154,17.231,55.14
159,155,13.392,42.86
159,156,15.492,49.58
159,157,2.79,7.25
159,158,14.28,37.13
159,160,2.839,7.38
159,161,21.098,61.18
159,162,6.832,19.81
159,163,18.765,60.05
159,164,17.055,54.58
159,165,17.428,55.77
159,166,14.591,37.94
159,167,16.316,52.21
159,168,19.812,57.45
159,169,11.363,36.36
159,170,16.661,53.32
159,171,8.386,24.32
159,172,6.465,20.69
159,173,7.285,23.31
159,174,8.495,24.64
159,175,21.629,56.24
159,176,20.212,64.68
159,177,16.247,51.99
159,178,15.544,40.42
159,179,20.618,53.61
159,180,7.728,20.09
159,181,16.301,47.27
159,182,7.81,20.31
159,183,15.063,48.2
159,184,6.634,19.24
159,185,8.486,24.61
159,186,10.39,33.25
159,187,10.512,30.48
159,188,11.513,36.84
159,189,9.655,28.0
159,190,17.269,50.08
159,191,4.475,12.98
159,192,16.109,46.72
159,193,5.837,16.93
159,194,7.226,18.79
159,195,13.852,36.02
159,196,6.552,19.0
159,197,11.625,37.2
159,198,8.22,26.3
159,199,7.104,20.6
159,200,9.48,24.65
160,0,7.444,17.12
160,1,11.04,22.08
160,2,10.173,23.4
160,3,7.742,15.48
160,4,8.219,16.44
160,5,13.358,30.72
160,6,1.849,4.81
160,7,1.565,3.6
160,8,18.02,36.04
160,9,6.579,17.11
160,10,16.657,38.31
160,11,3.761,9.78
160,12,9.019,20.74
160,13,1.653,3.31
160,14,12.232,28.13
160,15,15.919,41.39
160,16,14.508,29.02
160,17,2.476,4.95
160,18,13.303,30.6
160,19,7.869,15.74
160,20,16.767,33.53
160,21,2.778,7.22
160,22,6.837,13.67
160,23,12.471,28.68
160,24,14.663,38.12
160,25,15.071,39.18
160,26,13.72,31.55
160,27,16.847,38.75
160,28,16.33,42.46
160,29,14.755,38.36
160,30,12.766,29.36
160,31,11.145,25.63
160,32,3.087,7.1
160,33,5.901,11.8
160,34,6.36,12.72
160,35,6.634,13.27
160,36,12.937,25.87
160,37,7.959,20.69
160,38,8.698,22.62
160,39,13.332,30.66
160,40,10.712,27.85
160,41,14.378,33.07
160,42,12.758,29.34
160,43,7.547,19.62
160,44,6.233,16.21
160,45,3.641,8.37
160,46,14.353,37.32
160,47,13.018,26.04
160,48,15.573,40.49
160,49,6.054,13.92
160,50,13.777,27.55
160,51,4.999,10.0
160,52,14.571,37.88
160,53,2.697,6.2
160,54,17.542,45.61
160,55,13.562,31.19
160,56,8.765,17.53
160,57,14.281,37.13
160,58,7.72,15.44
160,59,8.447,21.96
160,60,14.529,37.78
160,61,14.073,28.15
160,62,7.223,18.78
160,63,7.164,14.33
160,64,16.759,33.52
160,65,18.059,41.54
160,66,18.073,41.57
160,67,4.862,12.64
160,68,11.956,27.5
160,69,14.252,28.5
160,70,14.76,33.95
160,71,4.694,9.39
160,72,13.209,30.38
160,73,5.771,15.0
160,74,14.081,36.61
160,75,14.998,39.0
160,76,6.578,15.13
160,77,18.79,43.22
160,78,15.321,30.64
160,79,13.589,27.18
160,80,12.651,29.1
160,81,7.031,16.17
160,82,11.344,22.69
160,83,14.269,28.54
160,84,19.543,50.81
160,85,12.434,28.6
160,86,11.239,25.85
160,87,5.353,10.71
160,88,0.741,1.7
160,89,12.366,24.73
160,90,8.825,20.3
160,91,12.601,28.98
160,92,6.406,14.73
160,93,12.197,31.71
160,94,10.174,20.35
160,95,8.73,22.7
160,96,10.781,24.8
160,97,12.265,24.53
160,98,17.382,34.76
160,99,5.572,12.82
160,100,6.73,15.48
160,101,11.579,26.63
160,102,7.76,17.85
160,103,16.019,41.65
160,104,15.839,36.43
160,105,17.145,44.58
160,106,6.014,12.03
160,107,5.254,10.51
160,108,15.038,34.59
160,109,15.479,30.96
160,110,2.992,6.88
160,111,15.916,36.61
160,112,4.674,9.35
160,113,14.885,38.7
160,114,15.782,31.56
160,115,3.67,7.34
160,116,12.145,31.58
160,117,12.954,29.79
160,118,7.593,15.19
160,119,2.163,4.98
160,120,3.097,6.19
160,121,4.386,10.09
160,122,13.763,35.78
160,123,9.612,24.99
160,124,14.501,37.7
160,125,19.29,38.58
160,126,11.885,30.9
160,127,13.246,34.44
160,128,3.317,8.62
160,129,7.789,15.58
160,130,9.17,21.09
160,131,14.88,29.76
160,132,10.912,25.1
160,133,8.945,23.26
160,134,17.874,41.11
160,135,10.574,24.32
160,136,9.576,24.9
160,137,8.404,21.85
160,138,12.65,32.89
160,139,5.674,11.35
160,140,11.234,22.47
160,141,8.243,18.96
160,142,8.084,21.02
160,143,16.342,32.68
160,144,10.34,23.78
160,145,2.938,6.76
160,146,13.81,27.62
160,147,13.103,30.14
160,148,9.636,25.05
160,149,15.944,36.67
160,150,13.763,27.53
160,151,16.083,32.17
160,152,5.993,15.58
160,153,3.165,7.28
160,154,15.427,40.11
160,155,10.684,27.78
160,156,12.654,32.9
160,157,2.696,5.39
160,158,12.278,24.56
160,159,2.839,7.38
160,161,19.04,43.79
160,162,6.542,15.05
160,163,16.548,43.03
160,164,14.79,38.45
160,165,14.677,38.16
160,166,12.474,24.95
160,167,14.273,37.11
160,168,17.772,40.88
160,169,8.564,22.27
160,170,14.158,36.81
160,171,7.847,18.05
160,172,6.792,17.66
160,173,7.806,20.29
160,174,7.489,17.23
160,175,18.905,37.81
160,176,18.058,46.95
160,177,14.402,37.45
160,178,12.73,25.46
160,179,18.87,37.74
160,180,7.523,15.05
160,181,13.928,32.03
160,182,7.275,14.55
160,183,12.229,31.8
160,184,4.227,9.72
160,185,7.922,18.22
160,186,10.475,27.23
160,187,9.432,21.69
160,188,10.345,26.9
160,189,9.635,22.16
160,190,15.397,35.41
160,191,4.356,10.02
160,192,13.746,31.62
160,193,3.117,7.17
160,194,7.466,14.93
160,195,11.02,22.04
160,196,6.335,14.57
160,197,11.848,30.81
160,198,5.524,14.36
160,199,6.959,16.01
160,200,10.186,20.37
161,0,12.39,32.21
161,1,15.587,35.85
161,2,12.991,33.78
161,3,17.874,41.11
161,4,12.751,29.33
161,5,19.164,49.83
161,6,20.864,60.51
161,7,19.808,51.5
161,8,18.536,42.63
161,9,23.901,69.31
161,10,6.346,16.5
161,11,21.538,62.46
161,12,18.453,47.98
161,13,20.103,46.24
161,14,14.006,36.42
161,15,3.932,11.4
161,16,11.757,27.04
161,17,21.483,49.41
161,18,15.888,41.31
161,19,14.652,33.7
161,20,3.531,8.12
161,21,21.803,63.23
161,22,17.12,39.38
161,23,6.669,17.34
161,24,12.546,36.38
161,25,3.97,11.51
161,26,6.458,16.79
161,27,3.122,8.12
161,28,2.723,7.9
161,29,5.986,17.36
161,30,13.438,34.94
161,31,17.133,44.55
161,32,19.487,50.67
161,33,20.515,47.18
161,34,24.055,55.33
161,35,18.502,42.56
161,36,14.396,33.11
161,37,16.112,46.72
161,38,13.722,39.79
161,39,18.679,48.57
161,40,22.938,66.52
161,41,15.144,39.38
161,42,15.46,40.2
161,43,24.478,70.99
161,44,15.89,46.08
161,45,19.846,51.6
161,46,15.825,45.89
161,47,14.841,34.14
161,48,15.53,45.04
161,49,19.116,49.7
161,50,5.486,12.62
161,51,24.027,55.26
161,52,5.372,15.58
161,53,17.952,46.68
161,54,1.819,5.28
161,55,16.526,42.97
161,56,18.062,41.54
161,57,14.188,41.14
161,58,15.658,36.01
161,59,14.257,41.34
161,60,15.681,45.47
161,61,19.68,45.26
161,62,14.706,42.65
161,63,15.535,35.73
161,64,18.414,42.35
161,65,4.92,12.79
161,66,1.502,3.9
161,67,15.017,43.55
161,68,7.169,18.64
161,69,14.669,33.74
161,70,13.455,34.98
161,71,20.613,47.41
161,72,12.898,33.54
161,73,16.264,47.17
161,74,4.962,14.39
161,75,15.592,45.22
161,76,16.82,43.73
161,77,2.502,6.5
161,78,5.51,12.67
161,79,17.163,39.47
161,80,7.859,20.43
161,81,25.942,67.45
161,82,14.732,33.88
161,83,4.791,11.02
161,84,0.558,1.62
161,85,6.607,17.18
161,86,17.636,45.85
161,87,23.762,54.65
161,88,19.604,50.97
161,89,11.861,27.28
161,90,13.899,36.14
161,91,14.85,38.61
161,92,23.303,60.59
161,93,6.85,19.86
161,94,17.257,39.69
161,95,18.95,54.96
161,96,18.104,47.07
161,97,14.618,33.62
161,98,18.722,43.06
161,99,18.154,47.2
161,100,22.698,59.01
161,101,17.754,46.16
161,102,14.465,37.61
161,103,3.41,9.89
161,104,15.16,39.42
161,105,2.916,8.46
161,106,20.479,47.1
161,107,15.345,35.29
161,108,4.016,10.44
161,109,16.055,36.93
161,110,20.112,52.29
161,111,3.293,8.56
161,112,18.342,42.19
161,113,16.006,46.42
161,114,15.572,35.82
161,115,20.612,47.41
161,116,7.206,20.9
161,117,15.709,40.84
161,118,15.815,36.37
161,119,20.806,54.1
161,120,22.122,50.88
161,121,19.06,49.56
161,122,16.015,46.44
161,123,14.839,43.03
161,124,13.274,38.49
161,125,0.525,1.21
161,126,12.34,35.79
161,127,13.547,39.29
161,128,18.654,54.1
161,129,17.691,40.69
161,130,17.224,44.78
161,131,14.889,34.24
161,132,16.633,43.25
161,133,15.826,45.9
161,134,19.474,50.63
161,135,13.581,35.31
161,136,15.602,45.25
161,137,17.426,50.54
161,138,6.547,18.99
161,139,24.679,56.76
161,140,17.927,41.23
161,141,15.049,39.13
161,142,17.32,50.23
161,143,15.403,35.43
161,144,17.707,46.04
161,145,21.147,54.98
161,146,17.699,40.71
161,147,15.812,41.11
161,148,15.904,46.12
161,149,4.676,12.16
161,150,14.717,33.85
161,151,17.352,39.91
161,152,21.809,63.25
161,153,19.669,51.14
161,154,4.349,12.61
161,155,17.631,51.13
161,156,14.1,40.89
161,157,21.664,49.83
161,158,6.818,15.68
161,159,21.098,61.18
161,160,19.04,43.79
161,162,24.575,63.89
161,163,2.897,8.4
161,164,4.613,13.38
161,165,17.778,51.56
161,166,6.568,15.11
161,167,4.784,13.87
161,168,1.291,3.36
161,169,16.144,46.82
161,170,21.048,61.04
161,171,14.299,37.18
161,172,16.989,49.27
161,173,26.419,76.61
161,174,13.367,34.75
161,175,20.091,46.21
161,176,1.367,3.96
161,177,5.086,14.75
161,178,15.631,35.95
161,179,2.948,6.78
161,180,15.356,35.32
161,181,5.854,15.22
161,182,14.656,33.71
161,183,14.661,42.52
161,184,19.324,50.24
161,185,14.189,36.89
161,186,15.259,44.25
161,187,25.316,65.82
161,188,10.787,31.28
161,189,15.091,39.24
161,190,4.086,10.62
161,191,23.003,59.81
161,192,5.949,15.47
161,193,18.177,47.26
161,194,16.547,38.06
161,195,14.814,34.07
161,196,24.492,63.68
161,197,15.623,45.31
161,198,17.804,51.63
161,199,15.784,41.04
161,200,17.546,40.36
162,0,12.225,31.78
162,1,17.383,39.98
162,2,13.273,34.51
162,3,13.72,31.56
162,4,14.742,33.91
162,5,13.025,33.86
162,6,4.971,14.42
162,7,5.173,13.45
162,8,18.397,42.31
162,9,1.319,3.83
162,10,21.016,54.64
162,11,3.08,8.93
162,12,14.845,38.6
162,13,4.961,11.41
162,14,14.422,37.5
162,15,21.058,61.07
162,16,21.049,48.41
162,17,4.482,10.31
162,18,14.555,37.84
162,19,14.372,33.06
162,20,22.733,52.29
162,21,4.392,12.74
162,22,13.026,29.96
162,23,17.908,46.56
162,24,17.222,49.94
162,25,20.67,59.94
162,26,19.871,51.66
162,27,22.748,59.14
162,28,21.86,63.39
162,29,20.94,60.72
162,30,15.139,39.36
162,31,11.897,30.93
162,32,5.088,13.23
162,33,4.982,11.46
162,34,0.74,1.7
162,35,12.452,28.64
162,36,14.877,34.22
162,37,14.292,41.45
162,38,15.232,44.17
162,39,13.245,34.44
162,40,7.757,22.49
162,41,15.925,41.4
162,42,14.233,37.0
162,43,2.004,5.81
162,44,12.679,36.77
162,45,4.752,12.36
162,46,15.612,45.28
162,47,14.755,33.94
162,48,16.967,49.2
162,49,6.433,16.73
162,50,19.648,45.19
162,51,3.558,8.18
162,52,20.62,59.8
162,53,6.648,17.29
162,54,22.921,66.47
162,55,14.516,37.74
162,56,14.688,33.78
162,57,16.223,47.05
162,58,14.126,32.49
162,59,14.961,43.39
162,60,15.849,45.96
162,61,19.837,45.63
162,62,13.741,39.85
162,63,13.609,31.3
162,64,17.049,39.21
162,65,22.675,58.96
162,66,23.8,61.88
162,67,11.381,33.0
162,68,17.804,46.29
162,69,15.999,36.8
162,70,16.97,44.12
162,71,4.202,9.66
162,72,15.757,40.97
162,73,12.191,35.35
162,74,19.722,57.19
162,75,16.357,47.44
162,76,8.628,22.43
162,77,24.691,64.2
162,78,20.105,46.24
162,79,14.248,32.77
162,80,18.927,49.21
162,81,2.893,7.52
162,82,13.317,30.63
162,83,19.803,45.55
162,84,25.032,72.59
162,85,18.104,47.07
162,86,11.708,30.44
162,87,1.315,3.02
162,88,5.803,15.09
162,89,15.467,35.57
162,90,15.35,39.91
162,91,14.367,37.36
162,92,2.03,5.28
162,93,17.906,51.93
162,94,10.954,25.19
162,95,8.595,24.92
162,96,11.009,28.62
162,97,14.171,32.59
162,98,17.611,40.5
162,99,7.03,18.28
162,100,3.227,8.39
162,101,11.966,31.11
162,102,14.279,37.12
162,103,21.316,61.82
162,104,17.384,45.2
162,105,22.308,64.69
162,106,5.098,11.72
162,107,11.793,27.12
162,108,20.692,53.8
162,109,16.658,38.31
162,110,4.482,11.65
162,111,21.665,56.33
162,112,6.497,14.94
162,113,16.071,46.61
162,114,17.163,39.48
162,115,3.966,9.12
162,116,18.137,52.6
162,117,14.302,37.18
162,118,13.984,32.16
162,119,4.379,11.38
162,120,4.198,9.66
162,121,5.715,14.86
162,122,14.945,43.34
162,123,11.883,34.46
162,124,16.794,48.7
162,125,24.894,57.26
162,126,14.873,43.13
162,127,15.521,45.01
162,128,5.928,17.19
162,129,13.812,31.77
162,130,15.276,39.72
162,131,16.525,38.01
162,132,17.117,44.5
162,133,15.29,44.34
162,134,17.854,46.42
162,135,13.268,34.5
162,136,15.936,46.21
162,137,14.477,41.98
162,138,18.53,53.74
162,139,4.676,10.75
162,140,11.54,26.54
162,141,14.7,38.22
162,142,14.186,41.14
162,143,17.808,40.96
162,144,10.836,28.17
162,145,3.684,9.58
162,146,14.219,32.7
162,147,14.396,37.43
162,148,15.955,46.27
162,149,20.851,54.21
162,150,15.509,35.67
162,151,16.758,38.54
162,152,3.608,10.46
162,153,4.905,12.75
162,154,21.384,62.01
162,155,11.194,32.46
162,156,14.752,42.78
162,157,4.196,9.65
162,158,18.082,41.59
162,159,6.832,19.81
162,160,6.542,15.05
162,161,24.575,63.89
162,163,21.858,63.39
162,164,20.062,58.18
162,165,15.084,43.74
162,166,18.102,41.63
162,167,19.952,57.86
162,168,23.364,60.75
162,169,10.349,30.01
162,170,12.926,37.49
162,171,14.372,37.37
162,172,13.013,37.74
162,173,2.211,6.41
162,174,14.021,36.45
162,175,18.78,43.19
162,176,23.445,67.99
162,177,20.336,58.97
162,178,14.127,32.49
162,179,24.828,57.1
162,180,13.973,32.14
162,181,18.99,49.37
162,182,13.795,31.73
162,183,14.12,40.95
162,184,5.405,14.05
162,185,14.45,37.57
162,186,16.86,48.9
162,187,4.072,10.59
162,188,16.815,48.76
162,189,16.052,41.73
162,190,21.276,55.32
162,191,2.376,6.18
162,192,18.84,48.98
162,193,6.398,16.63
162,194,13.744,31.61
162,195,13.005,29.91
162,196,0.301,0.78
162,197,18.186,52.74
162,198,7.311,21.2
162,199,13.382,34.79
162,200,16.229,37.33
163,0,9.636,27.94
163,1,14.542,37.81
163,2,10.096,29.28
163,3,16.265,42.29
163,4,11.021,28.65
163,5,16.349,47.41
163,6,18.343,58.7
163,7,17.21,49.91
163,8,16.062,41.76
163,9,21.138,67.64
163,10,4.118,11.94
163,11,18.85,60.32
163,12,17.01,49.33
163,13,17.511,45.53
163,14,11.183,32.43
163,15,1.083,3.46
163,16,11.506,29.92
163,17,18.953,49.28
163,18,13.116,38.04
163,19,13.021,33.85
163,20,3.905,10.15
163,21,19.281,61.7
163,22,15.388,40.01
163,23,4.079,11.83
163,24,9.919,31.74
163,25,1.988,6.36
163,26,5.447,15.8
163,27,3.47,10.06
163,28,1.142,3.66
163,29,5.485,17.55
163,30,10.645,30.87
163,31,14.263,41.36
163,32,16.78,48.66
163,33,17.689,45.99
163,34,21.316,55.42
163,35,16.73,43.5
163,36,11.612,30.19
163,37,14.542,46.54
163,38,12.197,39.03
163,39,15.87,46.02
163,40,20.041,64.13
163,41,12.456,36.12
163,42,12.661,36.72
163,43,21.685,69.39
163,44,14.04,44.93
163,45,17.113,49.63
163,46,13.124,42.0
163,47,12.061,31.36
163,48,12.937,41.4
163,49,16.272,47.19
163,50,3.867,10.06
163,51,21.496,55.89
163,52,4.52,14.46
163,53,15.277,44.3
163,54,1.093,3.5
163,55,13.761,39.91
163,56,16.595,43.15
163,57,11.506,36.82
163,58,14.04,36.5
163,59,12.714,40.69
163,60,12.995,41.58
163,61,18.933,49.23
163,62,12.958,41.46
163,63,13.821,35.93
163,64,15.83,41.16
163,65,3.417,9.91
163,66,2.936,8.51
163,67,12.845,41.1
163,68,5.088,14.76
163,69,11.978,31.14
163,70,10.828,31.4
163,71,17.839,46.38
163,72,10.136,29.39
163,73,14.358,45.94
163,74,2.842,9.09
163,75,12.946,41.43
163,76,13.961,40.49
163,77,4.397,12.75
163,78,2.759,7.17
163,79,14.39,37.41
163,80,6.703,19.44
163,81,23.346,67.7
163,82,11.872,30.87
163,83,2.439,6.34
163,84,3.253,10.41
163,85,4.312,12.5
163,86,14.765,42.82
163,87,21.095,54.85
163,88,17.071,49.51
163,89,9.032,23.48
163,90,12.411,35.99
163,91,12.046,34.93
163,92,20.524,59.52
163,93,4.589,14.68
163,94,14.368,37.36
163,95,16.055,51.38
163,96,15.222,44.14
163,97,11.797,30.67
163,98,16.18,42.07
163,99,15.324,44.44
163,100,19.883,57.66
163,101,14.892,43.19
163,102,12.802,37.13
163,103,0.542,1.74
163,104,12.604,36.55
163,105,0.894,2.86
163,106,17.648,45.89
163,107,13.291,34.56
163,108,2.221,6.44
163,109,13.44,34.94
163,110,17.421,50.52
163,111,2.404,6.97
163,112,15.55,40.43
163,113,13.342,42.69
163,114,12.999,33.8
163,115,17.893,46.52
163,116,5.401,17.28
163,117,12.919,37.46
163,118,14.181,36.87
163,119,18.216,52.83
163,120,19.597,50.95
163,121,16.282,47.22
163,122,13.27,42.46
163,123,11.944,38.22
163,124,10.623,33.99
163,125,3.345,8.7
163,126,9.489,30.37
163,127,10.787,34.52
163,128,15.93,50.98
163,129,16.092,41.84
163,130,15.838,45.93
163,131,12.248,31.85
163,132,15.541,45.07
163,133,14.416,46.13
163,134,16.942,49.13
163,135,10.695,31.02
163,136,14.299,45.76
163,137,15.921,50.95
163,138,4.647,14.87
163,139,22.218,57.77
163,140,15.055,39.14
163,141,13.503,39.16
163,142,15.769,50.46
163,143,12.892,33.52
163,144,14.819,42.97
163,145,18.505,53.66
163,146,14.93,38.82
163,147,13.029,37.78
163,148,14.611,46.75
163,149,2.012,5.83
163,150,11.988,31.17
163,151,14.749,38.35
163,152,19.003,60.81
163,153,16.96,49.18
163,154,3.753,12.01
163,155,14.749,47.2
163,156,11.3,36.16
163,157,19.119,49.71
163,158,4.715,12.26
163,159,18.765,60.05
163,160,16.548,43.03
163,161,2.897,8.4
163,162,21.858,63.39
163,164,1.797,5.75
163,165,15.059,48.19
163,166,4.214,10.96
163,167,2.812,9.0
163,168,2.057,5.97
163,169,13.248,42.4
163,170,18.232,58.34
163,171,12.642,36.66
163,172,15.25,48.8
163,173,23.755,76.01
163,174,11.544,33.48
163,175,17.624,45.82
163,176,1.607,5.14
163,177,3.874,12.4
163,178,12.829,33.36
163,179,4.806,12.5
163,180,13.696,35.61
163,181,2.97,8.61
163,182,12.915,33.58
163,183,11.838,37.88
163,184,16.555,48.01
163,185,12.54,36.37
163,186,14.116,45.17
163,187,22.468,65.16
163,188,9.358,29.94
163,189,13.796,40.01
163,190,3.261,9.46
163,191,20.377,59.09
163,192,3.08,8.93
163,193,15.469,44.86
163,194,14.905,38.75
163,195,11.943,31.05
163,196,21.788,63.18
163,197,14.722,47.11
163,198,14.977,47.93
163,199,14.046,40.73
163,200,16.309,42.4
164,0,7.84,22.74
164,1,13.517,35.14
164,2,8.489,24.62
164,3,14.902,38.75
164,4,9.654,25.1
164,5,14.946,43.34
164,6,16.576,53.04
164,7,15.427,44.74
164,8,15.125,39.33
164,9,19.345,61.9
164,10,3.986,11.56
164,11,17.054,54.57
164,12,15.73,45.62
164,13,15.729,40.89
164,14,9.795,28.41
164,15,1.222,3.91
164,16,11.032,28.68
164,17,17.183,44.67
164,18,11.806,34.24
164,19,11.679,30.37
164,20,4.513,11.73
164,21,17.513,56.04
164,22,13.968,36.32
164,23,2.361,6.85
164,24,8.875,28.4
164,25,1.636,5.24
164,26,4.855,14.08
164,27,4.181,12.13
164,28,2.101,6.72
164,29,5.246,16.79
164,30,9.323,27.04
164,31,12.744,36.96
164,32,14.983,43.45
164,33,15.912,41.37
164,34,19.52,50.75
164,35,15.279,39.73
164,36,10.297,26.77
164,37,13.217,42.29
164,38,10.929,34.97
164,39,14.481,41.99
164,40,18.375,58.8
164,41,11.285,32.73
164,42,11.307,32.79
164,43,19.897,63.67
164,44,12.568,40.22
164,45,15.316,44.42
164,46,11.925,38.16
164,47,10.747,27.94
164,48,11.891,38.05
164,49,14.506,42.07
164,50,3.061,7.96
164,51,19.724,51.28
164,52,4.193,13.42
164,53,13.483,39.1
164,54,2.869,9.18
164,55,12.459,36.13
164,56,15.306,39.8
164,57,10.355,33.14
164,58,12.694,33.0
164,59,11.427,36.57
164,60,11.821,37.83
164,61,18.029,46.87
164,62,11.552,36.97
164,63,12.424,32.3
164,64,14.766,38.39
164,65,4.121,11.95
164,66,4.288,12.44
164,67,11.222,35.91
164,68,3.706,10.75
164,69,10.808,28.1
164,70,9.766,28.32
164,71,16.047,41.72
164,72,8.875,25.74
164,73,12.855,41.14
164,74,1.819,5.82
164,75,11.83,37.85
164,76,12.207,35.4
164,77,5.635,16.34
164,78,2.05,5.33
164,79,13.071,33.98
164,80,5.878,17.05
164,81,21.56,62.52
164,82,10.392,27.02
164,83,1.277,3.32
164,84,5.016,16.05
164,85,2.816,8.17
164,86,13.245,38.41
164,87,19.301,50.18
164,88,15.302,44.38
164,89,7.653,19.9
164,90,11.161,32.37
164,91,10.687,30.99
164,92,18.733,54.33
164,93,3.099,9.92
164,94,12.782,33.23
164,95,14.377,46.01
164,96,13.664,39.62
164,97,10.407,27.06
164,98,15.163,39.42
164,99,13.549,39.29
164,100,18.102,52.5
164,101,13.394,38.84
164,102,11.446,33.19
164,103,1.254,4.01
164,104,11.609,33.67
164,105,2.368,7.58
164,106,15.874,41.27
164,107,11.723,30.48
164,108,1.909,5.54
164,109,12.357,32.13
164,110,15.626,45.31
164,111,2.793,8.1
164,112,13.761,35.78
164,113,12.195,39.02
164,114,11.975,31.14
164,115,16.096,41.85
164,116,4.209,13.47
164,117,11.579,33.58
164,118,12.824,33.34
164,119,16.433,47.66
164,120,17.828,46.35
164,121,14.49,42.02
164,122,12.003,38.41
164,123,10.323,33.03
164,124,9.531,30.5
164,125,5.014,13.04
164,126,8.054,25.77
164,127,9.522,30.47
164,128,14.134,45.23
164,129,14.736,38.31
164,130,14.6,42.34
164,131,11.146,28.98
164,132,14.475,41.98
164,133,13.182,42.18
164,134,15.932,46.2
164,135,9.137,26.5
164,136,13.127,42.01
164,137,14.617,46.77
164,138,3.457,11.06
164,139,20.463,53.2
164,140,13.53,35.18
164,141,12.203,35.39
164,142,14.442,46.21
164,143,11.947,31.06
164,144,13.239,38.39
164,145,16.713,48.47
164,146,13.613,35.39
164,147,11.702,33.93
164,148,13.44,43.01
164,149,1.853,5.37
164,150,10.759,27.97
164,151,13.67,35.54
164,152,17.219,55.1
164,153,15.163,43.97
164,154,3.796,12.15
164,155,13.191,42.21
164,156,9.958,31.87
164,157,17.345,45.1
164,158,3.345,8.7
164,159,17.055,54.58
164,160,14.79,38.45
164,161,4.613,13.38
164,162,20.062,58.18
164,163,1.797,5.75
164,165,13.818,44.22
164,166,2.676,6.96
164,167,1.976,6.32
164,168,3.561,10.33
164,169,11.573,37.03
164,170,16.821,53.83
164,171,11.292,32.75
164,172,13.827,44.25
164,173,21.96,70.27
164,174,10.115,29.33
164,175,16.681,43.37
164,176,3.392,10.85
164,177,3.416,10.93
164,178,11.469,29.82
164,179,5.98,15.55
164,180,12.33,32.06
164,181,1.307,3.79
164,182,11.514,29.94
164,183,10.444,33.42
164,184,14.761,42.81
164,185,11.194,32.46
164,186,13.04,41.73
164,187,20.705,60.05
164,188,8.213,26.28
164,189,12.635,36.64
164,190,3.297,9.56
164,191,18.587,53.9
164,192,1.359,3.94
164,193,13.673,39.65
164,194,13.536,35.19
164,195,10.434,27.13
164,196,19.991,57.97
164,197,13.78,44.1
164,198,13.201,42.24
164,199,12.633,36.64
164,200,15.15,39.39
165,0,10.285,29.83
165,1,22.01,57.23
165,2,6.509,18.88
165,3,20.647,53.68
165,4,17.235,44.81
165,5,2.352,6.82
165,6,15.352,49.13
165,7,13.847,40.16
165,8,3.396,8.83
165,9,13.797,44.15
165,10,11.643,33.76
165,11,13.554,43.37
165,12,21.965,63.7
165,13,14.088,36.63
165,14,4.225,12.25
165,15,13.977,44.73
165,16,22.383,58.2
165,17,15.618,40.61
165,18,2.111,6.12
165,19,18.636,48.45
165,20,18.279,47.53
165,21,15.911,50.92
165,22,19.465,50.61
165,23,13.259,38.45
165,24,5.311,17.0
165,25,15.351,49.12
165,26,17.316,50.22
165,27,17.983,52.15
165,28,15.848,50.71
165,29,18.198,58.23
165,30,4.529,13.14
165,31,3.537,10.26
165,32,12.16,35.26
165,33,10.322,26.84
165,34,14.345,37.3
165,35,20.065,52.17
165,36,3.567,9.27
165,37,19.781,63.3
165,38,18.678,59.77
165,39,1.952,5.66
165,40,8.487,27.16
165,41,2.659,7.71
165,42,2.735,7.93
165,43,13.584,43.47
165,44,18.066,57.81
165,45,11.9,34.51
165,46,1.963,6.28
165,47,3.131,8.14
165,48,2.761,8.83
165,49,9.197,26.67
165,50,15.835,41.17
165,51,17.281,44.93
165,52,17.26,55.23
165,53,11.981,34.74
165,54,16.017,51.26
165,55,1.49,4.32
165,56,21.57,56.08
165,57,3.611,11.56
165,58,19.26,50.08
165,59,18.873,60.39
165,60,2.14,6.85
165,61,26.386,68.6
165,62,18.045,57.74
165,63,18.664,48.53
165,64,2.087,5.43
165,65,13.448,39.0
165,66,17.971,52.12
165,67,15.61,49.95
165,68,14.727,42.71
165,69,3.123,8.12
165,70,4.436,12.86
165,71,11.552,30.04
165,72,4.944,14.34
165,73,17.925,57.36
165,74,14.946,47.83
165,75,2.386,7.63
165,76,8.103,23.5
165,77,19.397,56.25
165,78,12.308,32.0
165,79,1.133,2.95
165,80,17.457,50.62
165,81,17.847,51.76
165,82,4.212,10.95
165,83,14.593,37.94
165,84,17.95,57.44
165,85,14.185,41.14
165,86,3.522,10.21
165,87,15.291,39.76
165,88,14.525,42.12
165,89,6.229,16.19
165,90,18.948,54.95
165,91,3.31,9.6
165,92,13.059,37.87
165,93,14.233,45.55
165,94,4.528,11.77
165,95,6.563,21.0
165,96,4.139,12.0
165,97,3.683,9.57
165,98,2.707,7.04
165,99,9.251,26.83
165,100,11.875,34.44
165,101,3.208,9.3
165,102,18.376,53.29
165,103,14.664,46.92
165,104,3.281,9.52
165,105,14.862,47.56
165,106,10.186,26.48
165,107,16.54,43.0
165,108,15.575,45.17
165,109,2.203,5.73
165,110,12.729,36.91
165,111,16.58,48.08
165,112,10.16,26.42
165,113,1.92,6.14
165,114,2.861,7.44
165,115,12.545,32.62
165,116,15.516,49.65
165,117,2.434,7.06
165,118,19.259,50.07
165,119,14.491,42.02
165,120,16.083,41.82
165,121,10.721,31.09
165,122,1.826,5.84
165,123,5.636,18.04
165,124,4.56,14.59
165,125,18.284,47.54
165,126,5.964,19.08
165,127,4.297,13.75
165,128,11.531,36.9
165,129,20.587,53.53
165,130,21.45,62.2
165,131,3.045,7.92
165,132,22.508,65.27
165,133,20.436,65.4
165,134,3.226,9.35
165,135,5.675,16.46
165,136,20.823,66.63
165,137,20.942,67.02
165,138,15.241,48.77
165,139,18.531,48.18
165,140,3.616,9.4
165,141,19.291,55.94
165,142,20.622,65.99
165,143,3.437,8.94
165,144,4.449,12.9
165,145,13.987,40.56
165,146,0.89,2.31
165,147,2.273,6.59
165,148,21.061,67.4
165,149,13.116,38.04
165,150,3.071,7.98
165,151,1.701,4.42
165,152,11.532,36.9
165,153,12.211,35.41
165,154,17.312,55.4
165,155,4.083,13.07
165,156,3.947,12.63
165,157,15.545,40.42
165,158,14.688,38.19
165,159,17.428,55.77
165,160,14.677,38.16
165,161,17.778,51.56
165,162,15.084,43.74
165,163,15.059,48.19
165,164,13.818,44.22
165,166,14.028,36.47
165,167,15.228,48.73
165,168,17.115,49.63
165,169,6.178,19.77
165,170,3.82,12.22
165,171,18.32,53.13
165,172,19.345,61.9
165,173,17.259,55.23
165,174,17.025,49.37
165,175,4.263,11.08
165,176,16.415,52.53
165,177,16.532,52.9
165,178,2.624,6.82
165,179,19.77,51.4
165,180,18.86,49.04
165,181,12.559,36.42
165,182,18.055,46.94
165,183,3.669,11.74
165,184,11.012,31.93
165,185,18.301,53.07
165,186,21.353,68.33
165,187,12.845,37.25
165,188,17.712,56.68
165,189,20.543,59.57
165,190,16.884,48.96
165,191,15.369,44.57
165,192,12.585,36.5
165,193,11.592,33.62
165,194,19.64,51.07
165,195,4.411,11.47
165,196,15.235,44.18
165,197,22.671,72.55
165,198,9.215,29.49
165,199,18.663,54.12
165,200,22.429,58.32
166,0,6.101,14.03
166,1,11.008,22.02
166,2,7.938,18.26
166,3,12.23,24.46
166,4,6.986,13.97
166,5,14.753,33.93
166,6,14.297,37.17
166,7,13.255,30.49
166,8,15.873,31.75
166,9,17.5,45.5
166,10,6.25,14.37
166,11,15.042,39.11
166,12,13.077,30.08
166,13,13.547,27.09
166,14,9.817,22.58
166,15,3.897,10.13
166,16,9.116,18.23
166,17,14.915,29.83
166,18,11.927,27.43
166,19,9.014,18.03
166,20,4.874,9.75
166,21,15.236,39.61
166,22,11.291,22.58
166,23,0.826,1.9
166,24,9.663,25.12
166,25,2.6,6.76
166,26,3.314,7.62
166,27,4.775,10.98
166,28,3.858,10.03
166,29,4.173,10.85
166,30,9.526,21.91
166,31,12.297,28.28
166,32,13.02,29.95
166,33,14.304,28.61
166,34,17.613,35.23
166,35,12.604,25.21
166,36,10.467,20.93
166,37,10.554,27.44
166,38,8.29,21.55
166,39,14.333,32.97
166,40,17.325,45.05
166,41,11.718,26.95
166,42,11.344,26.09
166,43,18.14,47.16
166,44,9.896,25.73
166,45,13.415,30.85
166,46,12.28,31.93
166,47,10.898,21.8
166,48,12.538,32.6
166,49,12.996,29.89
166,50,1.886,3.77
166,51,17.459,34.92
166,52,3.282,8.53
166,53,11.456,26.35
166,54,5.118,13.31
166,55,12.573,28.92
166,56,12.65,25.3
166,57,10.868,28.26
166,58,10.027,20.05
166,59,8.78,22.83
166,60,12.23,31.8
166,61,15.585,31.17
166,62,8.877,23.08
166,63,9.749,19.5
166,64,15.299,30.6
166,65,6.744,15.51
166,66,5.698,13.1
166,67,8.631,22.44
166,68,1.117,2.57
166,69,11.264,22.53
166,70,10.474,24.09
166,71,14.252,28.5
166,72,9.243,21.26
166,73,10.19,26.49
166,74,1.624,4.22
166,75,12.348,32.11
166,76,10.825,24.9
166,77,6.669,15.34
166,78,4.266,8.53
166,79,13.127,26.25
166,80,3.812,8.77
166,81,19.383,44.58
166,82,10.142,20.28
166,83,1.812,3.62
166,84,7.069,18.38
166,85,0.193,0.44
166,86,12.779,29.39
166,87,17.243,34.49
166,88,13.037,29.98
166,89,7.84,15.68
166,90,8.529,19.62
166,91,10.738,24.7
166,92,16.939,38.96
166,93,0.439,1.14
166,94,12.124,24.25
166,95,13.337,34.68
166,96,13.07,30.06
166,97,10.394,20.79
166,98,15.772,31.54
166,99,11.984,27.56
166,100,16.431,37.79
166,101,12.987,29.87
166,102,8.778,20.19
166,103,3.731,9.7
166,104,12.356,28.42
166,105,4.962,12.9
166,106,14.286,28.57
166,107,9.086,18.17
166,108,2.594,5.97
166,109,12.923,25.85
166,110,13.623,31.33
166,111,3.574,8.22
166,112,12.046,24.09
166,113,12.643,32.87
166,114,12.661,25.32
166,115,14.155,28.31
166,116,1.827,4.75
166,117,11.638,26.77
166,118,10.154,20.31
166,119,14.249,32.77
166,120,15.554,31.11
166,121,12.721,29.26
166,122,12.211,31.75
166,123,9.628,25.03
166,124,10.197,26.51
166,125,6.835,13.67
166,126,8.064,20.97
166,127,9.843,25.59
166,128,12.214,31.76
166,129,12.065,24.13
166,130,11.965,27.52
166,131,11.719,23.44
166,132,11.932,27.44
166,133,10.55,27.43
166,134,16.536,38.03
166,135,8.717,20.05
166,136,10.526,27.37
166,137,11.958,31.09
166,138,1.27,3.3
166,139,18.121,36.24
166,140,13.04,26.08
166,141,9.549,21.96
166,142,11.777,30.62
166,143,12.768,25.54
166,144,12.586,28.95
166,145,14.615,33.62
166,146,13.659,27.32
166,147,11.785,27.11
166,148,10.839,28.18
166,149,4.409,10.14
166,150,11.097,22.19
166,151,14.203,28.41
166,152,15.522,40.36
166,153,13.205,30.37
166,154,3.609,9.38
166,155,12.613,32.79
166,156,10.081,26.21
166,157,15.098,30.2
166,158,0.832,1.66
166,159,14.591,37.94
166,160,12.474,24.95
166,161,6.568,15.11
166,162,18.102,41.63
166,163,4.214,10.96
166,164,2.676,6.96
166,165,14.028,36.47
166,167,1.851,4.81
166,168,5.308,12.21
166,169,10.613,27.59
166,170,16.572,43.09
166,171,8.625,19.84
166,172,11.151,28.99
166,173,19.893,51.72
166,174,7.439,17.11
166,175,17.387,34.77
166,176,5.621,14.61
166,177,2.638,6.86
166,178,11.485,22.97
166,179,6.871,13.74
166,180,9.659,19.32
166,181,2.638,6.07
166,182,8.838,17.68
166,183,10.419,27.09
166,184,12.962,29.81
166,185,8.529,19.62
166,186,10.498,27.3
166,187,19.157,44.06
166,188,5.673,14.75
166,189,10.043,23.1
166,190,3.339,7.68
166,191,16.458,37.85
166,192,2.445,5.62
166,193,11.718,26.95
166,194,10.864,21.73
166,195,10.099,20.2
166,196,18.004,41.41
166,197,11.332,29.46
166,198,11.629,30.23
166,199,9.957,22.9
166,200,12.549,25.1
167,0,7.927,22.99
167,1,11.764,30.59
167,2,9.433,27.36
167,3,13.47,35.02
167,4,8.237,21.42
167,5,16.147,46.83
167,6,16.104,51.53
167,7,15.089,43.76
167,8,16.785,43.64
167,9,19.35,61.92
167,10,5.96,17.28
167,11,16.891,54.05
167,12,14.2,41.18
167,13,15.378,39.98
167,14,11.081,32.14
167,15,2.941,9.41
167,16,9.064,23.57
167,17,16.725,43.49
167,18,13.16,38.16
167,19,10.224,26.58
167,20,3.174,8.25
167,21,17.042,54.54
167,22,12.615,32.8
167,23,2.233,6.48
167,24,10.516,33.65
167,25,0.868,2.78
167,26,2.884,8.36
167,27,3.003,8.71
167,28,2.143,6.86
167,29,3.303,10.57
167,30,10.699,31.03
167,31,13.786,39.98
167,32,14.871,43.13
167,33,16.132,41.94
167,34,19.464,50.61
167,35,13.97,36.32
167,36,11.665,30.33
167,37,11.74,37.57
167,38,9.388,30.04
167,39,15.705,45.54
167,40,19.039,60.92
167,41,12.789,37.09
167,42,12.614,36.58
167,43,19.986,63.95
167,44,11.297,36.15
167,45,15.266,44.27
167,46,13.396,42.87
167,47,12.108,31.48
167,48,13.494,43.18
167,49,14.807,42.94
167,50,1.116,2.9
167,51,19.266,50.09
167,52,2.251,7.2
167,53,13.306,38.59
167,54,3.51,11.23
167,55,13.813,40.06
167,56,13.786,35.84
167,57,11.889,38.04
167,58,11.243,29.23
167,59,9.907,31.7
167,60,13.317,42.61
167,61,16.207,42.14
167,62,10.183,32.59
167,63,11.041,28.71
167,64,16.333,42.46
167,65,5.928,17.19
167,66,3.848,11.16
167,67,10.261,32.83
167,68,2.402,6.97
167,69,12.319,32.03
167,70,11.381,33.0
167,71,16.099,41.86
167,72,10.327,29.95
167,73,11.636,37.24
167,74,0.289,0.92
167,75,13.376,42.8
167,76,12.605,36.56
167,77,4.846,14.05
167,78,4.016,10.44
167,79,14.398,37.44
167,80,3.984,11.55
167,81,21.21,61.51
167,82,11.534,29.99
167,83,0.728,1.89
167,84,5.306,16.98
167,85,1.854,5.38
167,86,14.279,41.41
167,87,19.087,49.63
167,88,14.85,43.06
167,89,9.0,23.4
167,90,9.6,27.84
167,91,11.997,34.79
167,92,18.787,54.48
167,93,2.077,6.65
167,94,13.694,35.6
167,95,15.038,48.12
167,96,14.621,42.4
167,97,11.68,30.37
167,98,16.765,43.59
167,99,13.802,40.03
167,100,18.268,52.98
167,101,14.464,41.94
167,102,10.01,29.03
167,103,2.463,7.88
167,104,13.253,38.43
167,105,3.679,11.77
167,106,16.111,41.89
167,107,10.635,27.65
167,108,0.768,2.23
167,109,13.928,36.21
167,110,15.473,44.87
167,111,1.728,5.01
167,112,13.884,36.1
167,113,13.711,43.88
167,114,13.596,35.35
167,115,16.006,41.61
167,116,2.6,8.32
167,117,12.899,37.41
167,118,11.387,29.61
167,119,16.079,46.63
167,120,17.361,45.14
167,121,14.565,42.24
167,122,13.402,42.89
167,123,11.196,35.83
167,124,11.126,35.6
167,125,5.017,13.04
167,126,9.314,29.81
167,127,10.958,35.07
167,128,14.066,45.01
167,129,13.296,34.57
167,130,13.026,37.77
167,131,12.713,33.05
167,132,12.752,36.98
167,133,11.604,37.13
167,134,17.534,50.85
167,135,10.168,29.49
167,136,11.489,36.77
167,137,13.114,41.96
167,138,1.859,5.95
167,139,19.901,51.74
167,140,14.55,37.83
167,141,10.697,31.02
167,142,12.966,41.49
167,143,13.623,35.42
167,144,14.156,41.05
167,145,16.458,47.73
167,146,14.938,38.84
167,147,13.035,37.8
167,148,11.802,37.77
167,149,3.787,10.98
167,150,12.214,31.76
167,151,15.233,39.6
167,152,17.361,55.56
167,153,15.056,43.66
167,154,2.084,6.67
167,155,14.155,45.3
167,156,11.299,36.16
167,157,16.913,43.97
167,158,2.042,5.31
167,159,16.316,52.21
167,160,14.273,37.11
167,161,4.784,13.87
167,162,19.952,57.86
167,163,2.812,9.0
167,164,1.976,6.32
167,165,15.228,48.73
167,166,1.851,4.81
167,168,3.503,10.16
167,169,12.278,39.29
167,170,17.996,57.59
167,171,9.849,28.56
167,172,12.479,39.93
167,173,21.736,69.55
167,174,8.786,25.48
167,175,18.328,47.65
167,176,3.974,12.72
167,177,1.464,4.68
167,178,12.766,33.19
167,179,5.075,13.2
167,180,10.905,28.35
167,181,2.833,8.22
167,182,10.139,26.36
167,183,11.711,37.47
167,184,14.809,42.95
167,185,9.745,28.26
167,186,11.323,36.23
167,187,20.981,60.85
167,188,6.548,20.95
167,189,10.987,31.86
167,190,1.676,4.86
167,191,18.295,53.06
167,192,2.741,7.95
167,193,13.569,39.35
167,194,12.113,31.5
167,195,11.527,29.97
167,196,19.853,57.58
167,197,11.975,38.32
167,198,13.447,43.03
167,199,11.272,32.69
167,200,13.502,35.1
168,0,11.213,29.15
168,1,14.427,33.18
168,2,12.041,31.31
168,3,16.621,38.23
168,4,11.478,26.4
168,5,18.387,47.81
168,6,19.6,56.84
168,7,18.561,48.26
168,8,18.087,41.6
168,9,22.713,65.87
168,10,6.011,15.63
168,11,20.317,58.92
168,12,17.225,44.78
168,13,18.854,43.36
168,14,13.221,34.37
168,15,3.138,9.1
168,16,10.786,24.81
168,17,20.22,46.51
168,18,15.167,39.44
168,19,13.392,30.8
168,20,2.586,5.95
168,21,20.538,59.56
168,22,15.852,36.46
168,23,5.46,14.19
168,24,11.97,34.71
168,25,2.709,7.86
168,26,5.246,13.64
168,27,2.13,5.54
168,28,1.52,4.41
168,29,4.872,14.13
168,30,12.694,33.0
168,31,16.261,42.28
168,32,18.276,47.52
168,33,19.375,44.56
168,34,22.854,52.56
168,35,17.232,39.63
168,36,13.662,31.42
168,37,14.862,43.1
168,38,12.473,36.17
168,39,17.911,46.57
168,40,21.936,63.62
168,41,14.513,37.73
168,42,14.706,38.23
168,43,23.308,67.59
168,44,14.611,42.37
168,45,18.647,48.48
168,46,15.181,44.02
168,47,14.111,32.46
168,48,14.984,43.45
168,49,17.995,46.79
168,50,4.198,9.66
168,51,22.762,52.35
168,52,4.168,12.09
168,53,16.73,43.5
168,54,1.252,3.63
168,55,15.813,41.11
168,56,16.83,38.71
168,57,13.562,39.33
168,58,14.401,33.12
168,59,13.007,37.72
168,60,15.052,43.65
168,61,18.599,42.78
168,62,13.434,38.96
168,63,14.267,32.81
168,64,17.877,41.12
168,65,4.901,12.74
168,66,0.924,2.4
168,67,13.726,39.81
168,68,5.88,15.29
168,69,14.035,32.28
168,70,12.879,33.49
168,71,19.434,44.7
168,72,12.19,31.69
168,73,14.981,43.44
168,74,3.692,10.71
168,75,15.001,43.5
168,76,15.72,40.87
168,77,2.391,6.22
168,78,4.815,11.07
168,79,16.441,37.81
168,80,6.64,17.26
168,81,24.691,64.2
168,82,13.884,31.93
168,83,3.56,8.19
168,84,1.835,5.32
168,85,5.339,13.88
168,86,16.763,43.58
168,87,22.533,51.83
168,88,18.342,47.69
168,89,11.069,25.46
168,90,12.656,32.91
168,91,14.09,36.63
168,92,22.125,57.53
168,93,5.576,16.17
168,94,16.329,37.56
168,95,17.937,52.02
168,96,17.201,44.72
168,97,13.835,31.82
168,98,18.22,41.91
168,99,17.019,44.25
168,100,21.546,56.02
168,101,16.899,43.94
168,102,13.201,34.32
168,103,2.477,7.18
168,104,14.645,38.08
168,105,2.453,7.11
168,106,19.343,44.49
168,107,14.054,32.33
168,108,2.736,7.11
168,109,15.49,35.63
168,110,18.893,49.12
168,111,2.014,5.24
168,112,17.178,39.51
168,113,15.397,44.65
168,114,15.043,34.6
168,115,19.404,44.63
168,116,5.917,17.16
168,117,14.966,38.91
168,118,14.557,33.48
168,119,19.556,50.85
168,120,20.857,47.97
168,121,17.886,46.5
168,122,15.325,44.44
168,123,13.88,40.25
168,124,12.677,36.76
168,125,1.532,3.52
168,126,11.513,33.39
168,127,12.841,37.24
168,128,17.451,50.61
168,129,16.439,37.81
168,130,16.003,41.61
168,131,14.301,32.89
168,132,15.465,40.21
168,133,14.599,42.34
168,134,18.981,49.35
168,135,12.671,32.94
168,136,14.392,41.74
168,137,16.187,46.94
168,138,5.256,15.24
168,139,23.404,53.83
168,140,17.051,39.22
168,141,13.8,35.88
168,142,16.075,46.62
168,143,14.923,34.32
168,144,16.784,43.64
168,145,19.912,51.77
168,146,16.981,39.06
168,147,15.078,39.2
168,148,14.697,42.62
168,149,4.043,10.51
168,150,14.045,32.3
168,151,16.799,38.64
168,152,20.651,59.89
168,153,18.459,47.99
168,154,3.162,9.17
168,155,16.728,48.51
168,156,13.346,38.7
168,157,20.404,46.93
168,158,5.532,12.72
168,159,19.812,57.45
168,160,17.772,40.88
168,161,1.291,3.36
168,162,23.364,60.75
168,163,2.057,5.97
168,164,3.561,10.33
168,165,17.115,49.63
168,166,5.308,12.21
168,167,3.503,10.16
168,169,15.133,43.89
168,170,20.269,58.78
168,171,13.036,33.89
168,172,15.72,45.59
168,173,25.187,73.04
168,174,12.087,31.43
168,175,19.648,45.19
168,176,1.19,3.45
168,177,3.823,11.09
168,178,14.873,34.21
168,179,2.825,6.5
168,180,14.094,32.42
168,181,4.854,12.62
168,182,13.385,30.79
168,183,13.874,40.24
168,184,18.144,47.17
168,185,12.927,33.61
168,186,14.078,40.83
168,187,24.194,62.91
168,188,9.543,27.68
168,189,13.881,36.09
168,190,2.847,7.4
168,191,21.761,56.58
168,192,4.92,12.79
168,193,16.967,44.12
168,194,15.289,35.16
168,195,13.944,32.07
168,196,23.275,60.52
168,197,14.495,42.03
168,198,16.668,48.34
168,199,14.514,37.74
168,200,16.352,37.61
169,0,5.109,14.82
169,1,16.353,42.52
169,2,3.279,9.51
169,3,14.601,37.96
169,4,11.743,30.53
169,5,5.333,15.47
169,6,9.432,30.18
169,7,7.896,22.9
169,8,9.47,24.62
169,9,9.234,29.55
169,10,11.29,32.74
169,11,8.092,25.89
169,12,15.936,46.21
169,13,8.166,21.23
169,14,4.095,11.88
169,15,12.251,39.2
169,16,17.551,45.63
169,17,9.782,25.43
169,18,4.754,13.79
169,19,12.873,33.47
169,20,15.441,40.15
169,21,10.102,32.33
169,22,13.431,34.92
169,23,10.049,29.14
169,24,6.876,22.0
169,25,12.727,40.73
169,26,13.532,39.24
169,27,15.278,44.31
169,28,13.645,43.66
169,29,14.567,46.62
169,30,4.795,13.91
169,31,2.742,7.95
169,32,6.344,18.4
169,33,5.393,14.02
169,34,9.644,25.07
169,35,13.947,36.26
169,36,4.637,12.06
169,37,13.879,44.41
169,38,13.08,41.85
169,39,5.144,14.92
169,40,6.803,21.77
169,41,5.924,17.18
169,42,4.245,12.31
169,43,9.415,30.13
169,44,12.097,38.71
169,45,6.232,18.07
169,46,5.819,18.62
169,47,4.61,11.99
169,48,7.091,22.69
169,49,3.916,11.36
169,50,12.488,32.47
169,51,11.766,30.59
169,52,13.828,44.25
169,53,5.882,17.06
169,54,14.337,45.88
169,55,4.999,14.5
169,56,15.555,40.44
169,57,6.013,19.24
169,58,13.387,34.81
169,59,13.191,42.21
169,60,6.011,19.23
169,61,20.54,53.4
169,62,12.239,39.16
169,63,12.773,33.21
169,64,8.238,21.42
169,65,13.101,37.99
169,66,15.815,45.86
169,67,9.646,30.87
169,68,10.913,31.65
169,69,5.879,15.29
169,70,6.681,19.37
169,71,6.251,16.25
169,72,5.408,15.68
169,73,11.906,38.1
169,74,11.995,38.38
169,75,6.497,20.79
169,76,2.028,5.88
169,77,17.046,49.43
169,78,10.897,28.33
169,79,5.063,13.16
169,80,13.241,38.4
169,81,12.777,37.05
169,82,3.022,7.86
169,83,11.839,30.78
169,84,16.488,52.76
169,85,10.711,31.06
169,86,3.001,8.7
169,87,10.165,26.43
169,88,8.484,24.6
169,89,5.246,13.64
169,90,13.335,38.67
169,91,4.196,12.17
169,92,8.496,24.64
169,93,10.643,34.06
169,94,1.951,5.07
169,95,2.807,8.98
169,96,2.874,8.33
169,97,3.927,10.21
169,98,8.862,23.04
169,99,3.49,10.12
169,100,7.505,21.76
169,101,3.335,9.67
169,102,12.628,36.62
169,103,12.735,40.75
169,104,7.412,21.5
169,105,13.429,42.97
169,106,5.292,13.76
169,107,10.568,27.48
169,108,12.863,37.3
169,109,6.945,18.06
169,110,6.993,20.28
169,111,13.935,40.41
169,112,4.311,11.21
169,113,6.346,20.31
169,114,7.3,18.98
169,115,6.997,18.19
169,116,11.586,37.08
169,117,4.415,12.8
169,118,13.365,34.75
169,119,8.663,25.12
169,120,10.317,26.82
169,121,5.015,14.54
169,122,5.21,16.67
169,123,1.568,5.02
169,124,6.482,20.74
169,125,16.573,43.09
169,126,4.636,14.84
169,127,5.196,16.63
169,128,5.59,17.89
169,129,14.555,37.84
169,130,15.518,45.0
169,131,6.475,16.83
169,132,16.733,48.53
169,133,14.617,46.77
169,134,9.402,27.27
169,135,3.012,8.74
169,136,15.065,48.21
169,137,14.956,47.86
169,138,11.584,37.07
169,139,12.945,33.66
169,140,3.123,8.12
169,141,13.508,39.17
169,142,14.629,46.81
169,143,7.896,20.53
169,144,2.328,6.75
169,145,8.321,24.13
169,146,5.343,13.89
169,147,4.557,13.21
169,148,15.276,48.88
169,149,11.734,34.03
169,150,5.379,13.98
169,151,7.522,19.56
169,152,6.816,21.81
169,153,6.437,18.67
169,154,14.218,45.5
169,155,2.546,8.15
169,156,4.454,14.25
169,157,9.757,25.37
169,158,11.018,28.65
169,159,11.363,36.36
169,160,8.564,22.27
169,161,16.144,46.82
169,162,10.349,30.01
169,163,13.248,42.4
169,164,11.573,37.03
169,165,6.178,19.77
169,166,10.613,27.59
169,167,12.278,39.29
169,168,15.133,43.89
169,170,6.739,21.57
169,171,12.597,36.53
169,172,13.318,42.62
169,173,12.545,40.14
169,174,11.399,33.06
169,175,10.439,27.14
169,176,14.834,47.47
169,177,13.244,42.38
169,178,4.197,10.91
169,179,17.322,45.04
169,180,13.005,33.81
169,181,10.295,29.86
169,182,12.258,31.87
169,183,3.88,12.42
169,184,5.341,15.49
169,185,12.595,36.53
169,186,15.692,50.21
169,187,9.609,27.87
169,188,12.696,40.63
169,189,14.843,43.04
169,190,13.912,40.35
169,191,9.966,28.9
169,192,10.216,29.63
169,193,5.551,16.1
169,194,13.677,35.56
169,195,2.696,7.01
169,196,10.412,30.19
169,197,17.069,54.62
169,198,3.329,10.65
169,199,12.738,36.94
169,200,16.526,42.97
170,0,11.751,34.08
170,1,23.063,59.96
170,2,8.641,25.06
170,3,21.063,54.76
170,4,18.482,48.05
170,5,1.884,5.46
170,6,14.374,46.0
170,7,13.003,37.71
170,8,6.142,15.97
170,9,11.607,37.14
170,10,15.129,43.88
170,11,12.111,38.76
170,12,22.408,64.98
170,13,13.18,34.27
170,14,7.049,20.44
170,15,17.155,54.89
170,16,24.21,62.95
170,17,14.493,37.68
170,18,5.228,15.16
170,19,19.565,50.87
170,20,21.142,54.97
170,21,14.734,47.15
170,22,19.922,51.8
170,23,15.874,46.04
170,24,8.906,28.5
170,25,18.25,58.4
170,26,19.741,57.25
170,27,20.894,60.59
170,28,18.908,60.5
170,29,20.71,66.27
170,30,7.616,22.09
170,31,4.33,12.56
170,32,11.235,32.58
170,33,8.784,22.84
170,34,12.211,31.75
170,35,20.272,52.71
170,36,6.675,17.35
170,37,20.494,65.58
170,38,19.809,63.39
170,39,2.373,6.88
170,40,5.449,17.44
170,41,6.306,18.29
170,42,5.595,16.22
170,43,11.159,35.71
170,44,18.673,59.75
170,45,10.819,31.38
170,46,5.623,17.99
170,47,6.238,16.22
170,48,6.58,21.06
170,49,8.136,23.59
170,50,18.445,47.96
170,51,15.679,40.77
170,52,19.853,63.53
170,53,11.57,33.55
170,54,19.248,61.59
170,55,4.637,13.45
170,56,22.051,57.33
170,57,7.2,23.04
170,58,20.024,52.06
170,59,19.905,63.7
170,60,5.846,18.71
170,61,27.157,70.61
170,62,18.917,60.54
170,63,19.402,50.45
170,64,4.929,12.82
170,65,16.975,49.23
170,66,21.079,61.13
170,67,16.255,52.01
170,68,17.096,49.58
170,69,6.722,17.48
170,70,8.093,23.47
170,71,10.146,26.38
170,72,8.191,23.75
170,73,18.433,58.99
170,74,17.708,56.67
170,75,6.173,19.75
170,76,8.071,23.41
170,77,22.456,65.12
170,78,15.538,40.4
170,79,3.99,10.37
170,80,19.651,56.99
170,81,15.807,45.84
170,82,6.463,16.8
170,83,17.427,45.31
170,84,21.272,68.07
170,85,16.706,48.45
170,86,3.89,11.28
170,87,13.424,34.9
170,88,13.822,40.08
170,89,9.201,23.92
170,90,20.061,58.18
170,91,6.199,17.98
170,92,10.93,31.7
170,93,16.701,53.44
170,94,4.809,12.5
170,95,5.432,17.38
170,96,3.865,11.21
170,97,6.435,16.73
170,98,5.314,13.82
170,99,8.617,24.99
170,100,9.737,28.24
170,101,3.628,10.52
170,102,19.326,56.04
170,103,17.792,56.93
170,104,7.101,20.59
170,105,18.145,58.06
170,106,8.643,22.47
170,107,17.16,44.62
170,108,18.445,53.49
170,109,6.022,15.66
170,110,11.654,33.8
170,111,19.493,56.53
170,112,9.493,24.68
170,113,5.708,18.27
170,114,6.68,17.37
170,115,11.273,29.31
170,116,17.84,57.09
170,117,5.359,15.54
170,118,19.988,51.97
170,119,13.416,38.91
170,120,14.839,38.58
170,121,9.813,28.46
170,122,5.213,16.68
170,123,7.099,22.72
170,124,8.159,26.11
170,125,21.538,56.0
170,126,8.768,28.06
170,127,7.557,24.18
170,128,10.842,34.69
170,129,21.037,54.7
170,130,22.099,64.09
170,131,6.787,17.65
170,132,23.402,67.87
170,133,21.276,68.08
170,134,5.283,15.32
170,135,7.855,22.78
170,136,21.748,69.59
170,137,21.49,68.77
170,138,17.696,56.63
170,139,16.961,44.1
170,140,3.681,9.57
170,141,20.189,58.55
170,142,21.158,67.7
170,143,7.24,18.82
170,144,4.411,12.79
170,145,12.735,36.93
170,146,3.497,9.09
170,147,5.273,15.29
170,148,21.947,70.23
170,149,16.376,47.49
170,150,6.512,16.93
170,151,5.257,13.67
170,152,9.668,30.94
170,153,11.229,32.56
170,154,20.056,64.18
170,155,4.223,13.51
170,156,6.951,22.24
170,157,14.356,37.32
170,158,17.127,44.53
170,159,16.661,53.32
170,160,14.158,36.81
170,161,21.048,61.04
170,162,12.926,37.49
170,163,18.232,58.34
170,164,16.821,53.83
170,165,3.82,12.22
170,166,16.572,43.09
170,167,17.996,57.59
170,168,20.269,58.78
170,169,6.739,21.57
170,171,19.302,55.98
170,172,19.82,63.42
170,173,14.972,47.91
170,174,18.128,52.57
170,175,6.057,15.75
170,176,19.682,62.98
170,177,19.18,61.38
170,178,5.421,14.1
170,179,22.798,59.27
170,180,19.655,51.1
170,181,15.522,45.01
170,182,18.939,49.24
170,183,6.395,20.46
170,184,10.029,29.08
170,185,19.305,55.99
170,186,22.403,71.69
170,187,9.976,28.93
170,188,19.379,62.01
170,189,21.546,62.48
170,190,19.672,57.05
170,191,13.749,39.87
170,192,15.511,44.98
170,193,11.078,32.13
170,194,20.244,52.63
170,195,6.477,16.84
170,196,13.131,38.08
170,197,23.789,76.13
170,198,8.73,27.94
170,199,19.345,56.1
170,200,23.123,60.12
171,0,8.088,21.03
171,1,3.761,8.65
171,2,12.018,31.25
171,3,3.622,8.33
171,4,1.64,3.77
171,5,17.916,46.58
171,6,9.454,27.42
171,7,9.333,24.26
171,8,21.169,48.69
171,9,14.406,41.78
171,10,14.667,38.13
171,11,11.57,33.55
171,12,4.482,11.65
171,13,9.482,21.81
171,14,14.53,37.78
171,15,12.503,36.26
171,16,6.716,15.45
171,17,10.021,23.05
171,18,16.378,42.58
171,19,0.395,0.91
171,20,11.163,25.68
171,21,10.217,29.63
171,22,2.831,6.51
171,23,9.139,23.76
171,24,15.877,46.04
171,25,10.709,31.06
171,26,7.922,20.6
171,27,11.417,29.69
171,28,11.938,34.62
171,29,8.691,25.2
171,30,14.69,38.19
171,31,15.26,39.68
171,32,10.305,26.79
171,33,12.883,29.63
171,34,14.206,32.67
171,35,4.226,9.72
171,36,15.337,35.28
171,37,1.934,5.61
171,38,0.885,2.57
171,39,17.685,45.98
171,40,17.444,50.59
171,41,16.89,43.91
171,42,15.726,40.89
171,43,15.35,44.52
171,44,1.916,5.56
171,45,10.896,28.33
171,46,17.188,49.84
171,47,15.631,35.95
171,48,18.02,52.26
171,49,12.318,32.03
171,50,8.899,20.47
171,51,12.177,28.01
171,52,8.992,26.08
171,53,8.938,23.24
171,54,13.335,38.67
171,55,16.886,43.9
171,56,4.048,9.31
171,57,16.355,47.43
171,58,1.403,3.23
171,59,0.637,1.85
171,60,17.261,50.06
171,61,8.089,18.6
171,62,0.641,1.86
171,63,1.258,2.89
171,64,20.174,46.4
171,65,15.361,39.94
171,66,12.971,33.72
171,67,3.291,9.54
171,68,7.597,19.75
171,69,16.563,38.09
171,70,16.4,42.64
171,71,12.02,27.65
171,72,14.792,38.46
171,73,2.42,7.02
171,74,9.801,28.42
171,75,17.593,51.02
171,76,11.341,29.49
171,77,13.172,34.25
171,78,12.772,29.38
171,79,17.202,39.56
171,80,6.54,17.0
171,81,14.378,37.38
171,82,14.159,32.57
171,83,10.232,23.53
171,84,14.856,43.08
171,85,8.476,22.04
171,86,15.582,40.51
171,87,13.141,30.22
171,88,8.587,22.33
171,89,13.441,30.91
171,90,0.979,2.54
171,91,15.288,39.75
171,92,14.17,36.84
171,93,8.195,23.77
171,94,14.548,33.46
171,95,14.277,41.4
171,96,15.451,40.17
171,97,14.885,34.23
171,98,20.769,47.77
171,99,11.391,29.62
171,100,14.297,37.17
171,101,15.906,41.35
171,102,0.167,0.43
171,103,12.23,35.47
171,104,18.065,46.97
171,105,13.476,39.08
171,106,12.951,29.79
171,107,2.62,6.03
171,108,10.54,27.4
171,109,18.18,41.81
171,110,10.536,27.39
171,111,11.023,28.66
171,112,10.807,24.86
171,113,17.692,51.31
171,114,18.203,41.87
171,115,11.244,25.86
171,116,7.249,21.02
171,117,16.008,41.62
171,118,1.539,3.54
171,119,10.002,26.0
171,120,10.5,24.15
171,121,11.027,28.67
171,122,16.806,48.74
171,123,12.702,36.84
171,124,16.096,46.68
171,125,14.363,33.04
171,126,13.267,38.48
171,127,15.163,43.97
171,128,9.97,28.91
171,129,3.451,7.94
171,130,3.48,9.05
171,131,17.176,39.5
171,132,4.19,10.89
171,133,2.19,6.35
171,134,21.44,55.74
171,135,12.793,33.26
171,136,2.504,7.26
171,137,3.346,9.7
171,138,7.997,23.19
171,139,12.294,28.28
171,140,15.719,36.15
171,141,1.029,2.68
171,142,3.152,9.14
171,143,18.568,42.71
171,144,14.909,38.76
171,145,10.778,28.02
171,146,17.617,40.52
171,147,16.179,42.07
171,148,2.754,7.99
171,149,13.021,33.85
171,150,16.185,37.23
171,151,19.214,44.19
171,152,13.449,39.0
171,153,10.458,27.19
171,154,10.013,29.04
171,155,15.142,43.91
171,156,14.944,43.34
171,157,10.294,23.68
171,158,7.967,18.32
171,159,8.386,24.32
171,160,7.847,18.05
171,161,14.299,37.18
171,162,14.372,37.37
171,163,12.642,36.66
171,164,11.292,32.75
171,165,18.32,53.13
171,166,8.625,19.84
171,167,9.849,28.56
171,168,13.036,33.89
171,169,12.597,36.53
171,170,19.302,55.98
171,172,2.706,7.85
171,173,15.411,44.69
171,174,1.379,3.58
171,175,22.447,51.63
171,176,13.765,39.92
171,177,9.215,26.72
171,178,15.788,36.31
171,179,13.097,30.12
171,180,1.059,2.44
171,181,11.101,28.86
171,182,0.583,1.34
171,183,14.877,43.14
171,184,11.057,28.75
171,185,0.114,0.3
171,186,3.102,9.0
171,187,17.122,44.52
171,188,3.585,10.4
171,189,2.246,5.84
171,190,10.217,26.56
171,191,12.099,31.46
171,192,10.892,28.32
171,193,9.469,24.62
171,194,2.265,5.21
171,195,13.926,32.03
171,196,14.152,36.79
171,197,4.504,13.06
171,198,11.129,32.27
171,199,1.53,3.98
171,200,4.29,9.87
172,0,9.489,27.52
172,1,4.392,11.42
172,2,13.376,38.79
172,3,1.316,3.42
172,4,4.249,11.05
172,5,18.625,54.01
172,6,8.053,25.77
172,7,8.357,24.23
172,8,22.397,58.23
172,9,13.276,42.48
172,10,17.018,49.35
172,11,10.517,33.66
172,12,2.621,7.6
172,13,8.423,21.9
172,14,15.862,46.0
172,15,15.047,48.15
172,16,8.771,22.8
172,17,8.534,22.19
172,18,17.536,50.85
172,19,2.39,6.21
172,20,13.869,36.06
172,21,8.657,27.7
172,22,0.144,0.37
172,23,11.595,33.62
172,24,17.545,56.14
172,25,13.344,42.7
172,26,10.627,30.82
172,27,14.123,40.96
172,28,14.589,46.68
172,29,11.393,36.46
172,30,16.133,46.78
172,31,16.056,46.56
172,32,9.695,28.12
172,33,12.469,32.42
172,34,12.975,33.73
172,35,1.52,3.95
172,36,16.665,43.33
172,37,1.372,4.39
172,38,3.424,10.96
172,39,18.461,53.54
172,40,17.232,55.14
172,41,18.227,52.86
172,42,16.898,49.0
172,43,14.273,45.67
172,44,1.387,4.44
172,45,10.287,29.83
172,46,18.437,59.0
172,47,16.906,43.95
172,48,19.401,62.08
172,49,12.218,35.43
172,50,11.561,30.06
172,51,10.36,26.94
172,52,11.696,37.43
172,53,8.62,25.0
172,54,15.98,51.14
172,55,17.98,52.14
172,56,2.237,5.82
172,57,17.803,56.97
172,58,1.502,3.91
172,59,2.907,9.3
172,60,18.543,59.34
172,61,7.433,19.33
172,62,2.296,7.35
172,63,1.455,3.78
172,64,21.304,55.39
172,65,17.841,51.74
172,66,15.672,45.45
172,67,3.755,12.02
172,68,10.171,29.5
172,69,17.95,46.67
172,70,17.968,52.11
172,71,11.396,29.63
172,72,16.332,47.36
172,73,1.42,4.55
172,74,12.413,39.72
172,75,18.922,60.55
172,76,11.749,34.07
172,77,15.877,46.04
172,78,15.186,39.48
172,79,18.213,47.35
172,80,9.246,26.81
172,81,12.555,36.41
172,82,15.327,39.85
172,83,12.822,33.34
172,84,17.545,56.14
172,85,11.015,31.94
172,86,16.31,47.3
172,87,11.719,30.47
172,88,7.488,21.72
172,89,15.071,39.18
172,90,3.341,9.69
172,91,16.531,47.94
172,92,13.173,38.2
172,93,10.732,34.34
172,94,15.234,39.61
172,95,14.531,46.5
172,96,16.062,46.58
172,97,16.135,41.95
172,98,21.917,56.99
172,99,11.424,33.13
172,100,13.518,39.2
172,101,16.648,48.28
172,102,2.54,7.37
172,103,14.819,47.42
172,104,19.509,56.58
172,105,16.065,51.41
172,106,12.562,32.66
172,107,2.835,7.37
172,108,13.186,38.24
172,109,19.491,50.68
172,110,9.748,28.27
172,111,13.706,39.75
172,112,10.687,27.79
172,113,18.961,60.68
172,114,19.595,50.95
172,115,10.443,27.15
172,116,9.885,31.63
172,117,17.162,49.77
172,118,1.32,3.43
172,119,8.797,25.51
172,120,8.898,23.13
172,121,10.713,31.07
172,122,17.984,57.55
172,123,13.727,43.93
172,124,17.669,56.54
172,125,17.062,44.36
172,126,14.809,47.39
172,127,16.623,53.19
172,128,9.592,30.69
172,129,1.242,3.23
172,130,2.397,6.95
172,131,18.582,48.31
172,132,4.13,11.98
172,133,2.337,7.48
172,134,22.542,65.37
172,135,14.081,40.83
172,136,2.985,9.55
172,137,1.687,5.4
172,138,10.62,33.98
172,139,10.261,26.68
172,140,16.402,42.65
172,141,2.219,6.44
172,142,1.352,4.33
172,143,20.022,52.06
172,144,15.54,45.07
172,145,9.659,28.01
172,146,18.574,48.29
172,147,17.331,50.26
172,148,2.96,9.47
172,149,15.5,44.95
172,150,17.531,45.58
172,151,20.416,53.08
172,152,12.755,40.82
172,153,9.816,28.47
172,154,12.716,40.69
172,155,15.818,50.62
172,156,16.291,52.13
172,157,8.819,22.93
172,158,10.544,27.41
172,159,6.465,20.69
172,160,6.792,17.66
172,161,16.989,49.27
172,162,13.013,37.74
172,163,15.25,48.8
172,164,13.827,44.25
172,165,19.345,61.9
172,166,11.151,28.99
172,167,12.479,39.93
172,168,15.72,45.59
172,169,13.318,42.62
172,170,19.82,63.42
172,171,2.706,7.85
172,173,13.731,43.94
172,174,3.713,10.77
172,175,23.57,61.28
172,176,16.421,52.55
172,177,11.903,38.09
172,178,16.935,44.03
172,179,15.797,41.07
172,180,1.678,4.36
172,181,13.525,39.22
172,182,2.341,6.09
172,183,16.119,51.58
172,184,10.661,30.92
172,185,2.819,8.18
172,186,3.925,12.56
172,187,16.214,47.02
172,188,6.289,20.12
172,189,3.218,9.33
172,190,12.912,37.44
172,191,10.651,30.89
172,192,13.315,38.61
172,193,9.167,26.58
172,194,0.763,1.98
172,195,15.058,39.15
172,196,12.761,37.01
172,197,5.185,16.59
172,198,11.226,35.92
172,199,1.208,3.5
172,200,3.433,8.93
173,0,14.156,41.05
173,1,18.12,47.11
173,2,15.424,44.73
173,3,14.258,37.07
173,4,15.978,41.54
173,5,15.164,43.98
173,6,6.015,19.25
173,7,6.685,19.39
173,8,20.551,53.43
173,9,3.463,11.08
173,10,23.086,66.95
173,11,4.918,15.74
173,12,15.261,44.26
173,13,6.416,16.68
173,14,16.625,48.21
173,15,22.992,73.57
173,16,22.127,57.53
173,17,5.415,14.08
173,18,16.762,48.61
173,19,15.359,39.93
173,20,24.417,63.48
173,21,5.197,16.63
173,22,13.722,35.68
173,23,19.753,57.28
173,24,19.421,62.15
173,25,22.482,71.94
173,26,21.456,62.22
173,27,24.459,70.93
173,28,23.697,75.83
173,29,22.508,72.03
173,30,17.338,50.28
173,31,14.102,40.9
173,32,7.007,20.32
173,33,7.191,18.7
173,34,2.942,7.65
173,35,12.948,33.66
173,36,17.086,44.42
173,37,15.069,48.22
173,38,16.291,52.13
173,39,15.401,44.66
173,40,9.67,30.94
173,41,18.135,52.59
173,42,16.443,47.68
173,43,3.82,12.22
173,44,13.609,43.55
173,45,6.761,19.61
173,46,17.818,57.02
173,47,16.965,44.11
173,48,19.173,61.35
173,49,8.631,25.03
173,50,21.362,55.54
173,51,3.419,8.89
173,52,22.26,71.23
173,53,8.478,24.59
173,54,24.804,79.37
173,55,16.717,48.48
173,56,15.164,39.43
173,57,18.433,58.98
173,58,14.981,38.95
173,59,15.964,51.08
173,60,18.056,57.78
173,61,20.108,52.28
173,62,14.771,47.27
173,63,14.519,37.75
173,64,19.204,49.93
173,65,24.714,71.67
173,66,25.58,74.18
173,67,12.643,40.46
173,68,19.519,56.61
173,69,18.21,47.34
173,70,19.177,55.61
173,71,6.348,16.51
173,72,17.952,52.06
173,73,13.102,41.93
173,74,21.517,68.85
173,75,18.564,59.4
173,76,10.789,31.29
173,77,26.406,76.58
173,78,22.105,57.47
173,79,16.439,42.74
173,80,20.434,59.26
173,81,1.471,4.27
173,82,15.522,40.36
173,83,21.631,56.24
173,84,26.891,86.05
173,85,19.882,57.66
173,86,13.905,40.32
173,87,2.66,6.91
173,88,7.107,20.61
173,89,17.633,45.85
173,90,16.377,47.49
173,91,16.577,48.07
173,92,4.206,12.2
173,93,19.67,62.94
173,94,13.162,34.22
173,95,10.795,34.54
173,96,13.202,38.29
173,97,16.379,42.59
173,98,19.758,51.37
173,99,9.187,26.64
173,100,5.383,15.61
173,101,14.159,41.06
173,102,15.301,44.37
173,103,23.214,74.28
173,104,19.592,56.82
173,105,24.241,77.57
173,106,7.307,19.0
173,107,12.924,33.6
173,108,22.487,65.21
173,109,18.859,49.03
173,110,6.343,18.39
173,111,23.431,67.95
173,112,8.6,22.36
173,113,18.274,58.48
173,114,19.369,50.36
173,115,5.943,15.45
173,116,19.796,63.35
173,117,16.511,47.88
173,118,14.824,38.54
173,119,5.738,16.64
173,120,4.911,12.77
173,121,7.814,22.66
173,122,17.15,54.88
173,123,14.072,45.03
173,124,18.999,60.8
173,125,26.718,69.47
173,126,17.043,54.54
173,127,17.725,56.72
173,128,7.884,25.23
173,129,14.375,37.37
173,130,15.855,45.98
173,131,18.735,48.71
173,132,17.732,51.42
173,133,16.059,51.39
173,134,19.98,57.94
173,135,15.445,44.79
173,136,16.71,53.47
173,137,15.053,48.17
173,138,20.236,64.76
173,139,4.025,10.46
173,140,13.732,35.7
173,141,15.608,45.26
173,142,14.789,47.33
173,143,20.015,52.04
173,144,13.039,37.81
173,145,5.278,15.31
173,146,16.399,42.64
173,147,16.605,48.15
173,148,16.689,53.41
173,149,22.831,66.21
173,150,17.72,46.07
173,151,18.939,49.24
173,152,5.817,18.62
173,153,6.834,19.82
173,154,23.068,73.82
173,155,13.395,42.86
173,156,16.958,54.26
173,157,5.155,13.4
173,158,19.814,51.52
173,159,7.285,23.31
173,160,7.806,20.29
173,161,26.419,76.61
173,162,2.211,6.41
173,163,23.755,76.01
173,164,21.96,70.27
173,165,17.259,55.23
173,166,19.893,51.72
173,167,21.736,69.55
173,168,25.187,73.04
173,169,12.545,40.14
173,170,14.972,47.91
173,171,15.411,44.69
173,172,13.731,43.94
173,174,15.235,44.18
173,175,20.89,54.31
173,176,25.327,81.05
173,177,22.027,70.49
173,178,16.337,42.48
173,179,26.52,68.95
173,180,14.884,38.7
173,181,20.931,60.7
173,182,14.828,38.55
173,183,16.328,52.25
173,184,7.493,21.73
173,185,15.5,44.95
173,186,17.648,56.47
173,187,5.495,15.93
173,188,18.141,58.05
173,189,16.887,48.97
173,190,22.993,66.68
173,191,3.481,10.09
173,192,20.773,60.24
173,193,8.307,24.09
173,194,14.487,37.67
173,195,15.208,39.54
173,196,2.134,6.19
173,197,18.905,60.5
173,198,9.455,30.25
173,199,14.269,41.38
173,200,16.743,43.53
174,0,6.761,17.58
174,1,4.989,11.47
174,2,10.679,27.77
174,3,4.818,11.08
174,4,0.756,1.74
174,5,16.695,43.41
174,6,9.221,26.74
174,7,8.88,23.09
174,8,19.834,45.62
174,9,13.933,40.41
174,10,13.381,34.79
174,11,11.102,32.2
174,12,5.795,15.07
174,13,9.067,20.85
174,14,13.189,34.29
174,15,11.335,32.87
174,16,7.086,16.3
174,17,9.821,22.59
174,18,15.061,39.16
174,19,1.759,4.05
174,20,10.387,23.89
174,21,10.054,29.16
174,22,3.853,8.86
174,23,7.901,20.54
174,24,14.501,42.05
174,25,9.653,27.99
174,26,7.132,18.54
174,27,10.6,27.56
174,28,10.908,31.63
174,29,8.006,23.22
174,30,13.333,34.67
174,31,14.027,36.47
174,32,9.649,25.09
174,33,12.092,27.81
174,34,13.788,31.71
174,35,5.187,11.93
174,36,13.995,32.19
174,37,3.245,9.41
174,38,1.681,4.87
174,39,16.448,42.76
174,40,16.527,47.93
174,41,15.544,40.41
174,42,14.408,37.46
174,43,14.84,43.04
174,44,2.523,7.32
174,45,10.226,26.59
174,46,15.854,45.98
174,47,14.296,32.88
174,48,16.667,48.33
174,49,11.405,29.65
174,50,7.901,18.17
174,51,12.129,27.9
174,52,8.167,23.68
174,53,8.186,21.28
174,54,12.294,35.65
174,55,15.58,40.51
174,56,5.358,12.32
174,57,14.996,43.49
174,58,2.685,6.18
174,59,1.856,5.38
174,60,15.922,46.17
174,61,9.432,21.69
174,62,1.447,4.2
174,63,2.321,5.34
174,64,18.856,43.37
174,65,14.144,36.77
174,66,12.098,31.45
174,67,2.646,7.67
174,68,6.46,16.8
174,69,15.21,34.98
174,70,15.03,39.08
174,71,11.336,26.07
174,72,13.426,34.91
174,73,2.91,8.44
174,74,8.711,25.26
174,75,16.247,47.12
174,76,10.253,26.66
174,77,12.427,32.31
174,78,11.513,26.48
174,79,15.912,36.6
174,80,5.811,15.11
174,81,14.303,37.19
174,82,12.847,29.55
174,83,9.112,20.96
174,84,13.919,40.37
174,85,7.303,18.99
174,86,14.365,37.35
174,87,12.842,29.54
174,88,8.223,21.38
174,89,12.068,27.76
174,90,1.938,5.04
174,91,13.959,36.29
174,92,13.633,35.45
174,93,7.019,20.36
174,94,13.347,30.7
174,95,13.213,38.32
174,96,14.266,37.09
174,97,13.555,31.18
174,98,19.446,44.73
174,99,10.439,27.14
174,100,13.653,35.5
174,101,14.683,38.18
174,102,1.488,3.87
174,103,11.109,32.22
174,104,16.704,43.43
174,105,12.354,35.83
174,106,12.15,27.94
174,107,2.351,5.41
174,108,9.505,24.71
174,109,16.836,38.72
174,110,9.958,25.89
174,111,10.075,26.2
174,112,9.926,22.83
174,113,16.355,47.43
174,114,16.848,38.75
174,115,10.657,24.51
174,116,6.204,17.99
174,117,14.693,38.2
174,118,2.783,6.4
174,119,9.648,25.08
174,120,10.354,23.81
174,121,10.223,26.58
174,122,15.485,44.91
174,123,11.425,33.13
174,124,14.726,42.7
174,125,13.47,30.98
174,126,11.902,34.52
174,127,13.804,40.03
174,128,9.217,26.73
174,129,4.662,10.72
174,130,4.847,12.6
174,131,15.821,36.39
174,132,5.52,14.35
174,133,3.567,10.35
174,134,20.125,52.32
174,135,11.463,29.8
174,136,3.842,11.14
174,137,4.651,13.49
174,138,6.927,20.09
174,139,12.389,28.49
174,140,14.513,33.38
174,141,2.408,6.26
174,142,4.425,12.83
174,143,17.206,39.57
174,144,13.722,35.68
174,145,10.361,26.94
174,146,16.337,37.58
174,147,14.864,38.65
174,148,4.108,11.91
174,149,11.802,30.68
174,150,14.839,34.13
174,151,17.885,41.13
174,152,12.776,37.05
174,153,9.814,25.52
174,154,9.166,26.58
174,155,13.941,40.43
174,156,13.599,39.44
174,157,10.08,23.19
174,158,6.834,15.72
174,159,8.495,24.64
174,160,7.489,17.23
174,161,13.367,34.75
174,162,14.021,36.45
174,163,11.544,33.48
174,164,10.115,29.33
174,165,17.025,49.37
174,166,7.439,17.11
174,167,8.786,25.48
174,168,12.087,31.43
174,169,11.399,33.06
174,170,18.128,52.57
174,171,1.379,3.58
174,172,3.713,10.77
174,173,15.235,44.18
174,175,21.127,48.59
174,176,12.744,36.96
174,177,8.294,24.05
174,178,14.474,33.29
174,179,12.393,28.5
174,180,2.283,5.25
174,181,9.846,25.6
174,182,1.415,3.25
174,183,13.549,39.29
174,184,10.288,26.75
174,185,1.327,3.45
174,186,4.33,12.56
174,187,16.512,42.93
174,188,3.022,8.76
174,189,3.522,9.16
174,190,9.317,24.23
174,191,11.832,30.76
174,192,9.637,25.06
174,193,8.694,22.61
174,194,3.458,7.95
174,195,12.621,29.03
174,196,13.822,35.94
174,197,5.678,16.47
174,198,10.156,29.45
174,199,2.519,6.55
174,200,5.669,13.04
175,0,14.366,33.04
175,1,26.095,52.19
175,2,10.471,24.08
175,3,24.876,49.75
175,4,21.289,42.58
175,5,5.798,13.34
175,6,19.502,50.71
175,7,18.017,41.44
175,8,1.561,3.12
175,9,17.466,45.41
175,10,13.747,31.62
175,11,17.558,45.65
175,12,26.188,60.23
175,13,18.246,36.49
175,14,7.996,18.39
175,15,16.576,43.1
175,16,26.121,52.24
175,17,19.733,39.47
175,18,6.07,13.96
175,19,22.775,45.55
175,20,21.192,42.38
175,21,20.014,52.04
175,22,23.692,47.38
175,23,16.577,38.13
175,24,7.816,20.32
175,25,18.295,47.57
175,26,20.699,47.61
175,27,20.842,47.94
175,28,18.562,48.26
175,29,21.486,55.86
175,30,8.022,18.45
175,31,7.764,17.86
175,32,16.299,37.49
175,33,14.253,28.51
175,34,18.049,36.1
175,35,24.317,48.63
175,36,7.209,14.42
175,37,23.964,62.31
175,38,22.759,59.17
175,39,5.677,13.06
175,40,11.499,29.9
175,41,5.745,13.21
175,42,6.722,15.46
175,43,17.107,44.48
175,44,22.276,57.92
175,45,15.998,36.8
175,46,5.312,13.81
175,47,6.862,13.72
175,48,4.85,12.61
175,49,13.263,30.51
175,50,19.082,38.16
175,51,21.252,42.5
175,52,20.489,53.27
175,53,16.21,37.28
175,54,18.454,47.98
175,55,5.591,12.86
175,56,25.788,51.58
175,57,6.529,16.98
175,58,23.435,46.87
175,59,22.982,59.75
175,60,5.286,13.74
175,61,30.532,61.06
175,62,22.201,57.72
175,63,22.847,45.69
175,64,2.274,4.55
175,65,15.349,35.3
175,66,20.553,47.27
175,67,19.825,51.55
175,68,18.216,41.9
175,69,6.167,12.33
175,70,6.948,15.98
175,71,15.548,31.1
175,72,8.178,18.81
175,73,22.15,57.59
175,74,18.06,46.96
175,75,5.072,13.19
175,76,12.344,28.39
175,77,22.019,50.64
175,78,14.895,29.79
175,79,5.389,10.78
175,80,21.019,48.34
175,81,21.622,49.73
175,82,8.291,16.58
175,83,17.639,35.28
175,84,20.16,52.42
175,85,17.561,40.39
175,86,7.676,17.66
175,87,19.137,38.27
175,88,18.725,43.07
175,89,9.618,19.24
175,90,23.032,52.97
175,91,7.176,16.51
175,92,16.756,38.54
175,93,17.653,45.9
175,94,8.732,17.46
175,95,10.536,27.39
175,96,8.201,18.86
175,97,7.58,15.16
175,98,1.684,3.37
175,99,13.42,30.87
175,100,15.555,35.78
175,101,7.341,16.88
175,102,22.511,51.78
175,103,17.315,45.02
175,104,5.077,11.68
175,105,17.245,44.84
175,106,14.113,28.23
175,107,20.754,41.51
175,108,18.549,42.66
175,109,4.482,8.96
175,110,16.837,38.72
175,111,19.472,44.79
175,112,14.334,28.67
175,113,4.851,12.61
175,114,4.736,9.47
175,115,16.595,33.19
175,116,19.021,49.45
175,117,6.441,14.81
175,118,23.441,46.88
175,119,18.612,42.81
175,120,20.168,40.34
175,121,14.85,34.16
175,122,5.643,14.67
175,123,9.843,25.59
175,124,7.209,18.74
175,125,20.614,41.23
175,126,9.541,24.81
175,127,7.626,19.83
175,128,15.714,40.86
175,129,24.812,49.62
175,130,25.639,58.97
175,131,5.671,11.34
175,132,26.636,61.26
175,133,24.588,63.93
175,134,1.037,2.39
175,135,9.669,22.24
175,136,24.951,64.87
175,137,25.151,65.39
175,138,18.644,48.47
175,139,22.52,45.04
175,140,7.71,15.42
175,141,23.434,53.9
175,142,24.834,64.57
175,143,4.74,9.48
175,144,8.591,19.76
175,145,18.056,41.53
175,146,5.105,10.21
175,147,6.27,14.42
175,148,25.198,65.51
175,149,15.613,35.91
175,150,6.426,12.85
175,151,3.273,6.55
175,152,15.345,39.9
175,153,16.338,37.58
175,154,20.385,53.0
175,155,8.237,21.42
175,156,7.615,19.8
175,157,19.642,39.28
175,158,18.12,36.24
175,159,21.629,56.24
175,160,18.905,37.81
175,161,20.091,46.21
175,162,18.78,43.19
175,163,17.624,45.82
175,164,16.681,43.37
175,165,4.263,11.08
175,166,17.387,34.77
175,167,18.328,47.65
175,168,19.648,45.19
175,169,10.439,27.14
175,170,6.057,15.75
175,171,22.447,51.63
175,172,23.57,61.28
175,173,20.89,54.31
175,174,21.127,48.59
175,176,18.775,48.81
175,177,19.724,51.28
175,178,6.664,13.33
175,179,22.429,44.86
175,180,23.03,46.06
175,181,15.525,35.71
175,182,22.209,44.42
175,183,7.583,19.72
175,184,15.126,34.79
175,185,22.422,51.57
175,186,25.442,66.15
175,187,16.025,36.86
175,188,21.587,56.13
175,189,24.65,56.69
175,190,19.917,45.81
175,191,19.321,44.44
175,192,15.595,35.87
175,193,15.805,36.35
175,194,23.844,47.69
175,195,8.537,17.07
175,196,18.962,43.61
175,197,26.731,69.5
175,198,13.41,34.87
175,199,22.857,52.57
175,200,26.606,53.21
176,0,11.228,32.56
176,1,15.363,39.94
176,2,11.66,33.81
176,3,17.375,45.18
176,4,12.173,31.65
176,5,17.798,51.61
176,6,19.865,63.57
176,7,18.759,54.4
176,8,17.217,44.76
176,9,22.736,72.76
176,10,5.048,14.64
176,11,20.428,65.37
176,12,18.04,52.32
176,13,19.058,49.55
176,14,12.641,36.66
176,15,2.59,8.29
176,16,11.888,30.91
176,17,20.478,53.24
176,18,14.521,42.11
176,19,14.132,36.74
176,20,3.749,9.75
176,21,20.804,66.57
176,22,16.556,43.05
176,23,5.597,16.23
176,24,11.193,35.82
176,25,3.109,9.95
176,26,6.154,17.85
176,27,3.287,9.53
176,28,1.836,5.88
176,29,5.908,18.91
176,30,12.071,35.01
176,31,15.778,45.76
176,32,18.363,53.25
176,33,19.296,50.17
176,34,22.908,59.56
176,35,17.921,46.59
176,36,13.029,33.87
176,37,15.628,50.01
176,38,13.252,42.41
176,39,17.313,50.21
176,40,21.62,69.18
176,41,13.784,39.97
176,42,14.093,40.87
176,43,23.288,74.52
176,44,15.261,48.84
176,45,18.703,54.24
176,46,14.464,46.28
176,47,13.475,35.03
176,48,14.184,45.39
176,49,17.88,51.85
176,50,4.867,12.65
176,51,23.023,59.86
176,52,5.106,16.34
176,53,16.85,48.87
176,54,0.524,1.68
176,55,15.16,43.96
176,56,17.636,45.85
176,57,12.828,41.05
176,58,15.148,39.39
176,59,13.78,44.1
176,60,14.321,45.83
176,61,19.613,50.99
176,62,14.126,45.2
176,63,14.976,38.94
176,64,17.071,44.39
176,65,3.775,10.95
176,66,2.044,5.93
176,67,14.214,45.48
176,68,6.368,18.47
176,69,13.308,34.6
176,70,12.103,35.1
176,71,19.439,50.54
176,72,11.532,33.44
176,73,15.607,49.94
176,74,4.092,13.09
176,75,14.238,45.56
176,76,15.568,45.15
176,77,3.444,9.99
176,78,4.143,10.77
176,79,15.796,41.07
176,80,7.517,21.8
176,81,24.897,72.2
176,82,13.373,34.77
176,83,3.809,9.9
176,84,1.654,5.29
176,85,5.69,16.5
176,86,16.28,47.21
176,87,22.668,58.94
176,88,18.597,53.93
176,89,10.497,27.29
176,90,13.448,39.0
176,91,13.484,39.1
176,92,22.125,64.16
176,93,5.954,19.05
176,94,15.915,41.38
176,95,17.64,56.45
176,96,16.755,48.59
176,97,13.253,34.46
176,98,17.388,45.21
176,99,16.931,49.1
176,100,21.489,62.32
176,101,16.396,47.55
176,102,13.929,40.39
176,103,2.145,6.87
176,104,13.821,40.08
176,105,1.554,4.97
176,106,19.255,50.06
176,107,14.606,37.98
176,108,3.24,9.4
176,109,14.706,38.24
176,110,19.0,55.1
176,111,2.851,8.27
176,112,17.152,44.6
176,113,14.649,46.88
176,114,14.231,37.0
176,115,19.479,50.65
176,116,6.541,20.93
176,117,14.342,41.59
176,118,15.298,39.77
176,119,19.763,57.31
176,120,21.121,54.91
176,121,17.882,51.86
176,122,14.65,46.88
176,123,13.51,43.23
176,124,11.918,38.14
176,125,1.87,4.86
176,126,10.979,35.13
176,127,12.18,38.98
176,128,17.518,56.06
176,129,17.197,44.71
176,130,16.836,48.82
176,131,13.535,35.19
176,132,16.389,47.53
176,133,15.422,49.35
176,134,18.143,52.61
176,135,12.237,35.49
176,136,15.25,48.8
176,137,16.979,54.33
176,138,5.824,18.64
176,139,23.719,61.67
176,140,16.573,43.09
176,141,14.574,42.26
176,142,16.85,53.92
176,143,14.073,36.59
176,144,16.363,47.45
176,145,20.069,58.2
176,146,16.333,42.47
176,147,14.445,41.89
176,148,15.559,49.79
176,149,3.309,9.6
176,150,13.353,34.72
176,151,16.006,41.61
176,152,20.608,65.94
176,153,18.544,53.78
176,154,4.151,13.28
176,155,16.282,52.1
176,156,12.733,40.75
176,157,20.65,53.69
176,158,6.0,15.6
176,159,20.212,64.68
176,160,18.058,46.95
176,161,1.367,3.96
176,162,23.445,67.99
176,163,1.607,5.14
176,164,3.392,10.85
176,165,16.415,52.53
176,166,5.621,14.61
176,167,3.974,12.72
176,168,1.19,3.45
176,169,14.834,47.47
176,170,19.682,62.98
176,171,13.765,39.92
176,172,16.421,52.55
176,173,25.327,81.05
176,174,12.744,36.96
176,175,18.775,48.81
176,177,4.639,14.85
176,178,14.264,37.09
176,179,3.895,10.13
176,180,14.824,38.54
176,181,4.574,13.27
176,182,14.08,36.61
176,183,13.295,42.55
176,184,18.153,52.64
176,185,13.658,39.61
176,186,14.985,47.95
176,187,24.075,69.82
176,188,10.347,33.11
176,189,14.741,42.75
176,190,3.759,10.9
176,191,21.936,63.62
176,192,4.687,13.59
176,193,17.052,49.45
176,194,16.028,41.67
176,195,13.459,34.99
176,196,23.371,67.78
176,197,15.468,49.5
176,198,16.584,53.07
176,199,15.213,44.12
176,200,17.233,44.81
177,0,8.609,24.97
177,1,10.742,27.93
177,2,10.559,30.62
177,3,12.798,33.28
177,4,7.667,19.94
177,5,17.349,50.31
177,6,16.249,52.0
177,7,15.345,44.5
177,8,18.187,47.29
177,9,19.818,63.42
177,10,7.383,21.41
177,11,17.257,55.22
177,12,13.418,38.91
177,13,15.621,40.61
177,14,12.349,35.81
177,15,4.26,13.63
177,16,7.696,20.01
177,17,16.876,43.88
177,18,14.446,41.89
177,19,9.569,24.88
177,20,2.398,6.23
177,21,17.18,54.97
177,22,12.034,31.29
177,23,3.307,9.59
177,24,11.923,38.15
177,25,1.959,6.27
177,26,1.573,4.56
177,27,2.445,7.09
177,28,2.897,9.27
177,29,1.839,5.89
177,30,12.006,34.82
177,31,14.92,43.27
177,32,15.293,44.35
177,33,16.768,43.6
177,34,19.888,51.71
177,35,13.417,34.88
177,36,12.965,33.71
177,37,11.04,35.33
177,38,8.653,27.69
177,39,16.921,49.07
177,40,19.934,63.79
177,41,14.139,41.0
177,42,13.881,40.26
177,43,20.507,65.62
177,44,10.815,34.61
177,45,15.727,45.61
177,46,14.731,47.14
177,47,13.403,34.85
177,48,14.881,47.62
177,49,15.506,44.97
177,50,0.757,1.97
177,51,19.397,50.43
177,52,0.788,2.52
177,53,13.7,39.73
177,54,4.273,13.67
177,55,15.097,43.78
177,56,13.019,33.85
177,57,13.254,42.41
177,58,10.578,27.5
177,59,9.186,29.39
177,60,14.662,46.92
177,61,15.073,39.19
177,62,9.621,30.79
177,63,10.449,27.17
177,64,17.7,46.02
177,65,7.198,20.87
177,66,3.814,11.06
177,67,10.087,32.28
177,68,2.544,7.38
177,69,13.674,35.55
177,70,12.777,37.05
177,71,16.622,43.22
177,72,11.667,33.84
177,73,11.199,35.84
177,74,1.695,5.42
177,75,14.741,47.17
177,76,13.388,38.83
177,77,4.389,12.73
177,78,5.465,14.21
177,79,15.668,40.74
177,80,2.883,8.36
177,81,21.41,62.09
177,82,12.733,33.1
177,83,2.192,5.7
177,84,5.642,18.05
177,85,2.533,7.35
177,86,15.405,44.68
177,87,19.402,50.44
177,88,15.022,43.56
177,89,10.308,26.8
177,90,8.839,25.63
177,91,13.269,38.48
177,92,19.292,55.95
177,93,2.62,8.38
177,94,14.761,38.38
177,95,15.955,51.06
177,96,15.705,45.55
177,97,12.938,33.64
177,98,18.145,47.18
177,99,14.48,41.99
177,100,18.853,54.67
177,101,15.608,45.26
177,102,9.38,27.2
177,103,3.661,11.72
177,104,14.654,42.5
177,105,4.769,15.26
177,106,16.758,43.57
177,107,10.338,26.88
177,108,1.685,4.89
177,109,15.301,39.78
177,110,15.859,45.99
177,111,1.817,5.27
177,112,14.478,37.64
177,113,15.064,48.2
177,114,14.988,38.97
177,115,16.432,42.72
177,116,2.262,7.24
177,117,14.172,41.1
177,118,10.734,27.91
177,119,16.313,47.31
177,120,17.499,45.5
177,121,15.119,43.85
177,122,14.707,47.06
177,123,12.264,39.24
177,124,12.515,40.05
177,125,5.176,13.46
177,126,10.584,33.87
177,127,12.289,39.32
177,128,14.527,46.48
177,129,12.617,32.8
177,130,12.205,35.4
177,131,14.087,36.63
177,132,11.76,34.11
177,133,10.795,34.55
177,134,18.913,54.85
177,135,11.327,32.85
177,136,10.612,33.96
177,137,12.371,39.59
177,138,1.812,5.8
177,139,19.947,51.86
177,140,15.669,40.74
177,141,9.979,28.94
177,142,12.254,39.21
177,143,15.034,39.09
177,144,15.223,44.15
177,145,16.761,48.61
177,146,16.204,42.13
177,147,14.313,41.51
177,148,10.92,34.94
177,149,5.176,15.01
177,150,13.547,35.22
177,151,16.6,43.16
177,152,17.936,57.39
177,153,15.479,44.89
177,154,1.05,3.36
177,155,15.247,48.79
177,156,12.589,40.28
177,157,17.081,44.41
177,158,2.314,6.02
177,159,16.247,51.99
177,160,14.402,37.45
177,161,5.086,14.75
177,162,20.336,58.97
177,163,3.874,12.4
177,164,3.416,10.93
177,165,16.532,52.9
177,166,2.638,6.86
177,167,1.464,4.68
177,168,3.823,11.09
177,169,13.244,42.38
177,170,19.18,61.38
177,171,9.215,26.72
177,172,11.903,38.09
177,173,22.027,70.49
177,174,8.294,24.05
177,175,19.724,51.28
177,176,4.639,14.85
177,178,14.028,36.47
177,179,4.494,11.69
177,180,10.272,26.71
177,181,4.281,12.41
177,182,9.571,24.89
177,183,12.966,41.49
177,184,15.341,44.49
177,185,9.105,26.4
177,186,10.351,33.12
177,187,21.623,62.71
177,188,5.728,18.33
177,189,10.103,29.3
177,190,1.03,2.99
177,191,18.557,53.82
177,192,4.174,12.11
177,193,14.011,40.63
177,194,11.466,29.81
177,195,12.703,33.03
177,196,20.217,58.63
177,197,10.882,34.82
177,198,14.125,45.2
177,199,10.698,31.02
177,200,12.594,32.74
178,0,7.716,17.75
178,1,19.451,38.9
178,2,3.889,8.94
178,3,18.245,36.49
178,4,14.658,29.32
178,5,3.54,8.14
178,6,13.627,35.43
178,7,12.092,27.81
178,8,5.47,10.94
178,9,12.91,33.56
178,10,9.746,22.42
178,11,12.163,31.62
178,12,19.548,44.96
178,13,12.361,24.72
178,14,1.685,3.87
178,15,11.749,30.55
178,16,19.76,39.52
178,17,13.968,27.94
178,18,0.602,1.38
178,19,16.113,32.23
178,20,15.866,31.73
178,21,14.284,37.14
178,22,17.058,34.12
178,23,10.735,24.69
178,24,3.745,9.74
178,25,12.949,33.67
178,26,14.753,33.93
178,27,15.593,35.86
178,28,13.539,35.2
178,29,15.658,40.71
178,30,2.195,5.05
178,31,2.333,5.37
178,32,10.515,24.18
178,33,9.168,18.34
178,34,13.396,26.79
178,35,17.735,35.47
178,36,1.27,2.54
178,37,17.302,44.99
178,38,16.116,41.9
178,39,3.049,7.01
178,40,8.646,22.48
178,41,1.799,4.14
178,42,0.177,0.41
178,43,12.888,33.51
178,44,15.627,40.63
178,45,10.359,23.83
178,46,1.624,4.22
178,47,0.868,1.74
178,48,2.911,7.57
178,49,7.826,18.0
178,50,13.317,26.63
178,51,15.878,31.76
178,52,14.741,38.33
178,53,10.064,23.15
178,54,13.835,35.97
178,55,1.135,2.61
178,56,19.143,38.29
178,57,2.239,5.82
178,58,16.772,33.54
178,59,16.327,42.45
178,60,1.815,4.72
178,61,23.87,47.74
178,62,15.537,40.4
178,63,16.186,32.37
178,64,4.39,8.78
178,65,11.604,26.69
178,66,15.698,36.1
178,67,13.183,34.27
178,68,12.147,27.94
178,69,1.909,3.82
178,70,3.127,7.19
178,71,10.232,20.46
178,72,2.785,6.41
178,73,15.515,40.34
178,74,12.48,32.45
178,75,2.308,6.0
178,76,6.224,14.32
178,77,17.093,39.31
178,78,10.122,20.24
178,79,1.642,3.28
178,80,14.854,34.16
178,81,16.729,38.48
178,82,1.628,3.26
178,83,12.157,24.31
178,84,15.851,41.21
178,85,11.637,26.76
178,86,2.695,6.2
178,87,14.119,28.24
178,88,12.675,29.15
178,89,3.816,7.63
178,90,16.387,37.69
178,91,0.784,1.8
178,92,12.158,27.96
178,93,11.672,30.35
178,94,3.186,6.37
178,95,5.605,14.57
178,96,3.414,7.85
178,97,1.091,2.18
178,98,4.993,9.99
178,99,7.615,17.52
178,100,11.041,25.39
178,101,2.602,5.98
178,102,15.849,36.45
178,103,12.399,32.24
178,104,3.277,7.54
178,105,12.725,33.09
178,106,9.044,18.09
178,107,14.11,28.22
178,108,13.159,30.27
178,109,2.751,5.5
178,110,11.147,25.64
178,111,14.188,32.63
178,112,8.477,16.95
178,113,2.155,5.6
178,114,3.117,6.23
178,115,11.089,22.18
178,116,12.929,33.62
178,117,0.23,0.53
178,118,16.779,33.56
178,119,12.846,29.54
178,120,14.491,28.98
178,121,9.143,21.03
178,122,1.058,2.75
178,123,3.24,8.42
178,124,3.07,7.98
178,125,16.123,32.25
178,126,3.452,8.97
178,127,2.174,5.65
178,128,9.782,25.43
178,129,18.176,36.35
178,130,18.979,43.65
178,131,2.399,4.8
178,132,19.977,45.95
178,133,17.925,46.6
178,134,5.652,13.0
178,135,3.058,7.03
178,136,18.292,47.56
178,137,18.501,48.1
178,138,12.679,32.97
178,139,17.082,34.16
178,140,2.966,5.93
178,141,16.771,38.57
178,142,18.186,47.28
178,143,3.735,7.47
178,144,3.385,7.79
178,145,12.463,28.66
178,146,2.176,4.35
178,147,0.397,0.91
178,148,18.537,48.2
178,149,10.957,25.2
178,150,1.46,2.92
178,151,3.486,6.97
178,152,10.519,27.35
178,153,10.598,24.38
178,154,14.846,38.6
178,155,3.071,7.98
178,156,1.531,3.98
178,157,13.934,27.87
178,158,12.121,24.24
178,159,15.544,40.42
178,160,12.73,25.46
178,161,15.631,35.95
178,162,14.127,32.49
178,163,12.829,33.36
178,164,11.469,29.82
178,165,2.624,6.82
178,166,11.485,22.97
178,167,12.766,33.19
178,168,14.873,34.21
178,169,4.197,10.91
178,170,5.421,14.1
178,171,15.788,36.31
178,172,16.935,44.03
178,173,16.337,42.48
178,174,14.474,33.29
178,175,6.664,13.33
178,176,14.264,37.09
178,177,14.028,36.47
178,179,17.448,34.9
178,180,16.367,32.73
178,181,10.182,23.42
178,182,15.545,31.09
178,183,1.067,2.77
178,184,9.46,21.76
178,185,15.764,36.26
178,186,18.796,48.87
178,187,12.56,28.89
178,188,15.091,39.24
178,189,17.996,41.39
178,190,14.435,33.2
178,191,14.029,32.27
178,192,10.188,23.43
178,193,9.747,22.42
178,194,17.191,34.38
178,195,1.877,3.75
178,196,14.232,32.73
178,197,20.1,52.26
178,198,7.495,19.49
178,199,16.199,37.26
178,200,19.943,39.89
179,0,12.972,29.83
179,1,13.739,27.48
179,2,14.375,33.06
179,3,16.517,33.03
179,4,11.696,23.39
179,5,20.924,48.13
179,6,20.719,53.87
179,7,19.836,45.62
179,8,20.867,41.73
179,9,24.295,63.17
179,10,8.835,20.32
179,11,21.75,56.55
179,12,16.911,38.9
179,13,20.111,40.22
179,14,15.775,36.28
179,15,5.857,15.23
179,16,9.411,18.82
179,17,21.346,42.69
179,18,17.777,40.89
179,19,13.408,26.82
179,20,2.104,4.21
179,21,21.646,56.28
179,22,15.916,31.83
179,23,7.304,16.8
179,24,14.703,38.23
179,25,4.605,11.97
179,26,5.278,12.14
179,27,2.099,4.83
179,28,3.922,10.2
179,29,4.407,11.46
179,30,15.294,35.18
179,31,18.685,42.98
179,32,19.778,45.49
179,33,21.172,42.34
179,34,24.374,48.75
179,35,17.313,34.63
179,36,16.268,32.54
179,37,14.756,38.37
179,38,12.398,32.23
179,39,20.46,47.06
179,40,24.1,62.66
179,41,17.201,39.56
179,42,17.285,39.76
179,43,24.968,64.92
179,44,14.86,38.64
179,45,20.203,46.47
179,46,17.856,46.43
179,47,16.718,33.44
179,48,17.725,46.09
179,49,19.867,45.69
179,50,5.183,10.37
179,51,23.858,47.72
179,52,4.317,11.23
179,53,18.188,41.83
179,54,4.072,10.59
179,55,18.429,42.39
179,56,16.552,33.1
179,57,16.257,42.27
179,58,14.366,28.73
179,59,12.931,33.62
179,60,17.739,46.12
179,61,17.512,35.02
179,62,13.592,35.34
179,63,14.355,28.71
179,64,20.617,41.23
179,65,7.67,17.64
179,66,1.901,4.37
179,67,14.433,37.53
179,68,7.025,16.16
179,69,16.722,33.44
179,70,15.609,35.9
179,71,21.079,42.16
179,72,14.827,34.1
179,73,15.29,39.75
179,74,5.349,13.91
179,75,17.714,46.06
179,76,17.679,40.66
179,77,0.455,1.05
179,78,7.544,15.09
179,79,19.045,38.09
179,80,6.587,15.15
179,81,25.889,59.54
179,82,16.357,32.71
179,83,5.484,10.97
179,84,3.291,8.56
179,85,6.826,15.7
179,86,19.184,44.12
179,87,23.896,47.79
179,88,19.501,44.85
179,89,13.632,27.26
179,90,12.529,28.82
179,91,16.665,38.33
179,92,23.757,54.64
179,93,6.985,18.16
179,94,18.666,37.33
179,95,20.096,52.25
179,96,19.572,45.02
179,97,16.387,32.77
179,98,20.977,41.95
179,99,18.855,43.37
179,100,23.286,53.56
179,101,19.345,44.49
179,102,13.263,30.5
179,103,5.132,13.34
179,104,17.401,40.02
179,105,5.278,13.72
179,106,21.155,42.31
179,107,14.587,29.17
179,108,4.459,10.25
179,109,18.219,36.44
179,110,20.349,46.8
179,111,3.387,7.79
179,112,18.903,37.81
179,113,18.098,47.06
179,114,17.792,35.58
179,115,20.916,41.83
179,116,6.73,17.5
179,117,17.555,40.38
179,118,14.538,29.08
179,119,20.802,47.84
179,120,21.965,43.93
179,121,19.563,44.99
179,122,17.962,46.7
179,123,16.179,42.07
179,124,15.394,40.03
179,125,2.54,5.08
179,126,14.033,36.48
179,127,15.477,40.24
179,128,19.002,49.4
179,129,16.328,32.66
179,130,15.651,36.0
179,131,17.019,34.04
179,132,14.799,34.04
179,133,14.313,37.21
179,134,21.741,50.0
179,135,15.065,34.65
179,136,13.99,36.37
179,137,15.97,41.52
179,138,6.297,16.37
179,139,24.373,48.75
179,140,19.464,38.93
179,141,13.7,31.51
179,142,15.914,41.38
179,143,17.695,35.39
179,144,19.127,43.99
179,145,21.255,48.89
179,146,19.587,39.17
179,147,17.676,40.66
179,148,14.275,37.11
179,149,6.818,15.68
179,150,16.702,33.4
179,151,19.531,39.06
179,152,22.373,58.17
179,153,19.963,45.91
179,154,3.452,8.97
179,155,19.102,49.66
179,156,15.934,41.43
179,157,21.556,43.11
179,158,6.76,13.52
179,159,20.618,53.61
179,160,18.87,37.74
179,161,2.948,6.78
179,162,24.828,57.1
179,163,4.806,12.5
179,164,5.98,15.55
179,165,19.77,51.4
179,166,6.871,13.74
179,167,5.075,13.2
179,168,2.825,6.5
179,169,17.322,45.04
179,170,22.798,59.27
179,171,13.097,30.12
179,172,15.797,41.07
179,173,26.52,68.95
179,174,12.393,28.5
179,175,22.429,44.86
179,176,3.895,10.13
179,177,4.494,11.69
179,178,17.448,34.9
179,180,14.121,28.24
179,181,7.276,16.73
179,182,13.537,27.07
179,183,16.423,42.7
179,184,19.794,45.53
179,185,12.983,29.86
179,186,13.507,35.12
179,187,26.026,59.86
179,188,9.514,24.74
179,189,13.487,31.02
179,190,3.565,8.2
179,191,23.048,53.01
179,192,7.291,16.77
179,193,18.49,42.53
179,194,15.258,30.52
179,195,16.387,32.77
179,196,24.711,56.83
179,197,13.65,35.49
179,198,18.5,48.1
179,199,14.624,33.64
179,200,15.824,31.65
180,0,8.726,20.07
180,1,3.597,7.19
180,2,12.663,29.13
180,3,2.573,5.15
180,4,2.679,5.36
180,5,18.338,42.18
180,6,9.012,23.43
180,7,9.057,20.83
180,8,21.788,43.58
180,9,14.1,36.66
180,10,15.658,36.01
180,11,11.282,29.33
180,12,3.516,8.09
180,13,9.175,18.35
180,14,15.174,34.9
180,15,13.543,35.21
180,16,7.325,14.65
180,17,9.549,19.1
180,18,16.962,39.01
180,19,0.713,1.43
180,20,12.203,24.41
180,21,9.717,25.27
180,22,1.795,3.59
180,23,10.155,23.36
180,24,16.645,43.28
180,25,11.766,30.59
180,26,8.968,20.63
180,27,12.463,28.67
180,28,12.996,33.79
180,29,9.719,25.27
180,30,15.374,35.36
180,31,15.707,36.13
180,32,10.182,23.42
180,33,12.853,25.71
180,34,13.859,27.72
180,35,3.192,6.38
180,36,15.982,31.96
180,37,0.982,2.55
180,38,1.75,4.55
180,39,18.131,41.7
180,40,17.512,45.53
180,41,17.541,40.35
180,42,16.314,37.52
180,43,15.069,39.18
180,44,1.295,3.37
180,45,10.778,24.79
180,46,17.808,46.3
180,47,16.256,32.51
180,48,18.689,48.59
180,49,12.408,28.54
180,50,9.957,19.91
180,51,11.583,23.17
180,52,10.041,26.11
180,53,8.916,20.51
180,54,14.393,37.42
180,55,17.448,40.13
180,56,3.079,6.16
180,57,17.045,44.32
180,58,0.418,0.84
180,59,1.247,3.24
180,60,17.893,46.52
180,61,7.541,15.08
180,62,0.875,2.27
180,63,0.365,0.73
180,64,20.756,41.51
180,65,16.388,37.69
180,66,14.022,32.25
180,67,3.417,8.88
180,68,8.642,19.88
180,69,17.231,34.46
180,70,17.134,39.41
180,71,11.903,23.81
180,72,15.512,35.68
180,73,1.787,4.65
180,74,10.854,28.22
180,75,18.243,47.43
180,76,11.622,26.73
180,77,14.205,32.67
180,78,13.779,27.56
180,79,17.734,35.47
180,80,7.581,17.44
180,81,13.788,31.71
180,82,14.741,29.48
180,83,11.281,22.56
180,84,15.912,41.37
180,85,9.513,21.88
180,86,16.004,36.81
180,87,12.713,25.43
180,88,8.255,18.99
180,89,14.189,28.38
180,90,1.69,3.89
180,91,15.901,36.57
180,92,13.916,32.01
180,93,9.231,24.0
180,94,14.951,29.9
180,95,14.514,37.74
180,96,15.828,36.41
180,97,15.499,31.0
180,98,21.359,42.72
180,99,11.527,26.51
180,100,14.131,32.5
180,101,16.334,37.57
180,102,0.895,2.06
180,103,13.28,34.53
180,104,18.757,43.14
180,105,14.526,37.77
180,106,12.932,25.86
180,107,2.562,5.12
180,108,11.598,26.67
180,109,18.824,37.65
180,110,10.344,23.79
180,111,12.081,27.79
180,112,10.879,21.76
180,113,18.32,47.63
180,114,18.877,37.75
180,115,11.052,22.1
180,116,8.305,21.59
180,117,16.591,38.16
180,118,0.501,1.0
180,119,9.642,22.18
180,120,9.985,19.97
180,121,11.025,25.36
180,122,17.399,45.24
180,123,13.225,34.39
180,124,16.83,43.76
180,125,15.417,30.83
180,126,13.983,36.36
180,127,15.855,41.22
180,128,9.934,25.83
180,129,2.406,4.81
180,130,2.649,6.09
180,131,17.852,35.7
180,132,3.755,8.64
180,133,1.623,4.22
180,134,22.014,50.63
180,135,13.415,30.85
180,136,2.157,5.61
180,137,2.372,6.17
180,138,9.051,23.53
180,139,11.61,23.22
180,140,16.125,32.25
180,141,0.727,1.67
180,142,2.143,5.57
180,143,19.264,38.53
180,144,15.292,35.17
180,145,10.458,24.05
180,146,18.13,36.26
180,147,16.761,38.55
180,148,2.311,6.01
180,149,14.046,32.31
180,150,16.838,33.68
180,151,19.82,39.64
180,152,13.312,34.61
180,153,10.323,23.74
180,154,11.064,28.77
180,155,15.543,40.41
180,156,15.594,40.54
180,157,9.829,19.66
180,158,9.012,18.02
180,159,7.728,20.09
180,160,7.523,15.05
180,161,15.356,35.32
180,162,13.973,32.14
180,163,13.696,35.61
180,164,12.33,32.06
180,165,18.86,49.04
180,166,9.659,19.32
180,167,10.905,28.35
180,168,14.094,32.42
180,169,13.005,33.81
180,170,19.655,51.1
180,171,1.059,2.44
180,172,1.678,4.36
180,173,14.884,38.7
180,174,2.283,5.25
180,175,23.03,46.06
180,176,14.824,38.54
180,177,10.272,26.71
180,178,16.367,32.73
180,179,14.121,28.24
180,181,12.11,27.85
180,182,0.889,1.78
180,183,15.488,40.27
180,184,11.024,25.35
180,185,1.167,2.68
180,186,2.987,7.77
180,187,16.914,38.9
180,188,4.619,12.01
180,189,2.123,4.88
180,190,11.273,25.93
180,191,11.656,26.81
180,192,11.901,27.37
180,193,9.458,21.75
180,194,1.21,2.42
180,195,14.494,28.99
180,196,13.74,31.6
180,197,4.397,11.43
180,198,11.288,29.35
180,199,0.626,1.44
180,200,3.577,7.15
181,0,6.775,17.62
181,1,13.635,31.36
181,2,7.188,18.69
181,3,14.664,33.73
181,4,9.467,21.77
181,5,13.649,35.49
181,6,15.679,45.47
181,7,14.471,37.63
181,8,13.977,32.15
181,9,18.233,52.87
181,10,3.621,9.41
181,11,16.014,46.44
181,12,15.579,40.51
181,13,14.778,33.99
181,14,8.505,22.11
181,15,2.07,6.0
181,16,11.612,26.71
181,17,16.276,37.43
181,18,10.531,27.38
181,19,11.495,26.44
181,20,5.725,13.17
181,21,16.611,48.17
181,22,13.668,31.44
181,23,1.972,5.13
181,24,7.709,22.36
181,25,2.797,8.11
181,26,5.529,14.38
181,27,5.424,14.1
181,28,3.408,9.88
181,29,6.109,17.72
181,30,8.049,20.93
181,31,11.437,29.74
181,32,13.932,36.22
181,33,14.738,33.9
181,34,18.43,42.39
181,35,14.932,34.34
181,36,9.023,20.75
181,37,13.035,37.8
181,38,10.835,31.42
181,39,13.186,34.28
181,40,17.095,49.58
181,41,10.054,26.14
181,42,10.022,26.06
181,43,18.755,54.39
181,44,12.215,35.42
181,45,14.239,37.02
181,46,10.683,30.98
181,47,9.472,21.79
181,48,10.707,31.05
181,49,13.313,34.61
181,50,3.747,8.62
181,51,18.808,43.26
181,52,5.067,14.69
181,53,12.467,32.41
181,54,4.064,11.78
181,55,11.185,29.08
181,56,15.147,34.84
181,57,9.135,26.49
181,58,12.494,28.74
181,59,11.307,32.79
181,60,10.588,30.71
181,61,18.22,41.91
181,62,11.293,32.75
181,63,12.167,27.98
181,64,13.566,31.2
181,65,4.347,11.3
181,66,5.595,14.55
181,67,10.661,30.92
181,68,3.754,9.76
181,69,9.58,22.03
181,70,8.586,22.32
181,71,14.928,34.34
181,72,7.622,19.82
181,73,12.458,36.13
181,74,2.586,7.5
181,75,10.617,30.79
181,76,10.995,28.59
181,77,6.937,18.04
181,78,1.671,3.84
181,79,11.791,27.12
181,80,6.33,16.46
181,81,20.587,53.53
181,82,9.087,20.9
181,83,2.123,4.88
181,84,6.224,18.05
181,85,2.823,7.34
181,86,11.938,31.04
181,87,18.274,42.03
181,88,14.403,37.45
181,89,6.37,14.65
181,90,11.084,28.82
181,91,9.402,24.44
181,92,17.605,45.77
181,93,3.07,8.9
181,94,11.479,26.4
181,95,13.101,37.99
181,96,12.358,32.13
181,97,9.115,20.97
181,98,13.981,32.16
181,99,12.374,32.17
181,100,16.939,44.04
181,101,12.087,31.43
181,102,11.248,29.24
181,103,2.445,7.09
181,104,10.448,27.16
181,105,3.319,9.62
181,106,14.695,33.8
181,107,11.242,25.86
181,108,3.035,7.89
181,109,11.157,25.66
181,110,14.588,37.93
181,111,4.021,10.45
181,112,12.627,29.04
181,113,10.97,31.81
181,114,10.801,24.84
181,115,15.031,34.57
181,116,4.433,12.85
181,117,10.297,26.77
181,118,12.61,29.0
181,119,15.48,40.25
181,120,16.923,38.92
181,121,13.369,34.76
181,122,10.739,31.14
181,123,9.026,26.18
181,124,8.339,24.18
181,125,6.278,14.44
181,126,6.757,19.6
181,127,8.265,23.97
181,128,13.069,37.9
181,129,14.506,33.36
181,130,14.503,37.71
181,131,9.942,22.87
181,132,14.546,37.82
181,133,13.099,37.99
181,134,14.75,38.35
181,135,7.831,20.36
181,136,13.109,38.01
181,137,14.447,41.9
181,138,3.761,10.91
181,139,19.596,45.07
181,140,12.223,28.11
181,141,12.06,31.36
181,142,14.247,41.32
181,143,10.807,24.86
181,144,11.935,31.03
181,145,15.714,40.86
181,146,12.333,28.37
181,147,10.422,27.1
181,148,13.42,38.92
181,149,2.053,5.34
181,150,9.51,21.87
181,151,12.467,28.67
181,152,16.065,46.59
181,153,14.109,36.68
181,154,4.861,14.1
181,155,11.885,34.47
181,156,8.678,25.17
181,157,16.425,37.78
181,158,3.454,7.94
181,159,16.301,47.27
181,160,13.928,32.03
181,161,5.854,15.22
181,162,18.99,49.37
181,163,2.97,8.61
181,164,1.307,3.79
181,165,12.559,36.42
181,166,2.638,6.07
181,167,2.833,8.22
181,168,4.854,12.62
181,169,10.295,29.86
181,170,15.522,45.01
181,171,11.101,28.86
181,172,13.525,39.22
181,173,20.931,60.7
181,174,9.846,25.6
181,175,15.525,35.71
181,176,4.574,13.27
181,177,4.281,12.41
181,178,10.182,23.42
181,179,7.276,16.73
181,180,12.11,27.85
181,182,11.26,25.9
181,183,9.151,26.54
181,184,13.649,35.49
181,185,11.011,28.63
181,186,13.115,38.03
181,187,19.505,50.71
181,188,8.3,24.07
181,189,12.633,32.85
181,190,4.393,11.42
181,191,17.597,45.75
181,192,0.209,0.54
181,193,12.625,32.83
181,194,13.302,30.59
181,195,9.128,20.99
181,196,18.931,49.22
181,197,13.969,40.51
181,198,12.029,34.88
181,199,12.355,32.12
181,200,15.128,34.79
182,0,7.879,18.12
182,1,4.161,8.32
182,2,11.816,27.18
182,3,3.404,6.81
182,4,1.908,3.82
182,5,17.587,40.45
182,6,8.873,23.07
182,7,8.769,20.17
182,8,20.953,41.91
182,9,13.841,35.99
182,10,14.795,34.03
182,11,11.007,28.62
182,12,4.401,10.12
182,13,8.914,17.83
182,14,14.328,32.96
182,15,12.731,33.1
182,16,7.299,14.6
182,17,9.439,18.88
182,18,16.139,37.12
182,19,0.648,1.3
182,20,11.577,23.15
182,21,9.634,25.05
182,22,2.477,4.95
182,23,9.312,21.42
182,24,15.767,40.99
182,25,11.004,28.61
182,26,8.325,19.15
182,27,11.817,27.18
182,28,12.247,31.84
182,29,9.13,23.74
182,30,14.516,33.39
182,31,14.942,34.37
182,32,9.772,22.48
182,33,12.375,24.75
182,34,13.635,27.27
182,35,3.847,7.69
182,36,15.136,30.27
182,37,1.87,4.86
182,38,1.467,3.81
182,39,17.368,39.95
182,40,16.968,44.12
182,41,16.694,38.4
182,42,15.489,35.62
182,43,14.789,38.45
182,44,1.369,3.56
182,45,10.364,23.84
182,46,16.971,44.13
182,47,15.417,30.83
182,48,17.837,46.38
182,49,11.847,27.25
182,50,9.22,18.44
182,51,11.595,23.19
182,52,9.386,24.4
182,53,8.429,19.39
182,54,13.639,35.46
182,55,16.634,38.26
182,56,3.964,7.93
182,57,16.186,42.08
182,58,1.305,2.61
182,59,1.174,3.05
182,60,17.052,44.34
182,61,8.331,16.66
182,62,0.06,0.16
182,63,0.911,1.82
182,64,19.934,39.87
182,65,15.553,35.77
182,66,13.351,30.71
182,67,2.805,7.29
182,68,7.842,18.04
182,69,16.379,32.76
182,70,16.263,37.41
182,71,11.49,22.98
182,72,14.644,33.68
182,73,1.862,4.84
182,74,10.076,26.2
182,75,17.397,45.23
182,76,10.942,25.17
182,77,13.599,31.28
182,78,12.928,25.86
182,79,16.932,33.86
182,80,6.96,16.01
182,81,13.795,31.73
182,82,13.918,27.84
182,83,10.49,20.98
182,84,15.211,39.55
182,85,8.698,20.01
182,86,15.251,35.08
182,87,12.562,25.12
182,88,8.016,18.44
182,89,13.315,26.63
182,90,1.555,3.58
182,91,15.066,34.65
182,92,13.613,31.31
182,93,8.415,21.88
182,94,14.207,28.41
182,95,13.862,36.04
182,96,15.098,34.73
182,97,14.664,29.33
182,98,20.534,41.07
182,99,10.935,25.15
182,100,13.757,31.64
182,101,15.579,35.83
182,102,0.485,1.12
182,103,12.489,32.47
182,104,17.897,41.16
182,105,13.735,35.71
182,106,12.447,24.89
182,107,2.073,4.15
182,108,10.845,24.94
182,109,17.98,35.96
182,110,9.988,22.97
182,111,11.37,26.15
182,112,10.328,20.66
182,113,17.481,45.45
182,114,18.023,36.05
182,115,10.697,21.39
182,116,7.544,19.62
182,117,15.768,36.27
182,118,1.382,2.76
182,119,9.428,21.68
182,120,9.917,19.83
182,121,10.526,24.21
182,122,16.572,43.09
182,123,12.425,32.3
182,124,15.96,41.49
182,125,14.737,29.47
182,126,13.116,34.1
182,127,14.995,38.99
182,128,9.458,24.59
182,129,3.247,6.49
182,130,3.525,8.11
182,131,16.997,33.99
182,132,4.477,10.3
182,133,2.381,6.19
182,134,21.196,48.75
182,135,12.576,28.93
182,136,2.809,7.3
182,137,3.258,8.47
182,138,8.281,21.53
182,139,11.719,23.44
182,140,15.38,30.76
182,141,1.25,2.88
182,142,3.018,7.85
182,143,18.404,36.81
182,144,14.559,33.49
182,145,10.21,23.48
182,146,17.336,34.67
182,147,15.938,36.66
182,148,3.02,7.85
182,149,13.211,30.39
182,150,15.99,31.98
182,151,18.989,37.98
182,152,12.915,33.58
182,153,9.923,22.82
182,154,10.4,27.04
182,155,14.801,38.48
182,156,14.747,38.34
182,157,9.712,19.42
182,158,8.214,16.43
182,159,7.81,20.31
182,160,7.275,14.55
182,161,14.656,33.71
182,162,13.795,31.73
182,163,12.915,33.58
182,164,11.514,29.94
182,165,18.055,46.94
182,166,8.838,17.68
182,167,10.139,26.36
182,168,13.385,30.79
182,169,12.258,31.87
182,170,18.939,49.24
182,171,0.583,1.34
182,172,2.341,6.09
182,173,14.828,38.55
182,174,1.415,3.25
182,175,22.209,44.42
182,176,14.08,36.61
182,177,9.571,24.89
182,178,15.545,31.09
182,179,13.537,27.07
182,180,0.889,1.78
182,181,11.26,25.9
182,183,14.654,38.1
182,184,10.547,24.26
182,185,0.677,1.56
182,186,3.512,9.13
182,187,16.575,38.12
182,188,4.029,10.48
182,189,2.637,6.06
182,190,10.584,24.34
182,191,11.519,26.49
182,192,11.051,25.42
182,193,8.964,20.62
182,194,2.043,4.09
182,195,13.676,27.35
182,196,13.574,31.22
182,197,4.931,12.82
182,198,10.681,27.77
182,199,1.133,2.61
182,200,4.422,8.84
183,0,6.789,19.69
183,1,18.512,48.13
183,2,2.893,8.39
183,3,17.433,45.33
183,4,13.706,35.64
183,5,4.512,13.09
183,6,13.246,42.39
183,7,11.708,33.95
183,8,6.3,16.38
183,9,12.946,41.43
183,10,8.891,25.78
183,11,11.969,38.3
183,12,18.722,54.29
183,13,11.988,31.17
183,14,0.655,1.9
183,15,10.76,34.43
183,16,18.72,48.67
183,17,13.624,35.42
183,18,1.567,4.55
183,19,15.21,39.54
183,20,14.82,38.53
183,21,13.949,44.64
183,22,16.246,42.24
183,23,9.67,28.04
183,24,3.239,10.36
183,25,11.907,38.1
183,26,13.686,39.69
183,27,14.552,42.2
183,28,12.522,40.07
183,29,14.592,46.69
183,30,1.323,3.84
183,31,2.777,8.05
183,32,10.209,29.61
183,33,9.138,23.76
183,34,13.399,34.84
183,35,16.973,44.13
183,36,0.761,1.98
183,37,16.434,52.59
183,38,15.176,48.56
183,39,4.039,11.71
183,40,9.168,29.34
183,41,2.169,6.29
183,42,0.936,2.71
183,43,13.008,41.63
183,44,14.792,47.34
183,45,10.112,29.32
183,46,2.322,7.43
183,47,0.803,2.09
183,48,3.372,10.79
183,49,7.72,22.39
183,50,12.253,31.86
183,51,15.646,40.68
183,52,13.676,43.76
183,53,9.609,27.87
183,54,12.857,41.14
183,55,2.182,6.33
183,56,18.312,47.61
183,57,2.133,6.83
183,58,15.897,41.33
183,59,15.404,49.29
183,60,2.426,7.76
183,61,22.965,59.71
183,62,14.649,46.88
183,63,15.32,39.83
183,64,5.318,13.83
183,65,10.757,31.2
183,66,14.689,42.6
183,67,12.363,39.56
183,68,11.081,32.13
183,69,2.027,5.27
183,70,2.853,8.27
183,71,10.1,26.26
183,72,1.991,5.77
183,73,14.704,47.05
183,74,11.425,36.56
183,75,2.835,9.07
183,76,5.875,17.04
183,77,16.074,46.61
183,78,9.153,23.8
183,79,2.709,7.04
183,80,13.793,40.0
183,81,16.627,48.22
183,82,0.887,2.31
183,83,11.108,28.88
183,84,14.897,47.67
183,85,10.57,30.65
183,86,3.236,9.38
183,87,14.013,36.43
183,88,12.232,35.47
183,89,2.806,7.3
183,90,15.45,44.8
183,91,0.413,1.2
183,92,12.197,35.37
183,93,10.605,33.93
183,94,3.395,8.83
183,95,5.789,18.53
183,96,3.886,11.27
183,97,0.056,0.14
183,98,5.9,15.34
183,99,7.37,21.37
183,100,11.125,32.26
183,101,3.246,9.41
183,102,14.944,43.34
183,103,11.398,36.47
183,104,3.61,10.47
183,105,11.765,37.65
183,106,9.023,23.46
183,107,13.286,34.54
183,108,12.114,35.13
183,109,3.381,8.79
183,110,10.867,31.52
183,111,13.148,38.13
183,112,8.185,21.28
183,113,2.842,9.1
183,114,3.578,9.3
183,115,10.876,28.28
183,116,11.864,37.97
183,117,1.236,3.58
183,118,15.912,41.37
183,119,12.513,36.29
183,120,14.173,36.85
183,121,8.896,25.8
183,122,1.951,6.24
183,123,2.618,8.38
183,124,2.698,8.63
183,125,15.148,39.38
183,126,2.401,7.68
183,127,1.505,4.82
183,128,9.429,30.17
183,129,17.357,45.13
183,130,18.115,52.53
183,131,2.651,6.89
183,132,19.063,55.28
183,133,17.029,54.49
183,134,6.594,19.12
183,135,2.086,6.05
183,136,17.378,55.61
183,137,17.659,56.51
183,138,11.612,37.16
183,139,16.821,43.73
183,140,3.532,9.18
183,141,15.87,46.02
183,142,17.349,55.52
183,143,4.115,10.7
183,144,3.71,10.76
183,145,12.197,35.37
183,146,3.241,8.43
183,147,1.396,4.05
183,148,17.63,56.41
183,149,9.995,28.99
183,150,1.534,3.99
183,151,4.337,11.28
183,152,10.531,33.7
183,153,10.308,29.89
183,154,13.789,44.12
183,155,3.465,11.09
183,156,0.703,2.25
183,157,13.611,35.39
183,158,11.055,28.74
183,159,15.063,48.2
183,160,12.229,31.8
183,161,14.661,42.52
183,162,14.12,40.95
183,163,11.838,37.88
183,164,10.444,33.42
183,165,3.669,11.74
183,166,10.419,27.09
183,167,11.711,37.47
183,168,13.874,40.24
183,169,3.88,12.42
183,170,6.395,20.46
183,171,14.877,43.14
183,172,16.119,51.58
183,173,16.328,52.25
183,174,13.549,39.29
183,175,7.583,19.72
183,176,13.295,42.55
183,177,12.966,41.49
183,178,1.067,2.77
183,179,16.423,42.7
183,180,15.488,40.27
183,181,9.151,26.54
183,182,14.654,38.1
183,184,9.222,26.74
183,185,14.849,43.06
183,186,17.86,57.15
183,187,12.854,37.28
183,188,14.076,45.04
183,189,17.071,49.51
183,190,13.381,38.81
183,191,13.843,40.14
183,192,9.15,26.54
183,193,9.338,27.08
183,194,16.346,42.5
183,195,1.215,3.16
183,196,14.204,41.19
183,197,19.148,61.27
183,198,7.205,23.06
183,199,15.344,44.5
183,200,19.066,49.57
184,0,6.934,18.03
184,1,14.62,33.63
184,2,7.962,20.7
184,3,11.751,27.03
184,4,10.904,25.08
184,5,9.413,24.47
184,6,4.391,12.73
184,7,2.974,7.73
184,8,14.406,33.13
184,9,4.584,13.29
184,10,15.612,40.59
184,11,2.767,8.02
184,12,13.071,33.99
184,13,3.161,7.27
184,14,9.41,24.47
184,15,15.719,45.58
184,16,17.314,39.82
184,17,4.61,10.6
184,18,9.975,25.94
184,19,11.19,25.74
184,20,17.728,40.78
184,21,4.899,14.21
184,22,10.732,24.68
184,23,12.689,32.99
184,24,12.135,35.19
184,25,15.479,44.89
184,26,15.076,39.2
184,27,17.697,46.01
184,28,16.628,48.22
184,29,16.161,46.87
184,30,10.077,26.2
184,31,7.511,19.53
184,32,1.206,3.14
184,33,1.83,4.21
184,34,4.798,11.04
184,35,10.744,24.71
184,36,9.978,22.95
184,37,11.654,33.8
184,38,11.805,34.23
184,39,9.459,24.59
184,40,6.578,19.08
184,41,11.231,29.2
184,42,9.53,24.78
184,43,5.177,15.01
184,44,9.812,28.46
184,45,0.9,2.34
184,46,11.056,32.06
184,47,9.942,22.87
184,48,12.371,35.87
184,49,1.901,4.94
184,50,14.621,33.63
184,51,6.428,14.78
184,52,15.712,45.57
184,53,2.119,5.51
184,54,17.63,51.13
184,55,10.099,26.26
184,56,12.777,29.39
184,57,11.354,32.93
184,58,11.306,26.0
184,59,11.693,33.91
184,60,11.267,32.67
184,61,18.076,41.57
184,62,10.506,30.47
184,63,10.696,24.6
184,64,13.091,30.11
184,65,17.271,44.91
184,66,18.637,48.46
184,67,7.769,22.53
184,68,12.798,33.28
184,69,11.212,25.79
184,70,12.006,31.22
184,71,1.291,2.97
184,72,10.647,27.68
184,73,9.434,27.36
184,74,14.563,42.23
184,75,11.766,34.12
184,76,3.397,8.83
184,77,19.62,51.01
184,78,14.717,33.85
184,79,9.997,22.99
184,80,14.306,37.2
184,81,7.522,19.56
184,82,8.36,19.23
184,83,14.596,33.57
184,84,19.763,57.31
184,85,12.986,33.76
184,86,7.492,19.48
184,87,4.944,11.37
184,88,3.808,9.9
184,89,10.196,23.45
184,90,11.994,31.18
184,91,9.531,24.78
184,92,3.982,10.35
184,93,12.813,37.16
184,94,6.508,14.97
184,95,4.661,13.52
184,96,6.926,18.01
184,97,9.268,21.32
184,98,13.703,31.52
184,99,1.852,4.82
184,100,3.547,9.22
184,101,7.813,20.32
184,102,11.016,28.64
184,103,16.013,46.44
184,104,12.721,33.07
184,105,16.967,49.2
184,106,1.91,4.39
184,107,8.493,19.53
184,108,15.526,40.37
184,109,12.167,27.98
184,110,1.717,4.47
184,111,16.535,42.99
184,112,1.111,2.55
184,113,11.564,33.54
184,114,12.577,28.93
184,115,1.663,3.82
184,116,13.231,38.37
184,117,9.665,25.13
184,118,11.214,25.79
184,119,3.487,9.07
184,120,5.075,11.67
184,121,0.331,0.86
184,122,10.413,30.2
184,123,6.76,19.61
184,124,11.795,34.21
184,125,19.668,45.24
184,126,9.619,27.89
184,127,10.503,30.46
184,128,1.09,3.16
184,129,11.771,27.07
184,130,13.056,33.95
184,131,11.797,27.13
184,132,14.668,38.14
184,133,12.587,36.5
184,134,14.115,36.7
184,135,8.056,20.95
184,136,13.173,38.2
184,137,12.335,35.77
184,138,13.531,39.24
184,139,7.622,17.53
184,140,7.425,17.08
184,141,11.694,30.4
184,142,12.004,34.81
184,143,13.192,30.34
184,144,6.564,17.07
184,145,3.005,7.81
184,146,10.123,23.28
184,147,9.791,25.46
184,148,13.291,38.54
184,149,15.473,40.23
184,150,10.712,24.64
184,151,12.556,28.88
184,152,2.625,7.61
184,153,1.216,3.16
184,154,16.39,47.53
184,155,6.929,20.09
184,156,9.785,28.38
184,157,4.533,10.43
184,158,13.04,29.99
184,159,6.634,19.24
184,160,4.227,9.72
184,161,19.324,50.24
184,162,5.405,14.05
184,163,16.555,48.01
184,164,14.761,42.81
184,165,11.012,31.93
184,166,12.962,29.81
184,167,14.809,42.95
184,168,18.144,47.17
184,169,5.341,15.49
184,170,10.029,29.08
184,171,11.057,28.75
184,172,10.661,30.92
184,173,7.493,21.73
184,174,10.288,26.75
184,175,15.126,34.79
184,176,18.153,52.64
184,177,15.341,44.49
184,178,9.46,21.76
184,179,19.794,45.53
184,180,11.024,25.35
184,181,13.649,35.49
184,182,10.547,24.26
184,183,9.222,26.74
184,185,11.104,28.87
184,186,14.002,40.61
184,187,6.401,16.64
184,188,12.657,36.71
184,189,13.128,34.13
184,190,16.229,42.2
184,191,4.635,12.05
184,192,13.507,35.12
184,193,1.595,4.15
184,194,11.249,25.87
184,195,8.032,18.47
184,196,5.391,14.02
184,197,15.419,44.71
184,198,2.037,5.91
184,199,10.549,27.43
184,200,14.094,32.42
185,0,8.06,20.96
185,1,3.758,8.64
185,2,11.987,31.17
185,3,3.725,8.57
185,4,1.546,3.56
185,5,17.912,46.57
185,6,9.537,27.66
185,7,9.403,24.45
185,8,21.14,48.62
185,9,14.477,41.98
185,10,14.581,37.91
185,11,11.641,33.76
185,12,4.569,11.88
185,13,9.555,21.98
185,14,14.498,37.7
185,15,12.405,35.97
185,16,6.628,15.24
185,17,10.107,23.25
185,18,16.353,42.52
185,19,0.485,1.12
185,20,11.05,25.42
185,21,10.305,29.89
185,22,2.944,6.77
185,23,9.048,23.53
185,24,15.828,45.9
185,25,10.605,30.75
185,26,7.809,20.3
185,27,11.305,29.39
185,28,11.832,34.31
185,29,8.577,24.87
185,30,14.652,38.1
185,31,15.253,39.66
185,32,10.361,26.94
185,33,12.928,29.74
185,34,14.281,32.85
185,35,4.339,9.98
185,36,15.305,35.2
185,37,2.026,5.88
185,38,0.791,2.29
185,39,17.678,45.96
185,40,17.479,50.69
185,41,16.857,43.83
185,42,15.701,40.82
185,43,15.419,44.72
185,44,2.023,5.87
185,45,10.951,28.47
185,46,17.159,49.76
185,47,15.601,35.88
185,48,17.984,52.15
185,49,12.352,32.11
185,50,8.792,20.22
185,51,12.271,28.22
185,52,8.88,25.75
185,53,8.985,23.36
185,54,13.229,38.36
185,55,16.865,43.85
185,56,4.136,9.51
185,57,16.317,47.32
185,58,1.502,3.45
185,59,0.607,1.76
185,60,17.23,49.97
185,61,8.119,18.67
185,62,0.736,2.14
185,63,1.372,3.15
185,64,20.149,46.34
185,65,15.267,39.69
185,66,12.859,33.43
185,67,3.335,9.67
185,68,7.498,19.5
185,69,16.527,38.01
185,70,16.356,42.53
185,71,12.074,27.77
185,72,14.75,38.35
185,73,2.526,7.32
185,74,9.698,28.12
185,75,17.56,50.92
185,76,11.355,29.52
185,77,13.059,33.95
185,78,12.682,29.17
185,79,17.184,39.52
185,80,6.427,16.71
185,81,14.472,37.63
185,82,14.136,32.51
185,83,10.131,23.3
185,84,14.746,42.76
185,85,8.38,21.79
185,86,15.578,40.5
185,87,13.223,30.41
185,88,8.663,22.52
185,89,13.395,30.81
185,90,0.907,2.36
185,91,15.26,39.68
185,92,14.236,37.01
185,93,8.098,23.49
185,94,14.546,33.46
185,95,14.295,41.45
185,96,15.452,40.18
185,97,14.857,34.17
185,98,20.743,47.71
185,99,11.421,29.69
185,100,14.356,37.33
185,101,15.901,41.34
185,102,0.28,0.73
185,103,12.129,35.17
185,104,18.026,46.87
185,105,13.374,38.79
185,106,12.996,29.89
185,107,2.686,6.18
185,108,10.434,27.13
185,109,18.148,41.74
185,110,10.598,27.55
185,111,10.914,28.38
185,112,10.843,24.94
185,113,17.662,51.22
185,114,18.167,41.78
185,115,11.305,26.0
185,116,7.145,20.72
185,117,15.984,41.56
185,118,1.642,3.78
185,119,10.079,26.2
185,120,10.589,24.35
185,121,11.071,28.78
185,122,16.78,48.66
185,123,12.686,36.79
185,124,16.052,46.55
185,125,14.252,32.78
185,126,13.226,38.36
185,127,15.125,43.86
185,128,10.018,29.05
185,129,3.552,8.17
185,130,3.552,9.23
185,131,17.139,39.42
185,132,4.214,10.96
185,133,2.242,6.5
185,134,21.416,55.68
185,135,12.765,33.19
185,136,2.529,7.34
185,137,3.436,9.96
185,138,7.893,22.89
185,139,12.395,28.51
185,140,15.717,36.15
185,141,1.09,2.84
185,142,3.248,9.42
185,143,18.528,42.62
185,144,14.91,38.77
185,145,10.851,28.21
185,146,17.601,40.48
185,147,16.155,42.0
185,148,2.787,8.08
185,149,12.927,33.61
185,150,16.152,37.15
185,151,19.186,44.13
185,152,13.505,39.16
185,153,10.515,27.34
185,154,9.901,28.71
185,155,15.141,43.91
185,156,14.911,43.24
185,157,10.38,23.87
185,158,7.867,18.09
185,159,8.486,24.61
185,160,7.922,18.22
185,161,14.189,36.89
185,162,14.45,37.57
185,163,12.54,36.37
185,164,11.194,32.46
185,165,18.301,53.07
185,166,8.529,19.62
185,167,9.745,28.26
185,168,12.927,33.61
185,169,12.595,36.53
185,170,19.305,55.99
185,171,0.114,0.3
185,172,2.819,8.18
185,173,15.5,44.95
185,174,1.327,3.45
185,175,22.422,51.57
185,176,13.658,39.61
185,177,9.105,26.4
185,178,15.764,36.26
185,179,12.983,29.86
185,180,1.167,2.68
185,181,11.011,28.63
185,182,0.677,1.56
185,183,14.849,43.06
185,184,11.104,28.87
185,186,3.098,8.98
185,187,17.184,44.68
185,188,3.471,10.07
185,189,2.251,5.85
185,190,10.107,26.28
185,191,12.183,31.67
185,192,10.803,28.09
185,193,9.514,24.74
185,194,2.37,5.45
185,195,13.904,31.98
185,196,14.232,37.0
185,197,4.492,13.03
185,198,11.156,32.35
185,199,1.644,4.27
185,200,4.345,9.99
186,0,11.08,32.13
186,1,0.661,1.72
186,2,14.98,43.44
186,3,3.754,9.76
186,4,4.177,10.86
186,5,21.005,60.91
186,6,11.889,38.05
186,7,12.021,34.86
186,8,24.132,62.74
186,9,17.042,54.53
186,10,16.736,48.53
186,11,14.236,45.55
186,12,3.58,10.38
186,13,12.128,31.53
186,14,17.482,50.7
186,15,14.193,45.42
186,16,5.162,13.42
186,17,12.399,32.24
186,18,19.381,56.2
186,19,2.867,7.46
186,20,11.836,30.77
186,21,12.542,40.13
186,22,3.947,10.26
186,23,11.156,32.35
186,24,18.651,59.68
186,25,12.128,38.81
186,26,8.839,25.63
186,27,12.181,35.33
186,28,13.237,42.36
186,29,9.301,29.76
186,30,17.594,51.02
186,31,18.343,53.19
186,32,13.169,38.19
186,33,15.832,41.16
186,34,16.779,43.63
186,35,5.002,13.01
186,36,18.286,47.54
186,37,2.58,8.26
186,38,2.684,8.59
186,39,20.766,60.22
186,40,20.465,65.49
186,41,19.827,57.5
186,42,18.727,54.31
186,43,18.02,57.66
186,44,4.251,13.6
186,45,13.764,39.92
186,46,20.157,64.5
186,47,18.598,48.35
186,48,20.932,66.98
186,49,15.349,44.51
186,50,10.249,26.65
186,51,14.285,37.14
186,52,9.911,31.72
186,53,11.89,34.48
186,54,14.623,46.79
186,55,19.906,57.73
186,56,3.319,8.63
186,57,19.246,61.59
186,58,2.755,7.16
186,59,2.501,8.0
186,60,20.218,64.7
186,61,5.235,13.61
186,62,3.545,11.34
186,63,3.33,8.66
186,64,23.172,60.25
186,65,17.16,49.77
186,66,13.813,40.06
186,67,6.311,20.2
186,68,9.39,27.23
186,69,19.48,50.65
186,70,19.229,55.77
186,71,14.89,38.71
186,72,17.649,51.18
186,73,4.704,15.05
186,74,11.349,36.32
186,75,20.53,65.7
186,76,14.439,41.87
186,77,13.683,39.68
186,78,14.764,38.39
186,79,20.242,52.63
186,80,7.469,21.66
186,81,16.48,47.79
186,82,17.169,44.64
186,83,11.848,30.8
186,84,15.813,50.6
186,85,10.323,29.94
186,86,18.672,54.15
186,87,15.581,40.51
186,88,11.201,32.48
186,89,16.26,42.28
186,90,2.41,6.99
186,91,18.268,52.98
186,92,16.879,48.95
186,93,10.06,32.19
186,94,17.643,45.87
186,95,17.369,55.58
186,96,18.55,53.79
186,97,17.865,46.45
186,98,23.76,61.77
186,99,14.445,41.89
186,100,17.114,49.63
186,101,18.994,55.08
186,102,3.089,8.96
186,103,13.785,44.11
186,104,20.947,60.75
186,105,14.997,47.99
186,106,15.909,41.36
186,107,5.515,14.34
186,108,11.907,34.53
186,109,21.122,54.92
186,110,13.326,38.64
186,111,12.139,35.2
186,112,13.826,35.95
186,113,20.652,66.09
186,114,21.11,54.89
186,115,14.034,36.49
186,116,8.832,28.26
186,117,19.014,55.14
186,118,2.885,7.5
186,119,12.568,36.45
186,120,12.793,33.26
186,121,13.997,40.59
186,122,19.801,63.36
186,123,15.755,50.42
186,124,18.925,60.56
186,125,15.218,39.57
186,126,16.136,51.64
186,127,18.057,57.78
186,128,12.913,41.32
186,129,3.581,9.31
186,130,2.351,6.82
186,131,20.082,52.21
186,132,1.435,4.16
186,133,1.589,5.09
186,134,24.444,70.89
186,135,15.774,45.74
186,136,0.94,3.01
186,137,2.969,9.5
186,138,9.587,30.68
186,139,14.171,36.85
186,140,18.813,48.91
186,141,2.31,6.7
186,142,3.103,9.93
186,143,21.443,55.75
186,144,18.008,52.22
186,145,13.401,38.86
186,146,20.667,53.73
186,147,19.185,55.64
186,148,1.029,3.29
186,149,14.865,43.11
186,150,19.122,49.72
186,151,22.192,57.7
186,152,16.298,52.15
186,153,13.31,38.6
186,154,10.92,34.95
186,155,18.237,58.36
186,156,17.887,57.24
186,157,12.683,32.98
186,158,9.727,25.29
186,159,10.39,33.25
186,160,10.475,27.23
186,161,15.259,44.25
186,162,16.86,48.9
186,163,14.116,45.17
186,164,13.04,41.73
186,165,21.353,68.33
186,166,10.498,27.3
186,167,11.323,36.23
186,168,14.078,40.83
186,169,15.692,50.21
186,170,22.403,71.69
186,171,3.102,9.0
186,172,3.925,12.56
186,173,17.648,56.47
186,174,4.33,12.56
186,175,25.442,66.15
186,176,14.985,47.95
186,177,10.351,33.12
186,178,18.796,48.87
186,179,13.507,35.12
186,180,2.987,7.77
186,181,13.115,38.03
186,182,3.512,9.13
186,183,17.86,57.15
186,184,14.002,40.61
186,185,3.098,8.98
186,187,19.888,57.67
186,188,4.831,15.46
186,189,0.878,2.55
186,190,11.246,32.61
186,191,14.517,42.1
186,192,12.914,37.45
186,193,12.431,36.05
186,194,3.164,8.23
186,195,16.947,44.06
186,196,16.617,48.19
186,197,1.421,4.55
186,198,14.193,45.42
186,199,3.518,10.2
186,200,2.317,6.02
187,0,13.056,33.95
187,1,20.464,47.07
187,2,12.867,33.45
187,3,17.091,39.31
187,4,17.17,39.49
187,5,10.562,27.46
187,6,8.318,24.12
187,7,7.873,20.47
187,8,15.921,36.62
187,9,3.137,9.1
187,10,20.884,54.3
187,11,5.702,16.53
187,12,18.307,47.6
187,13,7.791,17.92
187,14,13.308,34.6
187,15,21.547,62.49
187,16,23.59,54.26
187,17,7.995,18.39
187,18,12.856,33.42
187,19,17.197,39.55
187,20,23.99,55.18
187,21,8.019,23.25
187,22,16.252,37.38
187,23,18.797,48.87
187,24,16.091,46.67
187,25,21.593,62.62
187,26,21.44,55.74
187,27,23.928,62.21
187,28,22.675,65.76
187,29,22.526,65.33
187,30,14.066,36.57
187,31,10.228,26.59
187,32,6.864,17.85
187,33,4.856,11.17
187,34,3.653,8.4
187,35,15.892,36.55
187,36,13.563,31.19
187,37,17.39,50.43
187,38,17.928,51.99
187,39,10.899,28.34
187,40,4.527,13.13
187,41,14.277,37.12
187,42,12.701,33.02
187,43,2.138,6.2
187,44,15.637,45.35
187,45,6.296,16.37
187,46,13.821,40.08
187,47,13.328,30.65
187,48,15.148,43.93
187,49,6.2,16.12
187,50,20.888,48.04
187,51,7.615,17.51
187,52,22.035,63.9
187,53,8.386,21.8
187,54,23.56,68.32
187,55,12.645,32.88
187,56,18.097,41.62
187,57,14.789,42.89
187,58,17.134,39.41
187,59,17.747,51.47
187,60,14.074,40.81
187,61,23.361,53.73
187,62,16.527,47.93
187,63,16.562,38.09
187,64,14.603,33.59
187,65,22.674,58.95
187,66,24.759,64.37
187,67,13.903,40.32
187,68,19.091,49.64
187,69,14.465,33.27
187,70,15.642,40.67
187,71,5.212,11.99
187,72,14.736,38.31
187,73,15.19,44.05
187,74,20.722,60.09
187,75,14.564,42.23
187,76,8.513,22.13
187,77,25.824,67.14
187,78,20.342,46.79
187,79,12.229,28.13
187,80,20.701,53.82
187,81,6.716,17.46
187,82,12.198,28.06
187,83,20.697,47.6
187,84,25.717,74.58
187,85,19.2,49.92
187,86,9.894,25.72
187,87,5.219,12.0
187,88,8.726,22.69
187,89,14.825,34.1
187,90,18.09,47.03
187,91,12.999,33.8
187,92,3.054,7.94
187,93,19.048,55.24
187,94,9.462,21.76
187,95,7.08,20.53
187,96,9.163,23.82
187,97,12.909,29.69
187,98,15.098,34.73
187,99,7.182,18.67
187,100,2.874,7.47
187,101,10.063,26.16
187,102,17.058,44.35
187,103,21.933,63.61
187,104,15.625,40.63
187,105,22.772,66.04
187,106,4.871,11.2
187,107,14.504,33.36
187,108,21.669,56.34
187,109,14.737,33.89
187,110,6.587,17.13
187,111,22.707,59.04
187,112,7.154,16.46
187,113,14.198,41.18
187,114,15.324,35.25
187,115,5.879,13.52
187,116,19.568,56.75
187,117,12.687,32.99
187,118,17.014,39.13
187,119,7.454,19.38
187,120,7.909,18.19
187,121,6.57,17.08
187,122,13.167,38.18
187,123,11.156,32.35
187,124,15.529,45.04
187,125,25.698,59.11
187,126,14.215,41.22
187,127,14.352,41.62
187,128,7.387,21.42
187,129,17.156,39.46
187,130,18.573,48.29
187,131,14.888,34.24
187,132,20.34,52.88
187,133,18.373,53.28
187,134,15.198,39.51
187,135,12.605,32.77
187,136,18.999,55.1
187,137,17.793,51.6
187,138,19.822,57.48
187,139,8.746,20.12
187,140,9.652,22.2
187,141,17.624,45.82
187,142,17.481,50.69
187,143,15.976,36.74
187,144,9.189,23.89
187,145,6.572,17.09
187,146,12.059,27.74
187,147,12.739,33.12
187,148,19.066,55.29
187,149,21.153,55.0
187,150,14.017,32.24
187,151,14.543,33.45
187,152,3.785,10.98
187,153,6.698,17.41
187,154,22.666,65.73
187,155,9.49,27.52
187,156,13.547,39.29
187,157,7.727,17.77
187,158,19.311,44.41
187,159,10.512,30.48
187,160,9.432,21.69
187,161,25.316,65.82
187,162,4.072,10.59
187,163,22.468,65.16
187,164,20.705,60.05
187,165,12.845,37.25
187,166,19.157,44.06
187,167,20.981,60.85
187,168,24.194,62.91
187,169,9.609,27.87
187,170,9.976,28.93
187,171,17.122,44.52
187,172,16.214,47.02
187,173,5.495,15.93
187,174,16.512,42.93
187,175,16.025,36.86
187,176,24.075,69.82
187,177,21.623,62.71
187,178,12.56,28.89
187,179,26.026,59.86
187,180,16.914,38.9
187,181,19.505,50.71
187,182,16.575,38.12
187,183,12.854,37.28
187,184,6.401,16.64
187,185,17.184,44.68
187,186,19.888,57.67
187,188,19.019,55.15
187,189,19.036,49.49
187,190,22.472,58.43
187,191,6.126,15.93
187,192,19.389,50.41
187,193,7.928,20.61
187,194,16.897,38.86
187,195,11.933,27.45
187,196,4.368,11.36
187,197,21.272,61.69
187,198,7.536,21.86
187,199,16.37,42.56
187,200,19.574,45.02
188,0,7.629,22.12
188,1,5.335,13.87
188,2,11.203,32.49
188,3,7.093,18.44
188,4,2.273,5.91
188,5,17.774,51.55
188,6,12.13,38.82
188,7,11.643,33.76
188,8,20.181,52.47
188,9,16.619,53.18
188,10,11.92,34.57
188,11,13.82,44.22
188,12,7.694,22.31
188,13,11.858,30.83
188,14,13.605,39.45
188,15,9.377,30.01
188,16,4.866,12.65
188,17,12.741,33.13
188,18,15.64,45.36
188,19,3.907,10.16
188,20,7.584,19.72
188,21,12.991,41.57
188,22,6.411,16.67
188,23,6.353,18.43
188,24,14.349,45.92
188,25,7.379,23.61
188,26,4.357,12.64
188,27,7.85,22.76
188,28,8.547,27.35
188,29,5.107,16.34
188,30,13.58,39.38
188,31,15.102,43.8
188,32,12.187,35.34
188,33,14.391,37.42
188,34,16.528,42.97
188,35,7.808,20.3
188,36,14.381,37.39
188,37,5.328,17.05
188,38,2.937,9.4
188,39,17.457,50.62
188,40,18.522,59.27
188,41,15.858,45.99
188,42,14.993,43.48
188,43,17.479,55.93
188,44,5.373,17.19
188,45,12.735,36.93
188,46,16.28,52.1
188,47,14.745,38.34
188,48,16.882,54.02
188,49,13.496,39.14
188,50,5.511,14.33
188,51,15.103,39.27
188,52,5.438,17.4
188,53,10.633,30.84
188,54,9.947,31.83
188,55,16.225,47.05
188,56,7.292,18.96
188,57,15.167,48.54
188,58,4.891,12.72
188,59,3.474,11.12
188,60,16.302,52.17
188,61,9.931,25.82
188,62,4.086,13.07
188,63,4.842,12.59
188,64,19.356,50.32
188,65,12.335,35.77
188,66,9.423,27.33
188,67,5.501,17.6
188,68,4.561,13.23
188,69,15.464,40.21
188,70,15.018,43.55
188,71,13.806,35.9
188,72,13.521,39.21
188,73,5.827,18.65
188,74,6.551,20.96
188,75,16.549,52.96
188,76,11.957,34.68
188,77,9.588,27.81
188,78,9.94,25.84
188,79,16.653,43.3
188,80,2.963,8.59
188,81,17.261,50.06
188,82,13.509,35.12
188,83,7.037,18.3
188,84,11.345,36.3
188,85,5.496,15.94
188,86,15.505,44.96
188,87,15.683,40.78
188,88,11.063,32.08
188,89,12.084,31.42
188,90,3.113,9.03
188,91,14.466,41.95
188,92,16.254,47.14
188,93,5.236,16.75
188,94,14.58,37.91
188,95,14.904,47.69
188,96,15.543,45.07
188,97,14.071,36.58
188,98,19.908,51.76
188,99,12.473,36.17
188,100,16.144,46.82
188,101,15.794,45.8
188,102,3.751,10.88
188,103,8.999,28.8
188,104,16.825,48.79
188,105,10.226,32.72
188,106,14.428,37.51
188,107,5.361,13.94
188,108,7.177,20.81
188,109,17.146,44.58
188,110,12.582,36.49
188,111,7.544,21.88
188,112,12.115,31.5
188,113,16.737,53.56
188,114,17.042,44.31
188,115,13.259,34.47
188,116,4.009,12.83
188,117,15.292,44.35
188,118,5.055,13.14
188,119,12.476,36.18
188,120,13.297,34.57
188,121,12.538,36.36
188,122,16.021,51.27
188,123,12.356,39.54
188,124,14.717,47.09
188,125,10.824,28.14
188,126,12.069,38.62
188,127,14.006,44.82
188,128,11.634,37.23
188,129,6.909,17.96
188,130,6.493,18.83
188,131,16.026,41.67
188,132,6.266,18.17
188,133,5.077,16.24
188,134,20.633,59.84
188,135,12.037,34.91
188,136,4.942,15.81
188,137,6.644,21.26
188,138,4.769,15.26
188,139,15.399,40.04
188,140,15.699,40.82
188,141,4.264,12.36
188,142,6.534,20.91
188,143,17.298,44.98
188,144,15.0,43.5
188,145,13.132,38.08
188,146,17.131,44.54
188,147,15.459,44.83
188,148,5.254,16.81
188,149,10.034,29.1
188,150,15.167,39.43
188,151,18.315,47.62
188,152,15.239,48.76
188,153,12.363,35.85
188,154,6.463,20.68
188,155,15.159,48.51
188,156,13.974,44.72
188,157,12.992,33.78
188,158,4.895,12.73
188,159,11.513,36.84
188,160,10.345,26.9
188,161,10.787,31.28
188,162,16.815,48.76
188,163,9.358,29.94
188,164,8.213,26.28
188,165,17.712,56.68
188,166,5.673,14.75
188,167,6.548,20.95
188,168,9.543,27.68
188,169,12.696,40.63
188,170,19.379,62.01
188,171,3.585,10.4
188,172,6.289,20.12
188,173,18.141,58.05
188,174,3.022,8.76
188,175,21.587,56.13
188,176,10.347,33.11
188,177,5.728,18.33
188,178,15.091,39.24
188,179,9.514,24.74
188,180,4.619,12.01
188,181,8.3,24.07
188,182,4.029,10.48
188,183,14.076,45.04
188,184,12.657,36.71
188,185,3.471,10.07
188,186,4.831,15.46
188,187,19.019,55.15
188,189,4.441,12.88
188,190,6.702,19.43
188,191,14.701,42.63
188,192,8.101,23.49
188,193,11.095,32.18
188,194,5.785,15.04
188,195,13.343,34.69
188,196,16.633,48.24
188,197,5.69,18.21
188,198,12.153,38.89
188,199,5.111,14.82
188,200,6.957,18.09
189,0,10.284,26.74
189,1,1.525,3.51
189,2,14.199,36.92
189,3,3.287,7.56
189,4,3.451,7.94
189,5,20.162,52.42
189,6,11.082,32.14
189,7,11.175,29.05
189,8,23.353,53.71
189,9,16.209,47.01
189,10,16.249,42.25
189,11,13.396,38.85
189,12,3.426,8.91
189,13,11.288,25.96
189,14,16.706,43.44
189,15,13.81,40.05
189,16,5.616,12.92
189,17,11.603,26.69
189,18,18.584,48.32
189,19,1.993,4.58
189,20,11.73,26.98
189,21,11.755,34.09
189,22,3.261,7.5
189,23,10.664,27.73
189,24,17.942,52.03
189,25,11.813,34.26
189,26,8.636,22.45
189,27,12.052,31.34
189,28,12.962,37.59
189,29,9.19,26.65
189,30,16.837,43.78
189,31,17.504,45.51
189,32,12.301,31.98
189,33,14.958,34.4
189,34,15.956,36.7
189,35,4.441,10.21
189,36,17.512,40.28
189,37,1.846,5.35
189,38,1.938,5.62
189,39,19.928,51.81
189,40,19.587,56.8
189,41,19.058,49.55
189,42,17.93,46.62
189,43,17.182,49.83
189,44,3.403,9.87
189,45,12.897,33.53
189,46,19.375,56.19
189,47,17.816,40.98
189,48,20.173,58.5
189,49,14.471,37.62
189,50,9.94,22.86
189,51,13.543,31.15
189,52,9.72,28.19
189,53,11.015,28.64
189,54,14.358,41.64
189,55,19.101,49.66
189,56,3.085,7.1
189,57,18.494,53.63
189,58,1.926,4.43
189,59,1.67,4.84
189,60,19.441,56.38
189,61,5.935,13.65
189,62,2.668,7.74
189,63,2.474,5.69
189,64,22.378,51.47
189,65,16.755,43.56
189,66,13.672,35.55
189,67,5.433,15.76
189,68,8.949,23.27
189,69,18.719,43.05
189,70,18.501,48.1
189,71,14.023,32.25
189,72,16.909,43.96
189,73,3.87,11.22
189,74,10.992,31.88
189,75,19.761,57.31
189,76,13.571,35.28
189,77,13.635,35.45
189,78,14.294,32.88
189,79,19.428,44.68
189,80,7.242,18.83
189,81,15.744,40.93
189,82,16.369,37.65
189,83,11.475,26.39
189,84,15.647,45.38
189,85,9.875,25.67
189,86,17.827,46.35
189,87,14.78,33.99
189,88,10.364,26.95
189,89,15.533,35.73
189,90,1.661,4.32
189,91,17.481,45.45
189,92,16.034,41.69
189,93,9.604,27.85
189,94,16.794,38.63
189,95,16.496,47.84
189,96,17.696,46.01
189,97,17.077,39.28
189,98,22.969,52.83
189,99,13.568,35.28
189,100,16.254,42.26
189,101,18.151,47.19
189,102,2.222,5.78
189,103,13.439,38.97
189,104,20.2,52.52
189,105,14.666,42.53
189,106,15.034,34.58
189,107,4.639,10.67
189,108,11.605,30.17
189,109,20.351,46.81
189,110,12.467,32.42
189,111,11.91,30.97
189,112,12.948,29.78
189,113,19.873,57.63
189,114,20.353,46.81
189,115,13.176,30.3
189,116,8.443,24.49
189,117,18.216,47.36
189,118,2.071,4.76
189,119,11.741,30.53
189,120,12.013,27.63
189,121,13.12,34.11
189,122,19.007,55.12
189,123,14.933,43.31
189,124,18.196,52.77
189,125,15.079,34.68
189,126,15.391,44.63
189,127,17.304,50.18
189,128,12.038,34.91
189,129,3.1,7.13
189,130,2.164,5.63
189,131,19.325,44.45
189,132,2.025,5.27
189,133,0.949,2.75
189,134,23.647,61.48
189,135,14.985,38.96
189,136,0.511,1.48
189,137,2.581,7.48
189,138,9.205,26.69
189,139,13.476,31.0
189,140,17.965,41.32
189,141,1.433,3.73
189,142,2.627,7.62
189,143,20.699,47.61
189,144,17.155,44.6
189,145,12.566,32.67
189,146,19.847,45.65
189,147,18.386,47.8
189,148,0.818,2.37
189,149,14.44,37.54
189,150,18.353,42.21
189,151,21.406,49.23
189,152,15.434,44.76
189,153,12.444,32.35
189,154,10.742,31.15
189,155,17.388,50.43
189,156,17.115,49.63
189,157,11.886,27.34
189,158,9.298,21.38
189,159,9.655,28.0
189,160,9.635,22.16
189,161,15.091,39.24
189,162,16.052,41.73
189,163,13.796,40.01
189,164,12.635,36.64
189,165,20.543,59.57
189,166,10.043,23.1
189,167,10.987,31.86
189,168,13.881,36.09
189,169,14.843,43.04
189,170,21.546,62.48
189,171,2.246,5.84
189,172,3.218,9.33
189,173,16.887,48.97
189,174,3.522,9.16
189,175,24.65,56.69
189,176,14.741,42.75
189,177,10.103,29.3
189,178,17.996,41.39
189,179,13.487,31.02
189,180,2.123,4.88
189,181,12.633,32.85
189,182,2.637,6.06
189,183,17.071,49.51
189,184,13.128,34.13
189,185,2.251,5.85
189,186,0.878,2.55
189,187,19.036,49.49
189,188,4.441,12.88
189,190,11.035,28.69
189,191,13.718,35.67
189,192,12.429,32.32
189,193,11.554,30.04
189,194,2.457,5.65
189,195,16.141,37.12
189,196,15.813,41.11
189,197,2.299,6.67
189,198,13.315,38.61
189,199,2.678,6.96
189,200,2.517,5.79
190,0,9.425,24.5
190,1,11.61,26.7
190,2,11.104,28.87
190,3,13.788,31.71
190,4,8.683,19.97
190,5,17.822,46.34
190,6,17.243,50.01
190,7,16.315,42.42
190,8,18.368,42.25
190,9,20.732,60.12
190,10,7.103,18.47
190,11,18.201,52.78
190,12,14.378,37.38
190,13,16.594,38.17
190,14,12.75,33.15
190,15,3.873,11.23
190,16,8.262,19.0
190,17,17.869,41.1
190,18,14.823,38.54
190,19,10.567,24.31
190,20,1.535,3.53
190,21,18.175,52.71
190,22,13.041,30.0
190,23,3.868,10.06
190,24,12.101,35.09
190,25,1.664,4.83
190,26,2.407,6.26
190,27,1.472,3.83
190,28,2.164,6.28
190,29,2.23,6.47
190,30,12.356,32.13
190,31,15.459,40.19
190,32,16.219,42.17
190,33,17.616,40.52
190,34,20.816,47.88
190,35,14.427,33.18
190,36,13.325,30.65
190,37,12.026,34.87
190,38,9.636,27.94
190,39,17.38,45.19
190,40,20.652,59.89
190,41,14.423,37.5
190,42,14.282,37.13
190,43,21.403,62.07
190,44,11.836,34.33
190,45,16.64,43.26
190,46,15.039,43.61
190,47,13.77,31.67
190,48,15.098,43.79
190,49,16.326,42.45
190,50,1.63,3.75
190,51,20.395,46.91
190,52,1.347,3.91
190,53,14.632,38.04
190,54,3.451,10.01
190,55,15.477,40.24
190,56,13.984,32.16
190,57,13.514,39.19
190,58,11.572,26.62
190,59,10.171,29.49
190,60,14.954,43.37
190,61,15.86,36.48
190,62,10.634,30.84
190,63,11.456,26.35
190,64,17.952,41.29
190,65,6.671,17.35
190,66,2.785,7.24
190,67,11.114,32.23
190,68,3.475,9.03
190,69,13.951,32.09
190,70,12.978,33.74
190,71,17.514,40.28
190,72,11.97,31.12
190,73,12.224,35.45
190,74,1.964,5.7
190,75,14.999,43.5
190,76,14.164,36.83
190,77,3.416,8.88
190,78,5.301,12.19
190,79,16.065,36.95
190,80,3.794,9.86
190,81,22.396,58.23
190,82,13.21,30.38
190,83,2.295,5.28
190,84,4.644,13.47
190,85,3.278,8.52
190,86,15.951,41.47
190,87,20.36,46.83
190,88,16.01,41.63
190,89,10.659,24.52
190,90,9.814,25.52
190,91,13.664,35.53
190,92,20.192,52.5
190,93,3.424,9.93
190,94,15.356,35.32
190,95,16.657,48.31
190,96,16.287,42.35
190,97,13.351,30.71
190,98,18.372,42.26
190,99,15.308,39.8
190,100,19.724,51.28
190,101,16.138,41.96
190,102,10.383,27.0
190,103,3.178,9.22
190,104,14.84,38.58
190,105,4.132,11.98
190,106,17.601,40.48
190,107,11.369,26.15
190,108,1.388,3.61
190,109,15.544,35.75
190,110,16.796,43.67
190,111,0.918,2.39
190,112,15.342,35.29
190,113,15.343,44.49
190,114,15.193,34.94
190,115,17.357,39.92
190,116,3.277,9.5
190,117,14.566,37.87
190,118,11.73,26.98
190,119,17.289,44.95
190,120,18.495,42.54
190,121,15.999,41.6
190,122,15.059,43.67
190,123,12.857,37.29
190,124,12.73,36.92
190,125,4.154,9.55
190,126,10.983,31.85
190,127,12.606,36.56
190,128,15.439,44.77
190,129,13.605,31.29
190,130,13.155,34.2
190,131,14.329,32.96
190,132,12.642,32.87
190,133,11.752,34.08
190,134,19.141,49.77
190,135,11.843,30.79
190,136,11.546,33.48
190,137,13.344,38.7
190,138,2.757,7.99
190,139,20.958,48.2
190,140,16.221,37.31
190,141,10.963,28.5
190,142,13.235,38.38
190,143,15.196,34.95
190,144,15.819,41.13
190,145,17.721,46.07
190,146,16.605,38.19
190,147,14.701,38.22
190,148,11.851,34.37
190,149,4.863,12.64
190,150,13.859,31.88
190,151,16.852,38.76
190,152,18.81,54.55
190,153,16.404,42.65
190,154,0.512,1.48
190,155,15.823,45.89
190,156,12.962,37.59
190,157,18.071,41.56
190,158,3.197,7.35
190,159,17.269,50.08
190,160,15.397,35.41
190,161,4.086,10.62
190,162,21.276,55.32
190,163,3.261,9.46
190,164,3.297,9.56
190,165,16.884,48.96
190,166,3.339,7.68
190,167,1.676,4.86
190,168,2.847,7.4
190,169,13.912,40.35
190,170,19.672,57.05
190,171,10.217,26.56
190,172,12.912,37.44
190,173,22.993,66.68
190,174,9.317,24.23
190,175,19.917,45.81
190,176,3.759,10.9
190,177,1.03,2.99
190,178,14.435,33.2
190,179,3.565,8.2
190,180,11.273,25.93
190,181,4.393,11.42
190,182,10.584,24.34
190,183,13.381,38.81
190,184,16.229,42.2
190,185,10.107,26.28
190,186,11.246,32.61
190,187,22.472,58.43
190,188,6.702,19.43
190,189,11.035,28.69
190,191,19.528,50.77
190,192,4.332,11.26
190,193,14.929,38.82
190,194,12.462,28.66
190,195,13.203,30.37
190,196,21.163,55.02
190,197,11.709,33.96
190,198,14.953,43.36
190,199,11.708,30.44
190,200,13.511,31.08
191,0,10.843,28.19
191,1,15.03,34.57
191,2,12.533,32.59
191,3,11.345,26.09
191,4,12.568,28.91
191,5,13.524,35.16
191,6,2.648,7.68
191,7,3.213,8.35
191,8,18.753,43.13
191,9,2.991,8.67
191,10,19.925,51.8
191,11,1.874,5.43
191,12,12.471,32.42
191,13,2.938,6.76
191,14,14.044,36.51
191,15,19.647,56.98
191,16,18.803,43.25
191,17,2.118,4.87
191,18,14.521,37.76
191,19,12.08,27.78
191,20,20.945,48.17
191,21,2.017,5.85
191,22,10.662,24.52
191,23,16.348,42.5
191,24,16.768,48.63
191,25,19.053,55.25
191,26,17.975,46.74
191,27,20.993,54.58
191,28,20.28,58.81
191,29,19.027,55.18
191,30,14.712,38.25
191,31,11.963,31.1
191,32,3.834,9.97
191,33,5.069,11.66
191,34,2.503,5.76
191,35,10.077,23.18
191,36,14.602,33.58
191,37,11.942,34.63
191,38,12.969,37.61
191,39,13.661,35.52
191,40,9.029,26.19
191,41,15.816,41.12
191,42,14.11,36.69
191,43,3.994,11.58
191,44,10.364,30.06
191,45,3.769,9.8
191,46,15.601,45.24
191,47,14.55,33.46
191,48,16.933,49.11
191,49,6.222,16.18
191,50,17.899,41.17
191,51,1.935,4.45
191,52,18.782,54.47
191,53,5.14,13.37
191,54,21.414,62.1
191,55,14.59,37.93
191,56,12.313,28.32
191,57,15.976,46.33
191,58,11.794,27.13
191,59,12.676,36.76
191,60,15.821,45.88
191,61,17.471,40.18
191,62,11.464,33.24
191,63,11.291,25.97
191,64,17.415,40.05
191,65,21.492,55.88
191,66,22.134,57.55
191,67,9.215,26.72
191,68,16.057,41.75
191,69,15.819,36.38
191,70,16.639,43.26
191,71,3.824,8.8
191,72,15.279,39.73
191,73,9.869,28.62
191,74,18.081,52.44
191,75,16.325,47.34
191,76,8.031,20.88
191,77,22.94,59.64
191,78,18.835,43.32
191,79,14.421,33.17
191,80,16.956,44.09
191,81,3.007,7.82
191,82,12.987,29.87
191,83,18.212,41.89
191,84,23.483,68.1
191,85,16.442,42.75
191,86,11.869,30.86
191,87,1.069,2.46
191,88,3.642,9.47
191,89,14.781,34.0
191,90,13.075,33.99
191,91,14.142,36.77
191,92,3.277,8.52
191,93,16.224,47.05
191,94,10.969,25.23
191,95,8.816,25.57
191,96,11.23,29.2
191,97,13.89,31.95
191,98,18.008,41.42
191,99,6.477,16.84
191,100,4.258,11.07
191,101,12.167,31.63
191,102,12.0,31.2
191,103,19.838,57.53
191,104,17.303,44.99
191,105,20.893,60.59
191,106,5.209,11.98
191,107,9.555,21.98
191,108,19.05,49.53
191,109,16.696,38.4
191,110,3.135,8.15
191,111,19.982,51.95
191,112,5.718,13.15
191,113,16.096,46.68
191,114,17.138,39.42
191,115,2.973,6.84
191,116,16.321,47.33
191,117,14.227,36.99
191,118,11.647,26.79
191,119,2.257,5.87
191,120,1.834,4.22
191,121,4.965,12.91
191,122,14.946,43.34
191,123,11.395,33.05
191,124,16.43,47.65
191,125,23.291,53.57
191,126,14.215,41.22
191,127,15.138,43.9
191,128,4.72,13.69
191,129,11.438,26.31
191,130,12.903,33.55
191,131,16.392,37.7
191,132,14.747,38.34
191,133,12.94,37.53
191,134,18.344,47.69
191,135,12.675,32.95
191,136,13.588,39.41
191,137,12.103,35.1
191,138,16.771,48.64
191,139,3.214,7.39
191,140,11.754,27.04
191,141,12.383,32.2
191,142,11.814,34.26
191,143,17.763,40.86
191,144,10.951,28.47
191,145,1.887,4.91
191,146,14.482,33.31
191,147,14.344,37.29
191,148,13.6,39.44
191,149,19.536,50.79
191,150,15.319,35.23
191,151,16.981,39.06
191,152,4.094,11.87
191,153,3.686,9.58
191,154,19.596,56.83
191,155,11.319,32.83
191,156,14.416,41.81
191,157,1.834,4.22
191,158,16.357,37.62
191,159,4.475,12.98
191,160,4.356,10.02
191,161,23.003,59.81
191,162,2.376,6.18
191,163,20.377,59.09
191,164,18.587,53.9
191,165,15.369,44.57
191,166,16.458,37.85
191,167,18.295,53.06
191,168,21.761,56.58
191,169,9.966,28.9
191,170,13.749,39.87
191,171,12.099,31.46
191,172,10.651,30.89
191,173,3.481,10.09
191,174,11.832,30.76
191,175,19.321,44.44
191,176,21.936,63.62
191,177,18.557,53.82
191,178,14.029,32.27
191,179,23.048,53.01
191,180,11.656,26.81
191,181,17.597,45.75
191,182,11.519,26.49
191,183,13.843,40.14
191,184,4.635,12.05
191,185,12.183,31.67
191,186,14.517,42.1
191,187,6.126,15.93
191,188,14.701,42.63
191,189,13.718,35.67
191,190,19.528,50.77
191,192,17.432,45.32
191,193,5.062,13.16
191,194,11.388,26.19
191,195,12.661,29.12
191,196,2.112,5.49
191,197,15.831,45.91
191,198,6.672,19.35
191,199,11.056,28.75
191,200,13.854,31.86
192,0,6.62,17.21
192,1,13.435,30.9
192,2,7.133,18.55
192,3,14.454,33.24
192,4,9.259,21.29
192,5,13.64,35.46
192,6,15.501,44.95
192,7,14.301,37.18
192,8,14.049,32.31
192,9,18.091,52.47
192,10,3.822,9.94
192,11,15.858,45.99
192,12,15.371,39.96
192,13,14.607,33.6
192,14,8.507,22.12
192,15,2.219,6.44
192,16,11.45,26.34
192,17,16.099,37.03
192,18,10.546,27.42
192,19,11.286,25.96
192,20,5.695,13.1
192,21,16.434,47.66
192,22,13.458,30.95
192,23,1.766,4.59
192,24,7.78,22.56
192,25,2.767,8.02
192,26,5.388,14.01
192,27,5.407,14.06
192,28,3.452,10.01
192,29,5.995,17.39
192,30,8.067,20.97
192,31,11.404,29.65
192,32,13.777,35.82
192,33,14.613,33.61
192,34,18.284,42.05
192,35,14.722,33.86
192,36,9.04,20.79
192,37,12.827,37.2
192,38,10.629,30.82
192,39,13.181,34.27
192,40,17.018,49.35
192,41,10.096,26.25
192,42,10.029,26.07
192,43,18.621,54.0
192,44,12.006,34.82
192,45,14.089,36.63
192,46,10.719,31.09
192,47,9.488,21.82
192,48,10.768,31.23
192,49,13.193,34.3
192,50,3.618,8.32
192,51,18.633,42.86
192,52,4.958,14.38
192,53,12.305,31.99
192,54,4.172,12.1
192,55,11.2,29.12
192,56,14.939,34.36
192,57,9.183,26.63
192,58,12.285,28.25
192,59,11.1,32.19
192,60,10.629,30.82
192,61,18.024,41.46
192,62,11.084,32.14
192,63,11.957,27.5
192,64,13.62,31.33
192,65,4.554,11.84
192,66,5.639,14.66
192,67,10.457,30.32
192,68,3.561,9.26
192,69,9.623,22.13
192,70,8.65,22.49
192,71,14.788,34.01
192,72,7.654,19.9
192,73,12.25,35.52
192,74,2.484,7.2
192,75,10.668,30.94
192,76,10.882,28.29
192,77,6.961,18.1
192,78,1.88,4.32
192,79,11.802,27.15
192,80,6.162,16.02
192,81,20.42,53.09
192,82,9.066,20.85
192,83,2.045,4.7
192,84,6.331,18.36
192,85,2.632,6.84
192,86,11.904,30.95
192,87,18.115,41.66
192,88,14.226,36.99
192,89,6.38,14.68
192,90,10.878,28.28
192,91,9.409,24.46
192,92,17.467,45.42
192,93,2.875,8.34
192,94,11.428,26.28
192,95,13.02,37.76
192,96,12.314,32.02
192,97,9.116,20.97
192,98,14.042,32.3
192,99,12.249,31.85
192,100,16.81,43.71
192,101,12.059,31.35
192,102,11.039,28.7
192,103,2.547,7.38
192,104,10.518,27.35
192,105,3.469,10.06
192,106,14.572,33.51
192,107,11.035,25.38
192,108,2.992,7.78
192,109,11.212,25.79
192,110,14.431,37.52
192,111,4.002,10.4
192,112,12.49,28.73
192,113,11.015,31.94
192,114,10.866,24.99
192,115,14.879,34.22
192,116,4.249,12.32
192,117,10.306,26.8
192,118,12.401,28.52
192,119,15.31,39.81
192,120,16.747,38.52
192,121,13.229,34.4
192,122,10.762,31.21
192,123,8.966,26.0
192,124,8.4,24.36
192,125,6.363,14.63
192,126,6.753,19.58
192,127,8.294,24.05
192,128,12.917,37.46
192,129,14.297,32.88
192,130,14.295,37.17
192,131,9.997,22.99
192,132,14.344,37.3
192,133,12.892,37.39
192,134,14.811,38.51
192,135,7.791,20.26
192,136,12.904,37.42
192,137,14.238,41.29
192,138,3.588,10.4
192,139,19.416,44.66
192,140,12.187,28.03
192,141,11.852,30.82
192,142,14.038,40.71
192,143,10.884,25.03
192,144,11.885,30.9
192,145,15.55,40.43
192,146,12.344,28.39
192,147,10.434,27.13
192,148,13.215,38.32
192,149,2.253,5.86
192,150,9.543,21.95
192,151,12.52,28.8
192,152,15.934,46.21
192,153,13.955,36.28
192,154,4.791,13.89
192,155,11.842,34.34
192,156,8.689,25.2
192,157,16.25,37.38
192,158,3.266,7.51
192,159,16.109,46.72
192,160,13.746,31.62
192,161,5.949,15.47
192,162,18.84,48.98
192,163,3.08,8.93
192,164,1.359,3.94
192,165,12.585,36.5
192,166,2.445,5.62
192,167,2.741,7.95
192,168,4.92,12.79
192,169,10.216,29.63
192,170,15.511,44.98
192,171,10.892,28.32
192,172,13.315,38.61
192,173,20.773,60.24
192,174,9.637,25.06
192,175,15.595,35.87
192,176,4.687,13.59
192,177,4.174,12.11
192,178,10.188,23.43
192,179,7.291,16.77
192,180,11.901,27.37
192,181,0.209,0.54
192,182,11.051,25.42
192,183,9.15,26.54
192,184,13.507,35.12
192,185,10.803,28.09
192,186,12.914,37.45
192,187,19.389,50.41
192,188,8.101,23.49
192,189,12.429,32.32
192,190,4.332,11.26
192,191,17.432,45.32
192,193,12.469,32.42
192,194,13.093,30.11
192,195,9.099,20.93
192,196,18.779,48.83
192,197,13.773,39.94
192,198,11.902,34.52
192,199,12.146,31.58
192,200,14.922,34.32
193,0,5.85,15.21
193,1,13.053,30.02
193,2,7.616,19.8
193,3,10.298,23.69
193,4,9.313,21.42
193,5,10.241,26.63
193,6,3.91,11.34
193,7,2.375,6.17
193,8,14.953,34.39
193,9,5.807,16.84
193,10,14.863,38.65
193,11,3.389,9.83
193,12,11.631,30.24
193,13,2.665,6.13
193,14,9.417,24.48
193,15,14.689,42.6
193,16,15.727,36.17
193,17,4.323,9.94
193,18,10.305,26.79
193,19,9.608,22.1
193,20,16.407,37.74
193,21,4.659,13.51
193,22,9.244,21.26
193,23,11.511,29.93
193,24,12.006,34.82
193,25,14.277,41.4
193,26,13.66,35.52
193,27,16.401,42.64
193,28,15.463,44.84
193,29,14.742,42.75
193,30,10.015,26.04
193,31,8.055,20.94
193,32,1.311,3.41
193,33,3.414,7.85
193,34,5.895,13.56
193,35,9.352,21.51
193,36,10.071,23.16
193,37,10.114,29.33
193,38,10.212,29.61
193,39,10.217,26.56
193,40,8.077,23.42
193,41,11.449,29.77
193,42,9.789,25.45
193,43,6.533,18.94
193,44,8.264,23.97
193,45,1.719,4.47
193,46,11.37,32.97
193,47,10.106,23.24
193,48,12.629,36.63
193,49,3.079,8.01
193,50,13.307,30.61
193,51,6.582,15.14
193,52,14.342,41.59
193,53,0.547,1.42
193,54,16.528,47.93
193,55,10.524,27.36
193,56,11.32,26.04
193,57,11.439,33.17
193,58,9.75,22.43
193,59,10.105,29.31
193,60,11.559,33.52
193,61,16.598,38.17
193,62,8.923,25.88
193,63,9.136,21.01
193,64,13.677,31.46
193,65,16.443,42.75
193,66,17.414,45.28
193,67,6.179,17.92
193,68,11.469,29.82
193,69,11.364,26.14
193,70,11.997,31.19
193,71,2.72,6.26
193,72,10.522,27.36
193,73,7.902,22.92
193,74,13.334,38.67
193,75,12.041,34.92
193,76,3.529,9.18
193,77,18.337,47.68
193,78,13.807,31.76
193,79,10.517,24.19
193,80,12.834,33.37
193,81,8.067,20.97
193,82,8.452,19.44
193,83,13.408,30.84
193,84,18.636,54.04
193,85,11.726,30.49
193,86,8.132,21.14
193,87,5.655,13.01
193,88,2.94,7.64
193,89,9.866,22.69
193,90,10.403,27.05
193,91,9.688,25.19
193,92,5.305,13.79
193,93,11.536,33.45
193,94,7.074,16.27
193,95,5.646,16.37
193,96,7.664,19.93
193,97,9.378,21.57
193,98,14.299,32.89
193,99,2.465,6.41
193,100,5.055,13.14
193,101,8.47,22.02
193,102,9.43,24.52
193,103,14.927,43.29
193,104,12.929,33.61
193,105,15.939,46.22
193,106,3.483,8.01
193,107,6.916,15.91
193,108,14.304,37.19
193,109,12.496,28.74
193,110,1.966,5.11
193,111,15.287,39.75
193,112,1.592,3.66
193,113,11.896,34.5
193,114,12.838,29.53
193,115,2.437,5.61
193,116,11.855,34.38
193,117,9.966,25.91
193,118,9.664,22.23
193,119,3.251,8.45
193,120,4.911,11.29
193,121,1.567,4.07
193,122,10.759,31.2
193,123,6.748,19.57
193,124,11.758,34.1
193,125,18.498,42.55
193,126,9.328,27.05
193,127,10.476,30.38
193,128,0.541,1.57
193,129,10.307,23.71
193,130,11.553,30.04
193,131,11.978,27.55
193,132,13.128,34.13
193,133,11.035,32.0
193,134,14.776,38.42
193,135,7.873,20.47
193,136,11.612,33.68
193,137,10.849,31.46
193,138,12.2,35.38
193,139,7.642,17.58
193,140,8.12,18.68
193,141,10.121,26.31
193,142,10.516,30.5
193,143,13.422,30.87
193,144,7.228,18.79
193,145,3.188,8.29
193,146,10.718,24.65
193,147,10.108,26.28
193,148,11.738,34.04
193,149,14.526,37.77
193,150,10.867,24.99
193,151,13.035,29.98
193,152,4.145,12.02
193,153,1.492,3.88
193,154,15.061,43.68
193,155,7.574,21.97
193,156,9.823,28.49
193,157,4.347,10.0
193,158,11.732,26.98
193,159,5.837,16.93
193,160,3.117,7.17
193,161,18.177,47.26
193,162,6.398,16.63
193,163,15.469,44.86
193,164,13.673,39.65
193,165,11.592,33.62
193,166,11.718,26.95
193,167,13.569,39.35
193,168,16.967,44.12
193,169,5.551,16.1
193,170,11.078,32.13
193,171,9.469,24.62
193,172,9.167,26.58
193,173,8.307,24.09
193,174,8.694,22.61
193,175,15.805,36.35
193,176,17.052,49.45
193,177,14.011,40.63
193,178,9.747,22.42
193,179,18.49,42.53
193,180,9.458,21.75
193,181,12.625,32.83
193,182,8.964,20.62
193,183,9.338,27.08
193,184,1.595,4.15
193,185,9.514,24.74
193,186,12.431,36.05
193,187,7.928,20.61
193,188,11.095,32.18
193,189,11.554,30.04
193,190,14.929,38.82
193,191,5.062,13.16
193,192,12.469,32.42
193,194,9.729,22.38
193,195,8.123,18.68
193,196,6.319,16.43
193,197,13.849,40.16
193,198,2.407,6.98
193,199,8.998,23.39
193,200,12.593,28.96
194,0,9.642,22.18
194,1,3.644,7.29
194,2,13.561,31.19
194,3,1.366,2.73
194,4,3.888,7.78
194,5,19.001,43.7
194,6,8.778,22.82
194,7,9.029,20.77
194,8,22.64,45.28
194,9,13.983,36.36
194,10,16.838,38.73
194,11,11.208,29.14
194,12,2.424,5.58
194,13,9.107,18.21
194,14,16.063,36.94
194,15,14.751,38.35
194,16,8.03,16.06
194,17,9.269,18.54
194,18,17.791,40.92
194,19,1.897,3.79
194,20,13.364,26.73
194,21,9.399,24.44
194,22,0.806,1.61
194,23,11.352,26.11
194,24,17.643,45.87
194,25,12.974,33.73
194,26,10.141,23.32
194,27,13.634,31.36
194,28,14.202,36.92
194,29,10.865,28.25
194,30,16.3,37.49
194,31,16.404,37.73
194,32,10.316,23.73
194,33,13.066,26.13
194,34,13.693,27.39
194,35,2.108,4.22
194,36,16.869,33.74
194,37,0.616,1.6
194,38,2.861,7.44
194,39,18.82,43.29
194,40,17.805,46.29
194,41,18.431,42.39
194,42,17.147,39.44
194,43,14.975,38.94
194,44,1.58,4.11
194,45,10.91,25.09
194,46,18.668,48.54
194,47,17.125,34.25
194,48,19.594,50.94
194,49,12.755,29.34
194,50,11.161,22.32
194,51,11.121,22.24
194,52,11.219,29.17
194,53,9.181,21.12
194,54,15.599,40.56
194,55,18.254,41.98
194,56,1.994,3.99
194,57,17.972,46.73
194,58,0.894,1.79
194,59,2.327,6.05
194,60,18.764,48.79
194,61,6.928,13.86
194,62,2.013,5.23
194,63,1.148,2.3
194,64,21.574,43.15
194,65,17.589,40.45
194,66,15.203,34.97
194,67,4.037,10.5
194,68,9.851,22.66
194,69,18.138,36.28
194,70,18.1,41.63
194,71,12.026,24.05
194,72,16.469,37.88
194,73,1.836,4.77
194,74,12.063,31.36
194,75,19.13,49.74
194,76,12.176,28.0
194,77,15.354,35.31
194,78,14.97,29.94
194,79,18.51,37.02
194,80,8.748,20.12
194,81,13.316,30.63
194,82,15.574,31.15
194,83,12.491,24.98
194,84,17.104,44.47
194,85,10.72,24.66
194,86,16.676,38.36
194,87,12.455,24.91
194,88,8.173,18.8
194,89,15.176,30.35
194,90,2.737,6.29
194,91,16.759,38.55
194,92,13.863,31.88
194,93,10.438,27.14
194,94,15.608,31.22
194,95,15.003,39.01
194,96,16.456,37.85
194,97,16.36,32.72
194,98,22.182,44.36
194,99,11.932,27.44
194,100,14.178,32.61
194,101,17.012,39.13
194,102,2.103,4.84
194,103,14.49,37.67
194,104,19.683,45.27
194,105,15.735,40.91
194,106,13.155,26.31
194,107,3.11,6.22
194,108,12.804,29.45
194,109,19.705,39.41
194,110,10.398,23.91
194,111,13.278,30.54
194,112,11.222,22.44
194,113,19.187,49.89
194,114,19.785,39.57
194,115,11.098,22.2
194,116,9.514,24.74
194,117,17.417,40.06
194,118,0.732,1.46
194,119,9.502,21.85
194,120,9.644,19.29
194,121,11.285,25.96
194,122,18.234,47.41
194,123,14.008,36.42
194,124,17.798,46.28
194,125,16.601,33.2
194,126,14.942,38.85
194,127,16.786,43.64
194,128,10.17,26.44
194,129,1.204,2.41
194,130,1.856,4.27
194,131,18.766,37.53
194,132,3.449,7.93
194,133,1.575,4.09
194,134,22.821,52.49
194,135,14.289,32.87
194,136,2.225,5.78
194,137,1.315,3.42
194,138,10.26,26.68
194,139,11.024,22.05
194,140,16.78,33.56
194,141,1.572,3.62
194,142,1.02,2.65
194,143,20.194,40.39
194,144,15.928,36.63
194,145,10.356,23.82
194,146,18.886,37.77
194,147,17.587,40.45
194,148,2.213,5.75
194,149,15.247,35.07
194,150,17.731,35.46
194,151,20.663,41.33
194,152,13.4,34.84
194,153,10.442,24.02
194,154,12.243,31.83
194,155,16.196,42.11
194,156,16.488,42.87
194,157,9.554,19.11
194,158,10.222,20.44
194,159,7.226,18.79
194,160,7.466,14.93
194,161,16.547,38.06
194,162,13.744,31.61
194,163,14.905,38.75
194,164,13.536,35.19
194,165,19.64,51.07
194,166,10.864,21.73
194,167,12.113,31.5
194,168,15.289,35.16
194,169,13.677,35.56
194,170,20.244,52.63
194,171,2.265,5.21
194,172,0.763,1.98
194,173,14.487,37.67
194,174,3.458,7.95
194,175,23.844,47.69
194,176,16.028,41.67
194,177,11.466,29.81
194,178,17.191,34.38
194,179,15.258,30.52
194,180,1.21,2.42
194,181,13.302,30.59
194,182,2.043,4.09
194,183,16.346,42.5
194,184,11.249,25.87
194,185,2.37,5.45
194,186,3.164,8.23
194,187,16.897,38.86
194,188,5.785,15.04
194,189,2.457,5.65
194,190,12.462,28.66
194,191,11.388,26.19
194,192,13.093,30.11
194,193,9.729,22.38
194,195,15.314,30.63
194,196,13.495,31.04
194,197,4.443,11.55
194,198,11.719,30.47
194,199,1.027,2.36
194,200,2.891,5.78
195,0,5.874,13.51
195,1,17.603,35.21
195,2,2.206,5.07
195,3,16.369,32.74
195,4,12.823,25.65
195,5,4.657,10.71
195,6,12.032,31.28
195,7,10.494,24.14
195,8,7.342,14.68
195,9,11.856,30.83
195,10,9.342,21.49
195,11,10.787,28.05
195,12,17.671,40.64
195,13,10.775,21.55
195,14,1.419,3.26
195,15,10.884,28.3
195,16,18.069,36.14
195,17,12.413,24.83
195,18,2.478,5.7
195,19,14.247,28.49
195,20,14.682,29.36
195,21,12.739,33.12
195,22,15.182,30.36
195,23,9.397,21.61
195,24,4.233,11.01
195,25,11.81,30.7
195,26,13.296,30.58
195,27,14.447,33.23
195,28,12.533,32.59
195,29,14.248,37.05
195,30,2.157,4.96
195,31,2.32,5.34
195,32,9.004,20.71
195,33,8.027,16.05
195,34,12.291,24.58
195,35,15.869,31.74
195,36,1.955,3.91
195,37,15.427,40.11
195,38,14.27,37.1
195,39,4.252,9.78
195,40,8.488,22.07
195,41,3.361,7.73
195,42,1.843,4.24
195,43,11.965,31.11
195,44,13.749,35.75
195,45,8.918,20.51
195,46,3.419,8.89
195,47,1.998,4.0
195,48,4.562,11.86
195,49,6.581,15.14
195,50,11.969,23.94
195,51,14.451,28.9
195,52,13.38,34.79
195,53,8.395,19.31
195,54,12.996,33.79
195,55,2.961,6.81
195,56,17.266,34.53
195,57,3.331,8.66
195,58,14.898,29.8
195,59,14.471,37.63
195,60,3.561,9.26
195,61,22.004,44.01
195,62,13.667,35.54
195,63,14.311,28.62
195,64,6.263,12.53
195,65,11.204,25.77
195,66,14.718,33.85
195,67,11.305,29.39
195,68,10.659,24.52
195,69,3.242,6.48
195,70,3.986,9.17
195,71,8.942,17.88
195,72,2.812,6.47
195,73,13.639,35.46
195,74,11.239,29.22
195,75,4.003,10.41
195,76,4.67,10.74
195,77,16.06,36.94
195,78,9.349,18.7
195,79,3.319,6.64
195,80,13.286,30.56
195,81,15.47,35.58
195,82,0.33,0.66
195,83,10.972,21.94
195,84,15.09,39.23
195,85,10.236,23.54
195,86,2.822,6.49
195,87,12.856,25.71
195,88,11.018,25.34
195,89,3.086,6.17
195,90,14.54,33.44
195,91,1.582,3.64
195,92,11.11,25.55
195,93,10.239,26.62
195,94,2.601,5.2
195,95,4.856,12.63
195,96,3.324,7.65
195,97,1.255,2.51
195,98,6.869,13.74
195,99,6.184,14.22
195,100,10.067,23.15
195,101,2.96,6.81
195,102,13.985,32.17
195,103,11.473,29.83
195,104,4.82,11.09
195,105,11.962,31.1
195,106,7.917,15.83
195,107,12.232,24.46
195,108,11.995,27.59
195,109,4.522,9.04
195,110,9.666,22.23
195,111,13.051,30.02
195,112,6.985,13.97
195,113,3.954,10.28
195,114,4.769,9.54
195,115,9.69,19.38
195,116,11.419,29.69
195,117,2.104,4.84
195,118,14.905,29.81
195,119,11.303,26.0
195,120,12.964,25.93
195,121,7.705,17.72
195,122,2.927,7.61
195,123,1.416,3.68
195,124,3.794,9.86
195,125,15.284,30.57
195,126,2.522,6.56
195,127,2.517,6.54
195,128,8.218,21.37
195,129,16.299,32.6
195,130,17.103,39.34
195,131,3.863,7.73
195,132,18.115,41.67
195,133,16.056,41.75
195,134,7.52,17.3
195,135,1.387,3.19
195,136,16.43,42.72
195,137,16.623,43.22
195,138,11.239,29.22
195,139,15.619,31.24
195,140,3.113,6.23
195,141,14.905,34.28
195,142,16.308,42.4
195,143,5.322,10.64
195,144,3.003,6.91
195,145,10.998,25.3
195,146,3.788,7.58
195,147,2.274,5.23
195,148,16.672,43.35
195,149,10.2,23.46
195,150,2.747,5.49
195,151,5.359,10.72
195,152,9.436,24.53
195,153,9.106,20.94
195,154,13.581,35.31
195,155,2.856,7.43
195,156,1.758,4.57
195,157,12.402,24.8
195,158,10.672,21.34
195,159,13.852,36.02
195,160,11.02,22.04
195,161,14.814,34.07
195,162,13.005,29.91
195,163,11.943,31.05
195,164,10.434,27.13
195,165,4.411,11.47
195,166,10.099,20.2
195,167,11.527,29.97
195,168,13.944,32.07
195,169,2.696,7.01
195,170,6.477,16.84
195,171,13.926,32.03
195,172,15.058,39.15
195,173,15.208,39.54
195,174,12.621,29.03
195,175,8.537,17.07
195,176,13.459,34.99
195,177,12.703,33.03
195,178,1.877,3.75
195,179,16.387,32.77
195,180,14.494,28.99
195,181,9.128,20.99
195,182,13.676,27.35
195,183,1.215,3.16
195,184,8.032,18.47
195,185,13.904,31.98
195,186,16.947,44.06
195,187,11.933,27.45
195,188,13.343,34.69
195,189,16.141,37.12
195,190,13.203,30.37
195,191,12.661,29.12
195,192,9.099,20.93
195,193,8.123,18.68
195,194,15.314,30.63
195,196,13.079,30.08
195,197,18.261,47.48
195,198,6.008,15.62
195,199,14.322,32.94
195,200,18.069,36.14
196,0,12.16,31.62
196,1,17.136,39.41
196,2,13.298,34.57
196,3,13.456,30.95
196,4,14.546,33.46
196,5,13.197,34.31
196,6,4.731,13.72
196,7,4.999,13.0
196,8,18.559,42.68
196,9,1.535,4.45
196,10,21.002,54.6
196,11,2.964,8.59
196,12,14.573,37.89
196,13,4.776,10.98
196,14,14.494,37.68
196,15,20.998,60.89
196,16,20.838,47.93
196,17,4.227,9.72
196,18,14.668,38.14
196,19,14.146,32.54
196,20,22.614,52.01
196,21,4.126,11.97
196,22,12.773,29.38
196,23,17.823,46.34
196,24,17.288,50.14
196,25,20.578,59.68
196,26,19.732,51.3
196,27,22.634,58.85
196,28,21.774,63.15
196,29,20.798,60.31
196,30,15.206,39.54
196,31,12.018,31.25
196,32,5.008,13.02
196,33,5.071,11.66
196,34,0.921,2.12
196,35,12.184,28.02
196,36,14.963,34.41
196,37,14.046,40.73
196,38,15.015,43.54
196,39,13.408,34.86
196,40,7.997,23.19
196,41,16.031,41.68
196,42,14.335,37.27
196,43,2.287,6.63
196,44,12.446,36.09
196,45,4.703,12.23
196,46,15.73,45.62
196,47,14.848,34.15
196,48,17.083,49.54
196,49,6.499,16.9
196,50,19.534,44.93
196,51,3.258,7.49
196,52,20.491,59.42
196,53,6.548,17.02
196,54,22.847,66.26
196,55,14.642,38.07
196,56,14.42,33.17
196,57,16.313,47.31
196,58,13.887,31.94
196,59,14.738,42.74
196,60,15.965,46.3
196,61,19.559,44.99
196,62,13.52,39.21
196,63,13.375,30.76
196,64,17.211,39.58
196,65,22.649,58.89
196,66,23.701,61.62
196,67,11.185,32.44
196,68,17.69,45.99
196,69,16.097,37.02
196,70,17.051,44.33
196,71,4.22,9.71
196,72,15.818,41.13
196,73,11.956,34.67
196,74,19.626,56.91
196,75,16.473,47.77
196,76,8.659,22.51
196,77,24.578,63.9
196,78,20.065,46.15
196,79,14.385,33.09
196,80,18.774,48.81
196,81,2.675,6.96
196,82,13.394,30.81
196,83,19.715,45.34
196,84,24.953,72.36
196,85,18.004,46.81
196,86,11.839,30.78
196,87,1.045,2.4
196,88,5.599,14.56
196,89,15.502,35.65
196,90,15.129,39.34
196,91,14.458,37.59
196,92,2.208,5.74
196,93,17.802,51.63
196,94,11.067,25.45
196,95,8.724,25.3
196,96,11.146,28.98
196,97,14.255,32.79
196,98,17.776,40.89
196,99,7.057,18.35
196,100,3.408,8.86
196,101,12.102,31.47
196,102,14.057,36.55
196,103,21.246,61.61
196,104,17.496,45.49
196,105,22.248,64.52
196,106,5.191,11.94
196,107,11.581,26.64
196,108,20.596,53.55
196,109,16.782,38.6
196,110,4.382,11.39
196,111,21.563,56.06
196,112,6.492,14.93
196,113,16.193,46.96
196,114,17.281,39.75
196,115,3.901,8.97
196,116,18.011,52.23
196,117,14.41,37.47
196,118,13.744,31.61
196,119,4.174,10.85
196,120,3.924,9.02
196,121,5.707,14.84
196,122,15.063,43.68
196,123,11.937,34.62
196,124,16.871,48.93
196,125,24.806,57.05
196,126,14.911,43.24
196,127,15.594,45.22
196,128,5.862,17.0
196,129,13.549,31.16
196,130,15.016,39.04
196,131,16.63,38.25
196,132,16.86,43.84
196,133,15.044,43.63
196,134,18.03,46.88
196,135,13.311,34.61
196,136,15.691,45.5
196,137,14.216,41.23
196,138,18.414,53.4
196,139,4.382,10.08
196,140,11.677,26.86
196,141,14.467,37.61
196,142,13.926,40.39
196,143,17.924,41.23
196,144,10.96,28.5
196,145,3.515,9.14
196,146,14.366,33.04
196,147,14.507,37.72
196,148,15.707,45.55
196,149,20.805,54.09
196,150,15.606,35.89
196,151,16.904,38.88
196,152,3.725,10.8
196,153,4.828,12.55
196,154,21.264,61.67
196,155,11.32,32.83
196,156,14.83,43.01
196,157,3.942,9.07
196,158,17.971,41.33
196,159,6.552,19.0
196,160,6.335,14.57
196,161,24.492,63.68
196,162,0.301,0.78
196,163,21.788,63.18
196,164,19.991,57.97
196,165,15.235,44.18
196,166,18.004,41.41
196,167,19.853,57.58
196,168,23.275,60.52
196,169,10.412,30.19
196,170,13.131,38.08
196,171,14.152,36.79
196,172,12.761,37.01
196,173,2.134,6.19
196,174,13.822,35.94
196,175,18.962,43.61
196,176,23.371,67.78
196,177,20.217,58.63
196,178,14.232,32.73
196,179,24.711,56.83
196,180,13.74,31.6
196,181,18.931,49.22
196,182,13.574,31.22
196,183,14.204,41.19
196,184,5.391,14.02
196,185,14.232,37.0
196,186,16.617,48.19
196,187,4.368,11.36
196,188,16.633,48.24
196,189,15.813,41.11
196,190,21.163,55.02
196,191,2.112,5.49
196,192,18.779,48.83
196,193,6.319,16.43
196,194,13.495,31.04
196,195,13.079,30.08
196,197,17.938,52.02
196,198,7.33,21.26
196,199,13.145,34.18
196,200,15.965,36.72
197,0,12.388,35.92
197,1,0.809,2.1
197,2,16.26,47.15
197,3,4.77,12.4
197,4,5.442,14.15
197,5,22.372,64.88
197,6,13.218,42.3
197,7,13.401,38.86
197,8,25.4,66.04
197,9,18.402,58.89
197,10,17.581,50.98
197,11,15.607,49.94
197,12,4.23,12.27
197,13,13.499,35.1
197,14,18.753,54.38
197,15,14.893,47.66
197,16,4.681,12.17
197,17,13.713,35.65
197,18,20.68,59.97
197,19,4.284,11.14
197,20,12.13,31.54
197,21,13.841,44.29
197,22,5.186,13.48
197,23,12.036,34.91
197,24,19.821,63.43
197,25,12.741,40.77
197,26,9.325,27.04
197,27,12.508,36.27
197,28,13.779,44.09
197,29,9.638,30.84
197,30,18.837,54.63
197,31,19.704,57.14
197,32,14.575,42.27
197,33,17.249,44.85
197,34,18.125,47.13
197,35,6.078,15.8
197,36,19.553,50.84
197,37,3.9,12.48
197,38,4.002,12.81
197,39,22.125,64.16
197,40,21.886,70.04
197,41,21.085,61.15
197,42,20.025,58.07
197,43,19.386,62.04
197,44,5.645,18.06
197,45,15.171,44.0
197,46,21.433,68.59
197,47,19.875,51.68
197,48,22.174,70.96
197,49,16.77,48.63
197,50,10.873,28.27
197,51,15.519,40.35
197,52,10.362,33.16
197,53,13.308,38.59
197,54,15.141,48.45
197,55,21.215,61.52
197,56,4.095,10.65
197,57,20.478,65.53
197,58,4.142,10.77
197,59,3.888,12.44
197,60,21.487,68.76
197,61,4.254,11.06
197,62,4.964,15.88
197,63,4.733,12.31
197,64,24.465,63.61
197,65,17.88,51.85
197,66,14.145,41.02
197,67,7.731,24.74
197,68,10.216,29.63
197,69,20.727,53.89
197,70,20.427,59.24
197,71,16.296,42.37
197,72,18.865,54.71
197,73,6.082,19.46
197,74,12.031,38.5
197,75,21.786,69.72
197,76,15.845,45.95
197,77,13.868,40.22
197,78,15.59,40.53
197,79,21.565,56.07
197,80,8.019,23.26
197,81,17.703,51.34
197,82,18.476,48.04
197,83,12.549,32.63
197,84,16.168,51.74
197,85,11.15,32.33
197,86,20.041,58.12
197,87,16.898,43.93
197,88,12.569,36.45
197,89,17.461,45.4
197,90,3.74,10.85
197,91,19.554,56.71
197,92,18.255,52.94
197,93,10.899,34.88
197,94,19.019,49.45
197,95,18.779,60.09
197,96,19.932,57.8
197,97,19.151,49.79
197,98,25.047,65.12
197,99,15.865,46.01
197,100,18.51,53.68
197,101,20.36,59.04
197,102,4.5,13.05
197,103,14.431,46.18
197,104,22.172,64.3
197,105,15.613,49.96
197,106,17.326,45.05
197,107,6.935,18.03
197,108,12.502,36.26
197,109,22.38,58.19
197,110,14.721,42.69
197,111,12.62,36.6
197,112,15.247,39.64
197,113,21.922,70.15
197,114,22.348,58.1
197,115,15.428,40.11
197,116,9.589,30.69
197,117,20.315,58.91
197,118,4.258,11.07
197,119,13.923,40.38
197,120,14.083,36.62
197,121,15.415,44.7
197,122,21.094,67.5
197,123,17.092,54.69
197,124,20.123,64.39
197,125,15.535,40.39
197,126,17.363,55.56
197,127,19.293,61.74
197,128,14.329,45.85
197,129,4.62,12.01
197,130,3.194,9.26
197,131,21.321,55.43
197,132,1.431,4.15
197,133,2.905,9.3
197,134,25.739,74.64
197,135,17.063,49.48
197,136,2.273,7.27
197,137,3.952,12.65
197,138,10.327,33.05
197,139,15.341,39.89
197,140,20.187,52.49
197,141,3.73,10.82
197,142,4.166,13.33
197,143,22.663,58.92
197,144,19.389,56.23
197,145,14.765,42.82
197,146,21.999,57.2
197,147,20.486,59.41
197,148,2.231,7.14
197,149,15.625,45.31
197,150,20.381,52.99
197,151,23.472,61.03
197,152,17.7,56.64
197,153,14.715,42.67
197,154,11.338,36.28
197,155,19.613,62.76
197,156,19.152,61.29
197,157,13.997,36.39
197,158,10.531,27.38
197,159,11.625,37.2
197,160,11.848,30.81
197,161,15.623,45.31
197,162,18.186,52.74
197,163,14.722,47.11
197,164,13.78,44.1
197,165,22.671,72.55
197,166,11.332,29.46
197,167,11.975,38.32
197,168,14.495,42.03
197,169,17.069,54.62
197,170,23.789,76.13
197,171,4.504,13.06
197,172,5.185,16.59
197,173,18.905,60.5
197,174,5.678,16.47
197,175,26.731,69.5
197,176,15.468,49.5
197,177,10.882,34.82
197,178,20.1,52.26
197,179,13.65,35.49
197,180,4.397,11.43
197,181,13.969,40.51
197,182,4.931,12.82
197,183,19.148,61.27
197,184,15.419,44.71
197,185,4.492,13.03
197,186,1.421,4.55
197,187,21.272,61.69
197,188,5.69,18.21
197,189,2.299,6.67
197,190,11.709,33.96
197,191,15.831,45.91
197,192,13.773,39.94
197,193,13.849,40.16
197,194,4.443,11.55
197,195,18.261,47.48
197,196,17.938,52.02
197,198,15.611,49.96
197,199,4.907,14.23
197,200,2.668,6.94
198,0,5.528,16.03
198,1,14.838,38.58
198,2,5.969,17.31
198,3,12.425,32.3
198,4,10.676,27.76
198,5,7.837,22.73
198,6,6.16,19.71
198,7,4.639,13.45
198,8,12.591,32.74
198,9,6.345,20.3
198,10,13.755,39.89
198,11,4.804,15.37
198,12,13.77,39.93
198,13,4.891,12.72
198,14,7.378,21.39
198,15,14.088,45.08
198,16,16.959,44.09
198,17,6.476,16.84
198,18,8.03,23.29
198,19,11.327,29.45
198,20,16.477,42.84
198,21,6.789,21.73
198,22,11.318,29.43
198,23,11.261,32.66
198,24,10.098,32.31
198,25,14.057,44.98
198,26,14.041,40.72
198,27,16.403,47.57
198,28,15.148,48.47
198,29,15.124,48.4
198,30,8.04,23.32
198,31,5.679,16.47
198,32,3.02,8.76
198,33,2.711,7.05
198,34,6.655,17.3
198,35,11.57,30.08
198,36,7.959,20.69
198,37,12.04,38.53
198,38,11.78,37.7
198,39,7.81,22.65
198,40,6.391,20.45
198,41,9.246,26.81
198,42,7.555,21.91
198,43,6.756,21.62
198,44,10.186,32.59
198,45,2.913,8.45
198,46,9.107,29.14
198,47,7.939,20.64
198,48,10.403,33.29
198,49,1.392,4.04
198,50,13.383,34.8
198,51,8.444,21.95
198,52,14.571,46.63
198,53,2.859,8.29
198,54,16.065,51.41
198,55,8.201,23.78
198,56,13.432,34.92
198,57,9.336,29.87
198,58,11.621,30.21
198,59,11.761,37.64
198,60,9.309,29.79
198,61,18.643,48.47
198,62,10.648,34.07
198,63,10.996,28.59
198,64,11.302,29.38
198,65,15.46,44.83
198,66,17.223,49.95
198,67,7.886,25.23
198,68,11.61,33.67
198,69,9.208,23.94
198,70,9.975,28.93
198,71,3.111,8.09
198,72,8.611,24.97
198,73,9.885,31.63
198,74,13.186,42.2
198,75,9.803,31.37
198,76,1.361,3.95
198,77,18.292,53.05
198,78,12.981,33.75
198,79,8.157,21.21
198,80,13.426,38.93
198,81,9.549,27.69
198,82,6.337,16.48
198,83,13.162,34.22
198,84,18.217,58.3
198,85,11.676,33.86
198,86,5.734,16.63
198,87,6.957,18.09
198,88,5.316,15.42
198,89,8.186,21.28
198,90,12.001,34.8
198,91,7.525,21.82
198,92,5.66,16.42
198,93,11.533,36.9
198,94,4.688,12.19
198,95,3.327,10.65
198,96,5.257,15.25
198,97,7.25,18.85
198,98,11.921,30.99
198,99,0.355,1.03
198,100,4.912,14.24
198,101,6.07,17.6
198,102,11.118,32.24
198,103,14.439,46.2
198,104,10.736,31.13
198,105,15.326,49.04
198,106,2.676,6.96
198,107,8.73,22.7
198,108,14.132,40.98
198,109,10.227,26.59
198,110,3.664,10.63
198,111,15.172,44.0
198,112,0.983,2.56
198,113,9.624,30.8
198,114,10.61,27.59
198,115,3.699,9.62
198,116,12.131,38.82
198,117,7.707,22.35
198,118,11.558,30.05
198,119,5.351,15.52
198,120,6.996,18.19
198,121,1.706,4.95
198,122,8.476,27.12
198,123,4.724,15.12
198,124,9.761,31.24
198,125,18.177,47.26
198,126,7.602,24.33
198,127,8.469,27.1
198,128,2.318,7.42
198,129,12.414,32.28
198,130,13.571,39.36
198,131,9.802,25.49
198,132,15.029,43.58
198,133,12.903,41.29
198,134,12.383,35.91
198,135,6.027,17.48
198,136,13.438,43.0
198,137,12.912,41.32
198,138,12.336,39.48
198,139,9.616,25.0
198,140,5.715,14.86
198,141,11.899,34.51
198,142,12.577,40.25
198,143,11.215,29.16
198,144,4.825,13.99
198,145,4.992,14.48
198,146,8.336,21.67
198,147,7.84,22.73
198,148,13.598,43.51
198,149,13.765,39.92
198,150,8.708,22.64
198,151,10.695,27.81
198,152,4.054,12.97
198,153,3.108,9.01
198,154,15.162,48.52
198,155,5.174,16.56
198,156,7.756,24.82
198,157,6.439,16.74
198,158,11.812,30.71
198,159,8.22,26.3
198,160,5.524,14.36
198,161,17.804,51.63
198,162,7.311,21.2
198,163,14.977,47.93
198,164,13.201,42.24
198,165,9.215,29.49
198,166,11.629,30.23
198,167,13.447,43.03
198,168,16.668,48.34
198,169,3.329,10.65
198,170,8.73,27.94
198,171,11.129,32.27
198,172,11.226,35.92
198,173,9.455,30.25
198,174,10.156,29.45
198,175,13.41,34.87
198,176,16.584,53.07
198,177,14.125,45.2
198,178,7.495,19.49
198,179,18.5,48.1
198,180,11.288,29.35
198,181,12.029,34.88
198,182,10.681,27.77
198,183,7.205,23.06
198,184,2.037,5.91
198,185,11.156,32.35
198,186,14.193,45.42
198,187,7.536,21.86
198,188,12.153,38.89
198,189,13.315,38.61
198,190,14.953,43.36
198,191,6.672,19.35
198,192,11.902,34.52
198,193,2.407,6.98
198,194,11.719,30.47
198,195,6.008,15.62
198,196,7.33,21.26
198,197,15.611,49.96
198,199,10.896,31.6
198,200,14.609,37.98
199,0,8.624,22.42
199,1,4.1,9.43
199,2,12.549,32.63
199,3,2.33,5.36
199,4,3.041,6.99
199,5,18.069,46.98
199,6,8.415,24.4
199,7,8.503,22.11
199,8,21.641,49.77
199,9,13.531,39.24
199,10,15.87,41.26
199,11,10.72,31.09
199,12,3.451,8.97
199,13,8.612,19.81
199,14,15.053,39.14
199,15,13.852,40.17
199,16,7.951,18.29
199,17,8.946,20.58
199,18,16.797,43.67
199,19,1.264,2.91
199,20,12.682,29.17
199,21,9.109,26.42
199,22,1.344,3.09
199,23,10.416,27.08
199,24,16.617,48.19
199,25,12.137,35.2
199,26,9.435,24.53
199,27,12.93,33.62
199,28,13.38,38.8
199,29,10.218,29.63
199,30,15.283,39.74
199,31,15.456,40.19
199,32,9.676,25.16
199,33,12.377,28.47
199,34,13.279,30.54
199,35,2.719,6.25
199,36,15.86,36.48
199,37,1.15,3.33
199,38,2.322,6.73
199,39,17.877,46.48
199,40,17.067,49.5
199,41,17.422,45.3
199,42,16.152,42.0
199,43,14.506,42.07
199,44,0.739,2.14
199,45,10.272,26.71
199,46,17.666,51.23
199,47,16.121,37.08
199,48,18.581,53.89
199,49,11.981,31.15
199,50,10.353,23.81
199,51,10.962,25.21
199,52,10.5,30.45
199,53,8.452,21.98
199,54,14.772,42.84
199,55,17.268,44.9
199,56,3.02,6.95
199,57,16.955,49.17
199,58,0.765,1.76
199,59,1.846,5.35
199,60,17.759,51.5
199,61,7.813,17.97
199,62,1.088,3.16
199,63,0.284,0.65
199,64,20.584,47.34
199,65,16.661,43.32
199,66,14.472,37.63
199,67,3.095,8.97
199,68,8.969,23.32
199,69,17.125,39.39
199,70,17.077,44.4
199,71,11.395,26.21
199,72,15.447,40.16
199,73,1.192,3.46
199,74,11.207,32.5
199,75,18.122,52.55
199,76,11.289,29.35
199,77,14.696,38.21
199,78,14.02,32.25
199,79,17.534,40.33
199,80,8.06,20.96
199,81,13.167,34.23
199,82,14.579,33.53
199,83,11.619,26.72
199,84,16.339,47.38
199,85,9.82,25.53
199,86,15.739,40.92
199,87,12.115,27.87
199,88,7.687,19.99
199,89,14.151,32.55
199,90,2.291,5.96
199,91,15.757,40.97
199,92,13.361,34.74
199,93,9.536,27.66
199,94,14.676,33.76
199,95,14.152,41.04
199,96,15.538,40.4
199,97,15.358,35.32
199,98,21.191,48.74
199,99,11.124,28.92
199,100,13.603,35.37
199,101,16.072,41.79
199,102,1.365,3.55
199,103,13.617,39.49
199,104,18.666,48.53
199,105,14.863,43.1
199,106,12.459,28.66
199,107,2.187,5.03
199,108,11.978,31.14
199,109,18.698,43.01
199,110,9.814,25.52
199,111,12.5,32.5
199,112,10.449,24.03
199,113,18.183,52.73
199,114,18.772,43.18
199,115,10.521,24.2
199,116,8.677,25.16
199,117,16.424,42.7
199,118,0.667,1.53
199,119,9.063,23.56
199,120,9.374,21.56
199,121,10.563,27.46
199,122,17.239,49.99
199,123,13.028,37.78
199,124,16.775,48.65
199,125,15.86,36.48
199,126,13.919,40.37
199,127,15.768,45.73
199,128,9.462,27.44
199,129,2.19,5.04
199,130,2.788,7.25
199,131,17.751,40.83
199,132,4.14,10.76
199,133,2.038,5.91
199,134,21.835,56.77
199,135,13.282,34.53
199,136,2.638,7.65
199,137,2.334,6.77
199,138,9.413,27.3
199,139,10.984,25.26
199,140,15.85,36.45
199,141,1.34,3.48
199,142,2.047,5.94
199,143,19.176,44.11
199,144,15.006,39.02
199,145,9.888,25.71
199,146,17.917,41.21
199,147,16.595,43.15
199,148,2.742,7.95
199,149,14.319,37.23
199,150,16.721,38.46
199,151,19.667,45.23
199,152,12.795,37.11
199,153,9.812,25.51
199,154,11.518,33.4
199,155,15.267,44.27
199,156,15.478,44.88
199,157,9.227,21.22
199,158,9.342,21.49
199,159,7.104,20.6
199,160,6.959,16.01
199,161,15.784,41.04
199,162,13.382,34.79
199,163,14.046,40.73
199,164,12.633,36.64
199,165,18.663,54.12
199,166,9.957,22.9
199,167,11.272,32.69
199,168,14.514,37.74
199,169,12.738,36.94
199,170,19.345,56.1
199,171,1.53,3.98
199,172,1.208,3.5
199,173,14.269,41.38
199,174,2.519,6.55
199,175,22.857,52.57
199,176,15.213,44.12
199,177,10.698,31.02
199,178,16.199,37.26
199,179,14.624,33.64
199,180,0.626,1.44
199,181,12.355,32.12
199,182,1.133,2.61
199,183,15.344,44.5
199,184,10.549,27.43
199,185,1.644,4.27
199,186,3.518,10.2
199,187,16.37,42.56
199,188,5.111,14.82
199,189,2.678,6.96
199,190,11.708,30.44
199,191,11.056,28.75
199,192,12.146,31.58
199,193,8.998,23.39
199,194,1.027,2.36
199,195,14.322,32.94
199,196,13.145,34.18
199,197,4.907,14.23
199,198,10.896,31.6
199,200,3.788,8.71
200,0,12.299,28.29
200,1,2.195,4.39
200,2,16.236,37.34
200,3,2.509,5.02
200,4,5.788,11.58
200,5,21.857,50.27
200,6,11.324,29.44
200,7,11.749,27.02
200,8,25.366,50.73
200,9,16.585,43.12
200,10,18.737,43.1
200,11,13.872,36.07
200,12,1.606,3.69
200,13,11.797,23.59
200,14,18.748,43.12
200,15,16.327,42.45
200,16,7.265,14.53
200,17,11.756,23.51
200,18,20.539,47.24
200,19,3.918,7.84
200,20,14.141,28.28
200,21,11.838,30.78
200,22,3.368,6.74
200,23,13.156,30.26
200,24,20.164,52.43
200,25,14.325,37.24
200,26,11.106,25.54
200,27,14.48,33.3
200,28,15.464,40.21
200,29,11.603,30.17
200,30,18.938,43.56
200,31,19.243,44.26
200,32,13.124,30.19
200,33,15.902,31.8
200,34,16.248,32.5
200,35,3.799,7.6
200,36,19.556,39.11
200,37,2.651,6.89
200,38,4.319,11.23
200,39,21.664,49.83
200,40,20.663,53.72
200,41,21.115,48.56
200,42,19.891,45.75
200,43,17.593,45.74
200,44,4.451,11.57
200,45,13.715,31.54
200,46,21.385,55.6
200,47,19.833,39.67
200,48,22.259,57.87
200,49,15.634,35.96
200,50,12.449,24.9
200,51,13.328,26.66
200,52,12.185,31.68
200,53,12.046,27.71
200,54,16.858,43.83
200,55,21.023,48.35
200,56,1.588,3.18
200,57,20.608,53.58
200,58,3.171,6.34
200,59,3.901,10.14
200,60,21.469,55.82
200,61,4.038,8.08
200,62,4.423,11.5
200,63,3.766,7.53
200,64,24.332,48.66
200,65,19.269,44.32
200,66,16.109,37.05
200,67,6.882,17.89
200,68,11.46,26.36
200,69,20.801,41.6
200,70,20.676,47.55
200,71,14.82,29.64
200,72,19.061,43.84
200,73,4.724,12.28
200,74,13.508,35.12
200,75,21.817,56.72
200,76,15.059,34.64
200,77,15.998,36.8
200,78,16.792,33.58
200,79,21.302,42.6
200,80,9.721,22.36
200,81,15.471,35.58
200,82,18.318,36.64
200,83,13.991,27.98
200,84,18.101,47.06
200,85,12.383,28.48
200,86,19.527,44.91
200,87,14.92,29.84
200,88,10.864,24.99
200,89,17.721,35.44
200,90,4.058,9.33
200,91,19.478,44.8
200,92,16.523,38.0
200,93,12.11,31.49
200,94,18.464,36.93
200,95,17.893,46.52
200,96,19.324,44.45
200,97,19.077,38.15
200,98,24.935,49.87
200,99,14.82,34.08
200,100,16.916,38.91
200,101,19.861,45.68
200,102,4.19,9.64
200,103,15.955,41.48
200,104,22.319,51.33
200,105,17.181,44.67
200,106,15.995,31.99
200,107,5.967,11.93
200,108,14.114,32.46
200,109,22.399,44.8
200,110,13.16,30.27
200,111,14.394,33.11
200,112,14.101,28.2
200,113,21.897,56.93
200,114,22.445,44.89
200,115,13.851,27.7
200,116,10.96,28.5
200,117,20.167,46.38
200,118,3.171,6.34
200,119,12.127,27.89
200,120,12.05,24.1
200,121,14.143,32.53
200,122,20.976,54.54
200,123,16.793,43.66
200,124,20.372,52.97
200,125,17.515,35.03
200,126,17.534,45.59
200,127,19.417,50.48
200,128,13.023,33.86
200,129,2.423,4.85
200,130,1.041,2.39
200,131,21.42,42.84
200,132,1.237,2.85
200,133,2.105,5.47
200,134,25.588,58.85
200,135,16.991,39.08
200,136,2.024,5.26
200,137,1.783,4.64
200,138,11.721,30.48
200,139,13.024,26.05
200,140,19.638,39.28
200,141,3.261,7.5
200,142,2.104,5.47
200,143,22.825,45.65
200,144,18.793,43.22
200,145,13.003,29.91
200,146,21.692,43.38
200,147,20.338,46.78
200,148,1.71,4.45
200,149,16.95,38.99
200,150,20.411,40.82
200,151,23.398,46.8
200,152,16.168,42.04
200,153,13.242,30.46
200,154,13.2,34.32
200,155,19.055,49.54
200,156,19.167,49.83
200,157,12.041,24.08
200,158,11.81,23.62
200,159,9.48,24.65
200,160,10.186,20.37
200,161,17.546,40.36
200,162,16.229,37.33
200,163,16.309,42.4
200,164,15.15,39.39
200,165,22.429,58.32
200,166,12.549,25.1
200,167,13.502,35.1
200,168,16.352,37.61
200,169,16.526,42.97
200,170,23.123,60.12
200,171,4.29,9.87
200,172,3.433,8.93
200,173,16.743,43.53
200,174,5.669,13.04
200,175,26.606,53.21
200,176,17.233,44.81
200,177,12.594,32.74
200,178,19.943,39.89
200,179,15.824,31.65
200,180,3.577,7.15
200,181,15.128,34.79
200,182,4.422,8.84
200,183,19.066,49.57
200,184,14.094,32.42
200,185,4.345,9.99
200,186,2.317,6.02
200,187,19.574,45.02
200,188,6.957,18.09
200,189,2.517,5.79
200,190,13.511,31.08
200,191,13.854,31.86
200,192,14.922,34.32
200,193,12.593,28.96
200,194,2.891,5.78
200,195,18.069,36.14
200,196,15.965,36.72
200,197,2.668,6.94
200,198,14.609,37.98
200,199,3.788,8.71
